{"name":"Log","hostname":"a275c7126250","pid":1,"level":30,"version":"6.19.4","msg":"Ghost is running in development...","time":"2026-03-03T20:59:42.555Z","v":0}
{"name":"Log","hostname":"a275c7126250","pid":1,"level":30,"version":"6.19.4","msg":"Listening on: :::2368","time":"2026-03-03T20:59:42.556Z","v":0}
{"name":"Log","hostname":"a275c7126250","pid":1,"level":30,"version":"6.19.4","msg":"Url configured as: http://localhost:2368/","time":"2026-03-03T20:59:42.556Z","v":0}
{"name":"Log","hostname":"a275c7126250","pid":1,"level":30,"version":"6.19.4","msg":"Ctrl+C to shut down","time":"2026-03-03T20:59:42.556Z","v":0}
{"name":"Log","hostname":"a275c7126250","pid":1,"level":30,"version":"6.19.4","msg":"Ghost server started in 0.17s","time":"2026-03-03T20:59:42.556Z","v":0}
{"name":"Log","hostname":"a275c7126250","pid":1,"level":50,"version":"6.19.4","err":{"id":500,"domain":"http://localhost:2368","code":"ECONNREFUSED","name":"DatabaseError","statusCode":500,"level":"critical","message":"connect ECONNREFUSED 192.168.147.2:3306","help":"\"Unknown database error\"","stack":"Error: connect ECONNREFUSED 192.168.147.2:3306\n    at /var/lib/ghost/versions/6.19.4/node_modules/knex-migrator/lib/database.js:57:19\n    at TCPConnectWrap.afterConnect [as oncomplete] (node:net:1637:16)","hideStack":false},"msg":"connect ECONNREFUSED 192.168.147.2:3306","time":"2026-03-03T20:59:42.624Z","v":0}
{"name":"Log","hostname":"a275c7126250","pid":1,"level":40,"version":"6.19.4","msg":"Ghost is shutting down","time":"2026-03-03T20:59:42.624Z","v":0}
{"name":"Log","hostname":"a275c7126250","pid":1,"level":40,"version":"6.19.4","msg":"Ghost has shut down","time":"2026-03-03T20:59:42.624Z","v":0}
{"name":"Log","hostname":"a275c7126250","pid":1,"level":40,"version":"6.19.4","msg":"Ghost was running for a few seconds","time":"2026-03-03T20:59:42.625Z","v":0}
{"name":"Log","hostname":"a275c7126250","pid":1,"level":30,"version":"6.19.4","msg":"Ghost is running in development...","time":"2026-03-03T20:59:43.100Z","v":0}
{"name":"Log","hostname":"a275c7126250","pid":1,"level":30,"version":"6.19.4","msg":"Listening on: :::2368","time":"2026-03-03T20:59:43.100Z","v":0}
{"name":"Log","hostname":"a275c7126250","pid":1,"level":30,"version":"6.19.4","msg":"Url configured as: http://localhost:2368/","time":"2026-03-03T20:59:43.100Z","v":0}
{"name":"Log","hostname":"a275c7126250","pid":1,"level":30,"version":"6.19.4","msg":"Ctrl+C to shut down","time":"2026-03-03T20:59:43.101Z","v":0}
{"name":"Log","hostname":"a275c7126250","pid":1,"level":30,"version":"6.19.4","msg":"Ghost server started in 0.154s","time":"2026-03-03T20:59:43.101Z","v":0}
{"name":"Log","hostname":"a275c7126250","pid":1,"level":50,"version":"6.19.4","err":{"id":500,"domain":"http://localhost:2368","code":"ECONNREFUSED","name":"DatabaseError","statusCode":500,"level":"critical","message":"connect ECONNREFUSED 192.168.147.2:3306","help":"\"Unknown database error\"","stack":"Error: connect ECONNREFUSED 192.168.147.2:3306\n    at /var/lib/ghost/versions/6.19.4/node_modules/knex-migrator/lib/database.js:57:19\n    at TCPConnectWrap.afterConnect [as oncomplete] (node:net:1637:16)","hideStack":false},"msg":"connect ECONNREFUSED 192.168.147.2:3306","time":"2026-03-03T20:59:43.151Z","v":0}
{"name":"Log","hostname":"a275c7126250","pid":1,"level":40,"version":"6.19.4","msg":"Ghost is shutting down","time":"2026-03-03T20:59:43.151Z","v":0}
{"name":"Log","hostname":"a275c7126250","pid":1,"level":40,"version":"6.19.4","msg":"Ghost has shut down","time":"2026-03-03T20:59:43.151Z","v":0}
{"name":"Log","hostname":"a275c7126250","pid":1,"level":40,"version":"6.19.4","msg":"Ghost was running for a few seconds","time":"2026-03-03T20:59:43.152Z","v":0}
{"name":"Log","hostname":"a275c7126250","pid":1,"level":30,"version":"6.19.4","msg":"Ghost is running in development...","time":"2026-03-03T20:59:43.684Z","v":0}
{"name":"Log","hostname":"a275c7126250","pid":1,"level":30,"version":"6.19.4","msg":"Listening on: :::2368","time":"2026-03-03T20:59:43.684Z","v":0}
{"name":"Log","hostname":"a275c7126250","pid":1,"level":30,"version":"6.19.4","msg":"Url configured as: http://localhost:2368/","time":"2026-03-03T20:59:43.684Z","v":0}
{"name":"Log","hostname":"a275c7126250","pid":1,"level":30,"version":"6.19.4","msg":"Ctrl+C to shut down","time":"2026-03-03T20:59:43.684Z","v":0}
{"name":"Log","hostname":"a275c7126250","pid":1,"level":30,"version":"6.19.4","msg":"Ghost server started in 0.144s","time":"2026-03-03T20:59:43.684Z","v":0}
{"name":"Log","hostname":"a275c7126250","pid":1,"level":50,"version":"6.19.4","err":{"id":500,"domain":"http://localhost:2368","code":"ECONNREFUSED","name":"DatabaseError","statusCode":500,"level":"critical","message":"connect ECONNREFUSED 192.168.147.2:3306","help":"\"Unknown database error\"","stack":"Error: connect ECONNREFUSED 192.168.147.2:3306\n    at /var/lib/ghost/versions/6.19.4/node_modules/knex-migrator/lib/database.js:57:19\n    at TCPConnectWrap.afterConnect [as oncomplete] (node:net:1637:16)","hideStack":false},"msg":"connect ECONNREFUSED 192.168.147.2:3306","time":"2026-03-03T20:59:43.732Z","v":0}
{"name":"Log","hostname":"a275c7126250","pid":1,"level":40,"version":"6.19.4","msg":"Ghost is shutting down","time":"2026-03-03T20:59:43.732Z","v":0}
{"name":"Log","hostname":"a275c7126250","pid":1,"level":40,"version":"6.19.4","msg":"Ghost has shut down","time":"2026-03-03T20:59:43.732Z","v":0}
{"name":"Log","hostname":"a275c7126250","pid":1,"level":40,"version":"6.19.4","msg":"Ghost was running for a few seconds","time":"2026-03-03T20:59:43.733Z","v":0}
{"name":"Log","hostname":"a275c7126250","pid":1,"level":30,"version":"6.19.4","msg":"Ghost is running in development...","time":"2026-03-03T20:59:44.488Z","v":0}
{"name":"Log","hostname":"a275c7126250","pid":1,"level":30,"version":"6.19.4","msg":"Listening on: :::2368","time":"2026-03-03T20:59:44.488Z","v":0}
{"name":"Log","hostname":"a275c7126250","pid":1,"level":30,"version":"6.19.4","msg":"Url configured as: http://localhost:2368/","time":"2026-03-03T20:59:44.488Z","v":0}
{"name":"Log","hostname":"a275c7126250","pid":1,"level":30,"version":"6.19.4","msg":"Ctrl+C to shut down","time":"2026-03-03T20:59:44.488Z","v":0}
{"name":"Log","hostname":"a275c7126250","pid":1,"level":30,"version":"6.19.4","msg":"Ghost server started in 0.147s","time":"2026-03-03T20:59:44.489Z","v":0}
{"name":"Log","hostname":"a275c7126250","pid":1,"level":50,"version":"6.19.4","err":{"id":500,"domain":"http://localhost:2368","code":"ECONNREFUSED","name":"DatabaseError","statusCode":500,"level":"critical","message":"connect ECONNREFUSED 192.168.147.2:3306","help":"\"Unknown database error\"","stack":"Error: connect ECONNREFUSED 192.168.147.2:3306\n    at /var/lib/ghost/versions/6.19.4/node_modules/knex-migrator/lib/database.js:57:19\n    at TCPConnectWrap.afterConnect [as oncomplete] (node:net:1637:16)","hideStack":false},"msg":"connect ECONNREFUSED 192.168.147.2:3306","time":"2026-03-03T20:59:44.537Z","v":0}
{"name":"Log","hostname":"a275c7126250","pid":1,"level":40,"version":"6.19.4","msg":"Ghost is shutting down","time":"2026-03-03T20:59:44.537Z","v":0}
{"name":"Log","hostname":"a275c7126250","pid":1,"level":40,"version":"6.19.4","msg":"Ghost has shut down","time":"2026-03-03T20:59:44.538Z","v":0}
{"name":"Log","hostname":"a275c7126250","pid":1,"level":40,"version":"6.19.4","msg":"Ghost was running for a few seconds","time":"2026-03-03T20:59:44.538Z","v":0}
{"name":"Log","hostname":"a275c7126250","pid":1,"level":30,"version":"6.19.4","msg":"Ghost is running in development...","time":"2026-03-03T20:59:45.790Z","v":0}
{"name":"Log","hostname":"a275c7126250","pid":1,"level":30,"version":"6.19.4","msg":"Listening on: :::2368","time":"2026-03-03T20:59:45.790Z","v":0}
{"name":"Log","hostname":"a275c7126250","pid":1,"level":30,"version":"6.19.4","msg":"Url configured as: http://localhost:2368/","time":"2026-03-03T20:59:45.791Z","v":0}
{"name":"Log","hostname":"a275c7126250","pid":1,"level":30,"version":"6.19.4","msg":"Ctrl+C to shut down","time":"2026-03-03T20:59:45.791Z","v":0}
{"name":"Log","hostname":"a275c7126250","pid":1,"level":30,"version":"6.19.4","msg":"Ghost server started in 0.169s","time":"2026-03-03T20:59:45.791Z","v":0}
{"name":"Log","hostname":"a275c7126250","pid":1,"level":50,"version":"6.19.4","err":{"id":500,"domain":"http://localhost:2368","code":"ECONNREFUSED","name":"DatabaseError","statusCode":500,"level":"critical","message":"connect ECONNREFUSED 192.168.147.2:3306","help":"\"Unknown database error\"","stack":"Error: connect ECONNREFUSED 192.168.147.2:3306\n    at /var/lib/ghost/versions/6.19.4/node_modules/knex-migrator/lib/database.js:57:19\n    at TCPConnectWrap.afterConnect [as oncomplete] (node:net:1637:16)","hideStack":false},"msg":"connect ECONNREFUSED 192.168.147.2:3306","time":"2026-03-03T20:59:45.845Z","v":0}
{"name":"Log","hostname":"a275c7126250","pid":1,"level":40,"version":"6.19.4","msg":"Ghost is shutting down","time":"2026-03-03T20:59:45.845Z","v":0}
{"name":"Log","hostname":"a275c7126250","pid":1,"level":40,"version":"6.19.4","msg":"Ghost has shut down","time":"2026-03-03T20:59:45.845Z","v":0}
{"name":"Log","hostname":"a275c7126250","pid":1,"level":40,"version":"6.19.4","msg":"Ghost was running for a few seconds","time":"2026-03-03T20:59:45.846Z","v":0}
{"name":"Log","hostname":"a275c7126250","pid":1,"level":30,"version":"6.19.4","msg":"Ghost is running in development...","time":"2026-03-03T20:59:47.878Z","v":0}
{"name":"Log","hostname":"a275c7126250","pid":1,"level":30,"version":"6.19.4","msg":"Listening on: :::2368","time":"2026-03-03T20:59:47.878Z","v":0}
{"name":"Log","hostname":"a275c7126250","pid":1,"level":30,"version":"6.19.4","msg":"Url configured as: http://localhost:2368/","time":"2026-03-03T20:59:47.878Z","v":0}
{"name":"Log","hostname":"a275c7126250","pid":1,"level":30,"version":"6.19.4","msg":"Ctrl+C to shut down","time":"2026-03-03T20:59:47.878Z","v":0}
{"name":"Log","hostname":"a275c7126250","pid":1,"level":30,"version":"6.19.4","msg":"Ghost server started in 0.175s","time":"2026-03-03T20:59:47.878Z","v":0}
{"name":"Log","hostname":"a275c7126250","pid":1,"level":40,"version":"6.19.4","msg":"Database state requires initialisation.","time":"2026-03-03T20:59:47.967Z","v":0}
{"name":"Log","hostname":"a275c7126250","pid":1,"level":30,"version":"6.19.4","msg":"Creating table: newsletters","time":"2026-03-03T20:59:48.128Z","v":0}
{"name":"Log","hostname":"a275c7126250","pid":1,"level":30,"version":"6.19.4","msg":"Creating table: posts","time":"2026-03-03T20:59:48.166Z","v":0}
{"name":"Log","hostname":"a275c7126250","pid":1,"level":30,"version":"6.19.4","msg":"Creating table: posts_meta","time":"2026-03-03T20:59:48.236Z","v":0}
{"name":"Log","hostname":"a275c7126250","pid":1,"level":30,"version":"6.19.4","msg":"Creating table: users","time":"2026-03-03T20:59:48.281Z","v":0}
{"name":"Log","hostname":"a275c7126250","pid":1,"level":30,"version":"6.19.4","msg":"Creating table: posts_authors","time":"2026-03-03T20:59:48.346Z","v":0}
{"name":"Log","hostname":"a275c7126250","pid":1,"level":30,"version":"6.19.4","msg":"Creating table: roles","time":"2026-03-03T20:59:48.472Z","v":0}
{"name":"Log","hostname":"a275c7126250","pid":1,"level":30,"version":"6.19.4","msg":"Creating table: roles_users","time":"2026-03-03T20:59:48.487Z","v":0}
{"name":"Log","hostname":"a275c7126250","pid":1,"level":30,"version":"6.19.4","msg":"Creating table: permissions","time":"2026-03-03T20:59:48.494Z","v":0}
{"name":"Log","hostname":"a275c7126250","pid":1,"level":30,"version":"6.19.4","msg":"Creating table: permissions_users","time":"2026-03-03T20:59:48.506Z","v":0}
{"name":"Log","hostname":"a275c7126250","pid":1,"level":30,"version":"6.19.4","msg":"Creating table: permissions_roles","time":"2026-03-03T20:59:48.513Z","v":0}
{"name":"Log","hostname":"a275c7126250","pid":1,"level":30,"version":"6.19.4","msg":"Creating table: settings","time":"2026-03-03T20:59:48.519Z","v":0}
{"name":"Log","hostname":"a275c7126250","pid":1,"level":30,"version":"6.19.4","msg":"Creating table: tags","time":"2026-03-03T20:59:48.529Z","v":0}
{"name":"Log","hostname":"a275c7126250","pid":1,"level":30,"version":"6.19.4","msg":"Creating table: posts_tags","time":"2026-03-03T20:59:48.540Z","v":0}
{"name":"Log","hostname":"a275c7126250","pid":1,"level":30,"version":"6.19.4","msg":"Creating table: invites","time":"2026-03-03T20:59:48.583Z","v":0}
{"name":"Log","hostname":"a275c7126250","pid":1,"level":30,"version":"6.19.4","msg":"Creating table: brute","time":"2026-03-03T20:59:48.599Z","v":0}
{"name":"Log","hostname":"a275c7126250","pid":1,"level":30,"version":"6.19.4","msg":"Creating table: sessions","time":"2026-03-03T20:59:48.605Z","v":0}
{"name":"Log","hostname":"a275c7126250","pid":1,"level":30,"version":"6.19.4","msg":"Creating table: integrations","time":"2026-03-03T20:59:48.615Z","v":0}
{"name":"Log","hostname":"a275c7126250","pid":1,"level":30,"version":"6.19.4","msg":"Creating table: webhooks","time":"2026-03-03T20:59:48.626Z","v":0}
{"name":"Log","hostname":"a275c7126250","pid":1,"level":30,"version":"6.19.4","msg":"Creating table: api_keys","time":"2026-03-03T20:59:48.648Z","v":0}
{"name":"Log","hostname":"a275c7126250","pid":1,"level":30,"version":"6.19.4","msg":"Creating table: mobiledoc_revisions","time":"2026-03-03T20:59:48.658Z","v":0}
{"name":"Log","hostname":"a275c7126250","pid":1,"level":30,"version":"6.19.4","msg":"Creating table: post_revisions","time":"2026-03-03T20:59:48.667Z","v":0}
{"name":"Log","hostname":"a275c7126250","pid":1,"level":30,"version":"6.19.4","msg":"Creating table: members","time":"2026-03-03T20:59:48.690Z","v":0}
{"name":"Log","hostname":"a275c7126250","pid":1,"level":30,"version":"6.19.4","msg":"Creating table: products","time":"2026-03-03T20:59:48.712Z","v":0}
{"name":"Log","hostname":"a275c7126250","pid":1,"level":30,"version":"6.19.4","msg":"Creating table: offers","time":"2026-03-03T20:59:48.721Z","v":0}
{"name":"Log","hostname":"a275c7126250","pid":1,"level":30,"version":"6.19.4","msg":"Creating table: benefits","time":"2026-03-03T20:59:48.748Z","v":0}
{"name":"Log","hostname":"a275c7126250","pid":1,"level":30,"version":"6.19.4","msg":"Creating table: products_benefits","time":"2026-03-03T20:59:48.755Z","v":0}
{"name":"Log","hostname":"a275c7126250","pid":1,"level":30,"version":"6.19.4","msg":"Creating table: members_products","time":"2026-03-03T20:59:48.776Z","v":0}
{"name":"Log","hostname":"a275c7126250","pid":1,"level":30,"version":"6.19.4","msg":"Creating table: posts_products","time":"2026-03-03T20:59:48.797Z","v":0}
{"name":"Log","hostname":"a275c7126250","pid":1,"level":30,"version":"6.19.4","msg":"Creating table: members_created_events","time":"2026-03-03T20:59:48.825Z","v":0}
{"name":"Log","hostname":"a275c7126250","pid":1,"level":30,"version":"6.19.4","msg":"Creating table: members_cancel_events","time":"2026-03-03T20:59:48.852Z","v":0}
{"name":"Log","hostname":"a275c7126250","pid":1,"level":30,"version":"6.19.4","msg":"Creating table: members_payment_events","time":"2026-03-03T20:59:48.925Z","v":0}
{"name":"Log","hostname":"a275c7126250","pid":1,"level":30,"version":"6.19.4","msg":"Creating table: members_login_events","time":"2026-03-03T20:59:48.986Z","v":0}
{"name":"Log","hostname":"a275c7126250","pid":1,"level":30,"version":"6.19.4","msg":"Creating table: members_email_change_events","time":"2026-03-03T20:59:49.052Z","v":0}
{"name":"Log","hostname":"a275c7126250","pid":1,"level":30,"version":"6.19.4","msg":"Creating table: members_status_events","time":"2026-03-03T20:59:49.076Z","v":0}
{"name":"Log","hostname":"a275c7126250","pid":1,"level":30,"version":"6.19.4","msg":"Creating table: members_product_events","time":"2026-03-03T20:59:49.097Z","v":0}
{"name":"Log","hostname":"a275c7126250","pid":1,"level":30,"version":"6.19.4","msg":"Creating table: members_paid_subscription_events","time":"2026-03-03T20:59:49.129Z","v":0}
{"name":"Log","hostname":"a275c7126250","pid":1,"level":30,"version":"6.19.4","msg":"Creating table: labels","time":"2026-03-03T20:59:49.144Z","v":0}
{"name":"Log","hostname":"a275c7126250","pid":1,"level":30,"version":"6.19.4","msg":"Creating table: members_labels","time":"2026-03-03T20:59:49.157Z","v":0}
{"name":"Log","hostname":"a275c7126250","pid":1,"level":30,"version":"6.19.4","msg":"Creating table: members_stripe_customers","time":"2026-03-03T20:59:49.182Z","v":0}
{"name":"Log","hostname":"a275c7126250","pid":1,"level":30,"version":"6.19.4","msg":"Creating table: subscriptions","time":"2026-03-03T20:59:49.197Z","v":0}
{"name":"Log","hostname":"a275c7126250","pid":1,"level":30,"version":"6.19.4","msg":"Creating table: members_stripe_customers_subscriptions","time":"2026-03-03T20:59:49.232Z","v":0}
{"name":"Log","hostname":"a275c7126250","pid":1,"level":30,"version":"6.19.4","msg":"Creating table: members_subscription_created_events","time":"2026-03-03T20:59:49.420Z","v":0}
{"name":"Log","hostname":"a275c7126250","pid":1,"level":30,"version":"6.19.4","msg":"Creating table: offer_redemptions","time":"2026-03-03T20:59:49.515Z","v":0}
{"name":"Log","hostname":"a275c7126250","pid":1,"level":30,"version":"6.19.4","msg":"Creating table: members_subscribe_events","time":"2026-03-03T20:59:49.575Z","v":0}
{"name":"Log","hostname":"a275c7126250","pid":1,"level":30,"version":"6.19.4","msg":"Creating table: donation_payment_events","time":"2026-03-03T20:59:49.619Z","v":0}
{"name":"Log","hostname":"a275c7126250","pid":1,"level":30,"version":"6.19.4","msg":"Creating table: stripe_products","time":"2026-03-03T20:59:49.642Z","v":0}
{"name":"Log","hostname":"a275c7126250","pid":1,"level":30,"version":"6.19.4","msg":"Creating table: stripe_prices","time":"2026-03-03T20:59:49.663Z","v":0}
{"name":"Log","hostname":"a275c7126250","pid":1,"level":30,"version":"6.19.4","msg":"Creating table: actions","time":"2026-03-03T20:59:49.688Z","v":0}
{"name":"Log","hostname":"a275c7126250","pid":1,"level":30,"version":"6.19.4","msg":"Creating table: emails","time":"2026-03-03T20:59:49.693Z","v":0}
{"name":"Log","hostname":"a275c7126250","pid":1,"level":30,"version":"6.19.4","msg":"Creating table: email_batches","time":"2026-03-03T20:59:49.722Z","v":0}
{"name":"Log","hostname":"a275c7126250","pid":1,"level":30,"version":"6.19.4","msg":"Creating table: email_recipients","time":"2026-03-03T20:59:49.735Z","v":0}
{"name":"Log","hostname":"a275c7126250","pid":1,"level":30,"version":"6.19.4","msg":"Creating table: email_recipient_failures","time":"2026-03-03T20:59:49.774Z","v":0}
{"name":"Log","hostname":"a275c7126250","pid":1,"level":30,"version":"6.19.4","msg":"Creating table: tokens","time":"2026-03-03T20:59:49.797Z","v":0}
{"name":"Log","hostname":"a275c7126250","pid":1,"level":30,"version":"6.19.4","msg":"Creating table: snippets","time":"2026-03-03T20:59:49.810Z","v":0}
{"name":"Log","hostname":"a275c7126250","pid":1,"level":30,"version":"6.19.4","msg":"Creating table: custom_theme_settings","time":"2026-03-03T20:59:49.819Z","v":0}
{"name":"Log","hostname":"a275c7126250","pid":1,"level":30,"version":"6.19.4","msg":"Creating table: members_newsletters","time":"2026-03-03T20:59:49.825Z","v":0}
{"name":"Log","hostname":"a275c7126250","pid":1,"level":30,"version":"6.19.4","msg":"Creating table: comments","time":"2026-03-03T20:59:49.860Z","v":0}
{"name":"Log","hostname":"a275c7126250","pid":1,"level":30,"version":"6.19.4","msg":"Creating table: comment_likes","time":"2026-03-03T20:59:50.027Z","v":0}
{"name":"Log","hostname":"a275c7126250","pid":1,"level":30,"version":"6.19.4","msg":"Creating table: comment_reports","time":"2026-03-03T20:59:50.063Z","v":0}
{"name":"Log","hostname":"a275c7126250","pid":1,"level":30,"version":"6.19.4","msg":"Creating table: jobs","time":"2026-03-03T20:59:50.096Z","v":0}
{"name":"Log","hostname":"a275c7126250","pid":1,"level":30,"version":"6.19.4","msg":"Creating table: redirects","time":"2026-03-03T20:59:50.106Z","v":0}
{"name":"Log","hostname":"a275c7126250","pid":1,"level":30,"version":"6.19.4","msg":"Creating table: members_click_events","time":"2026-03-03T20:59:50.127Z","v":0}
{"name":"Log","hostname":"a275c7126250","pid":1,"level":30,"version":"6.19.4","msg":"Creating table: members_feedback","time":"2026-03-03T20:59:50.155Z","v":0}
{"name":"Log","hostname":"a275c7126250","pid":1,"level":30,"version":"6.19.4","msg":"Creating table: suppressions","time":"2026-03-03T20:59:50.176Z","v":0}
{"name":"Log","hostname":"a275c7126250","pid":1,"level":30,"version":"6.19.4","msg":"Creating table: email_spam_complaint_events","time":"2026-03-03T20:59:50.191Z","v":0}
{"name":"Log","hostname":"a275c7126250","pid":1,"level":30,"version":"6.19.4","msg":"Creating table: mentions","time":"2026-03-03T20:59:50.217Z","v":0}
{"name":"Log","hostname":"a275c7126250","pid":1,"level":30,"version":"6.19.4","msg":"Creating table: milestones","time":"2026-03-03T20:59:50.222Z","v":0}
{"name":"Log","hostname":"a275c7126250","pid":1,"level":30,"version":"6.19.4","msg":"Creating table: collections","time":"2026-03-03T20:59:50.226Z","v":0}
{"name":"Log","hostname":"a275c7126250","pid":1,"level":30,"version":"6.19.4","msg":"Creating table: collections_posts","time":"2026-03-03T20:59:50.232Z","v":0}
{"name":"Log","hostname":"a275c7126250","pid":1,"level":30,"version":"6.19.4","msg":"Creating table: recommendations","time":"2026-03-03T20:59:50.269Z","v":0}
{"name":"Log","hostname":"a275c7126250","pid":1,"level":30,"version":"6.19.4","msg":"Creating table: recommendation_click_events","time":"2026-03-03T20:59:50.296Z","v":0}
{"name":"Log","hostname":"a275c7126250","pid":1,"level":30,"version":"6.19.4","msg":"Creating table: recommendation_subscribe_events","time":"2026-03-03T20:59:50.422Z","v":0}
{"name":"Log","hostname":"a275c7126250","pid":1,"level":30,"version":"6.19.4","msg":"Creating table: outbox","time":"2026-03-03T20:59:50.487Z","v":0}
{"name":"Log","hostname":"a275c7126250","pid":1,"level":30,"version":"6.19.4","msg":"Creating table: automated_emails","time":"2026-03-03T20:59:50.498Z","v":0}
{"name":"Log","hostname":"a275c7126250","pid":1,"level":30,"version":"6.19.4","msg":"Creating table: automated_email_recipients","time":"2026-03-03T20:59:50.525Z","v":0}
{"name":"Log","hostname":"a275c7126250","pid":1,"level":30,"version":"6.19.4","msg":"Model: Collection","time":"2026-03-03T20:59:50.738Z","v":0}
{"name":"Log","hostname":"a275c7126250","pid":1,"level":30,"version":"6.19.4","msg":"Model: Product","time":"2026-03-03T20:59:50.741Z","v":0}
{"name":"Log","hostname":"a275c7126250","pid":1,"level":30,"version":"6.19.4","msg":"Model: Newsletter","time":"2026-03-03T20:59:50.745Z","v":0}
{"name":"Log","hostname":"a275c7126250","pid":1,"level":30,"version":"6.19.4","msg":"Model: Tag","time":"2026-03-03T20:59:50.748Z","v":0}
{"name":"Log","hostname":"a275c7126250","pid":1,"level":30,"version":"6.19.4","msg":"Model: Permission","time":"2026-03-03T20:59:50.751Z","v":0}
{"name":"Log","hostname":"a275c7126250","pid":1,"level":30,"version":"6.19.4","msg":"Model: Post","time":"2026-03-03T20:59:50.891Z","v":0}
{"name":"Log","hostname":"a275c7126250","pid":1,"level":30,"version":"6.19.4","msg":"Model: Integration","time":"2026-03-03T20:59:51.013Z","v":0}
{"name":"Log","hostname":"a275c7126250","pid":1,"level":30,"version":"6.19.4","msg":"Relation: Role to Permission","time":"2026-03-03T20:59:51.051Z","v":0}
{"name":"Log","hostname":"a275c7126250","pid":1,"level":30,"version":"6.19.4","msg":"Relation: Post to Tag","time":"2026-03-03T20:59:51.203Z","v":0}
{"name":"Log","hostname":"a275c7126250","pid":1,"level":30,"version":"6.19.4","msg":"Database is in a ready state.","time":"2026-03-03T20:59:51.236Z","v":0}
{"name":"Log","hostname":"a275c7126250","pid":1,"level":30,"version":"6.19.4","msg":"Ghost database ready in 3.535s","time":"2026-03-03T20:59:51.238Z","v":0}
{"name":"Log","hostname":"a275c7126250","pid":1,"level":30,"version":"6.19.4","msg":"Configured site_uuid was not found or invalid. Setting site_uuid to a new value: 0e055b99-d0e6-4daa-b5cf-8a50a68ed5fb","time":"2026-03-03T20:59:51.452Z","v":0}
{"name":"Log","hostname":"a275c7126250","pid":1,"level":30,"version":"6.19.4","msg":"Invalidating assets for regeneration","time":"2026-03-03T20:59:51.684Z","v":0}
{"name":"Log","hostname":"a275c7126250","pid":1,"level":30,"version":"6.19.4","msg":"[EmailAnalytics] Initialized with SEQUENTIAL processing mode","time":"2026-03-03T20:59:51.955Z","v":0}
{"name":"Log","hostname":"a275c7126250","pid":1,"level":40,"version":"6.19.4","msg":"Explore URL not set","time":"2026-03-03T20:59:52.005Z","v":0}
{"name":"Log","hostname":"a275c7126250","pid":1,"level":30,"version":"6.19.4","msg":"Adding one-off job to inlineQueue with current length = 0 called 'members-migrations'","time":"2026-03-03T20:59:52.034Z","v":0}
{"name":"Log","hostname":"a275c7126250","pid":1,"level":30,"version":"6.19.4","msg":"Stripe not configured - skipping migrations","time":"2026-03-03T20:59:52.038Z","v":0}
{"name":"Log","hostname":"a275c7126250","pid":1,"level":30,"version":"6.19.4","msg":"URL Service ready in 926ms","time":"2026-03-03T20:59:52.461Z","v":0}
{"name":"Log","hostname":"a275c7126250","pid":1,"level":30,"version":"6.19.4","msg":"Adding offloaded job to the inline job queue","time":"2026-03-03T20:59:52.541Z","v":0}
{"name":"Log","hostname":"a275c7126250","pid":1,"level":30,"version":"6.19.4","msg":"Scheduling job clean-expired-comped at 22 56 4 * * *. Next run on: Wed Mar 04 2026 04:56:22 GMT+0000 (Coordinated Universal Time)","time":"2026-03-03T20:59:52.561Z","v":0}
{"name":"Log","hostname":"a275c7126250","pid":1,"level":30,"version":"6.19.4","msg":"Adding offloaded job to the inline job queue","time":"2026-03-03T20:59:52.572Z","v":0}
{"name":"Log","hostname":"a275c7126250","pid":1,"level":30,"version":"6.19.4","msg":"Scheduling job clean-tokens at 59 29 3 * * *. Next run on: Wed Mar 04 2026 03:29:59 GMT+0000 (Coordinated Universal Time)","time":"2026-03-03T20:59:52.575Z","v":0}
{"name":"Log","hostname":"a275c7126250","pid":1,"level":30,"version":"6.19.4","msg":"Ghost booted in 4.877s","time":"2026-03-03T20:59:52.580Z","v":0}
{"name":"Log","hostname":"a275c7126250","pid":1,"level":30,"version":"6.19.4","msg":"Adding offloaded job to the inline job queue","time":"2026-03-03T20:59:52.585Z","v":0}
{"name":"Log","hostname":"a275c7126250","pid":1,"level":30,"version":"6.19.4","msg":"Scheduling job update-check at 55 59 10 * * *. Next run on: Wed Mar 04 2026 10:59:55 GMT+0000 (Coordinated Universal Time)","time":"2026-03-03T20:59:52.587Z","v":0}
{"name":"Log","hostname":"a275c7126250","pid":1,"level":30,"version":"6.19.4","msg":"Adding offloaded job to the inline job queue","time":"2026-03-03T20:59:52.596Z","v":0}
{"name":"Log","hostname":"a275c7126250","pid":1,"level":30,"version":"6.19.4","msg":"Scheduling job process-outbox at 35 0/5 * * * *. Next run on: Tue Mar 03 2026 21:00:35 GMT+0000 (Coordinated Universal Time)","time":"2026-03-03T20:59:52.598Z","v":0}
{"name":"Log","hostname":"a275c7126250","pid":1,"level":30,"version":"6.19.4","msg":"Running milestone emails job on Tue Mar 03 2026 20:59:57 GMT+0000 (Coordinated Universal Time)","time":"2026-03-03T20:59:52.601Z","v":0}
{"name":"Log","hostname":"a275c7126250","pid":1,"level":30,"version":"6.19.4","req":{"meta":{"requestId":"1cb89134-ee75-4f68-a397-7203a0d15ed3","userId":null},"url":"/.ghost/activitypub/v1/site/","method":"GET","originalUrl":"/.ghost/activitypub/v1/site/","params":{},"headers":{"authorization":"**REDACTED**","accept":"*/*","user-agent":"node-fetch/1.0 (+https://github.com/bitinn/node-fetch)","accept-encoding":"gzip,deflate","host":"localhost:2368","connection":"keep-alive"},"query":{}},"res":{"_headers":{"x-powered-by":"Express","cache-control":"no-cache, private, no-store, must-revalidate, max-stale=0, post-check=0, pre-check=0","content-type":"text/html; charset=utf-8","etag":"W/\"481-fmTWE9pgzpG1aw4ibRG858leQeQ\"","vary":"Accept-Encoding","content-encoding":"gzip"},"statusCode":404,"responseTime":"57ms"},"msg":"","time":"2026-03-03T20:59:52.664Z","v":0}
{"name":"Log","hostname":"a275c7126250","pid":1,"level":50,"version":"6.19.4","msg":"Could not get webhook secret for ActivityPub FetchError: invalid json response body at http://localhost:2368/.ghost/activitypub/v1/site/ reason: Unexpected token '<', \"<!DOCTYPE \"... is not valid JSON","time":"2026-03-03T20:59:52.666Z","v":0}
{"name":"Log","hostname":"a275c7126250","pid":1,"level":50,"version":"6.19.4","msg":"No webhook secret found - cannot initialise","time":"2026-03-03T20:59:52.666Z","v":0}
{"name":"Log","hostname":"a275c7126250","pid":1,"level":30,"version":"6.19.4","req":{"meta":{"requestId":"87a73abd-16c0-4984-a920-22b21dbae0f2","userId":null},"url":"/favicon.ico","method":"GET","originalUrl":"/favicon.ico","params":{"0":"ico"},"headers":{"accept":"*/*","user-agent":"Mozilla/5.0 Safari/537.36","host":"localhost:2368","connection":"keep-alive"},"query":{}},"res":{"_headers":{"x-powered-by":"Express","content-type":"image/x-icon","content-length":15406,"etag":"\"a9c6dbdcdc3ae568f4e0dad92149a0e3\"","cache-control":"public, max-age=86400","vary":"Accept-Encoding"},"statusCode":200,"responseTime":"9ms"},"msg":"","time":"2026-03-03T20:59:53.320Z","v":0}
{"name":"Log","hostname":"a275c7126250","pid":1,"level":30,"version":"6.19.4","req":{"meta":{"requestId":"d28ca70d-93ea-4062-86e0-743f0175b2c0","userId":null},"url":"/","method":"GET","originalUrl":"/","params":{},"headers":{"host":"localhost:2368","connection":"keep-alive","upgrade-insecure-requests":"1","user-agent":"Mozilla/5.0 (Macintosh; Intel Mac OS X 10_15_7) AppleWebKit/537.36 (KHTML, like Gecko) Code/1.109.5 Chrome/142.0.7444.265 Electron/39.3.0 Safari/537.36","accept":"text/html,application/xhtml+xml,application/xml;q=0.9,image/avif,image/webp,image/apng,*/*;q=0.8,application/signed-exchange;v=b3;q=0.7","sec-fetch-site":"none","sec-fetch-mode":"navigate","sec-fetch-user":"?1","sec-fetch-dest":"document","accept-encoding":"gzip, deflate, br, zstd","accept-language":"en-US"},"query":{}},"res":{"_headers":{"x-powered-by":"Express","cache-control":"public, max-age=0","content-type":"text/html; charset=utf-8","etag":"W/\"43a2-Mc1YNPkTbZO5oEQE1Vdg+q2akqE\"","vary":"Accept-Encoding","content-encoding":"br"},"statusCode":200,"responseTime":"178ms"},"msg":"","time":"2026-03-03T20:59:53.420Z","v":0}
{"name":"Log","hostname":"a275c7126250","pid":1,"level":30,"version":"6.19.4","req":{"meta":{"requestId":"a28a75e1-e379-45f0-b59d-3da91603bfb5","userId":null},"url":"/assets/built/screen.css?v=f6325171dd","method":"GET","originalUrl":"/assets/built/screen.css?v=f6325171dd","params":{},"headers":{"host":"localhost:2368","connection":"keep-alive","sec-ch-ua-platform":"\"macOS\"","user-agent":"Mozilla/5.0 (Macintosh; Intel Mac OS X 10_15_7) AppleWebKit/537.36 (KHTML, like Gecko) Code/1.109.5 Chrome/142.0.7444.265 Electron/39.3.0 Safari/537.36","sec-ch-ua":"\"Not_A Brand\";v=\"99\", \"Chromium\";v=\"142\"","sec-ch-ua-mobile":"?0","accept":"text/css,*/*;q=0.1","sec-fetch-site":"same-origin","sec-fetch-mode":"no-cors","sec-fetch-dest":"style","referer":"http://localhost:2368/","accept-encoding":"gzip, deflate, br, zstd","accept-language":"en-US"},"query":{"v":"f6325171dd"}},"res":{"_headers":{"x-powered-by":"Express","accept-ranges":"bytes","cache-control":"public, max-age=0","last-modified":"Sat, 26 Oct 1985 08:15:00 GMT","etag":"W/\"d1bb-7438674ba0\"","content-type":"text/css; charset=UTF-8","vary":"Accept-Encoding","content-encoding":"br"},"statusCode":200,"responseTime":"9ms"},"msg":"","time":"2026-03-03T20:59:53.443Z","v":0}
{"name":"Log","hostname":"a275c7126250","pid":1,"level":30,"version":"6.19.4","req":{"meta":{"requestId":"3deaa2dd-daf8-4515-950b-345bf0789436","userId":null},"url":"/assets/fonts/inter-roman.woff2?v=f6325171dd","method":"GET","originalUrl":"/assets/fonts/inter-roman.woff2?v=f6325171dd","params":{},"headers":{"host":"localhost:2368","connection":"keep-alive","origin":"http://localhost:2368","sec-ch-ua-platform":"\"macOS\"","user-agent":"Mozilla/5.0 (Macintosh; Intel Mac OS X 10_15_7) AppleWebKit/537.36 (KHTML, like Gecko) Code/1.109.5 Chrome/142.0.7444.265 Electron/39.3.0 Safari/537.36","sec-ch-ua":"\"Not_A Brand\";v=\"99\", \"Chromium\";v=\"142\"","sec-ch-ua-mobile":"?0","accept":"*/*","sec-fetch-site":"same-origin","sec-fetch-mode":"cors","sec-fetch-dest":"font","referer":"http://localhost:2368/","accept-encoding":"gzip, deflate, br, zstd","accept-language":"en-US"},"query":{"v":"f6325171dd"}},"res":{"_headers":{"x-powered-by":"Express","access-control-allow-origin":"http://localhost:2368","vary":"Origin","access-control-allow-credentials":"true","accept-ranges":"bytes","cache-control":"public, max-age=0","last-modified":"Sat, 26 Oct 1985 08:15:00 GMT","etag":"W/\"9394-7438674ba0\"","content-type":"font/woff2","content-length":37780},"statusCode":200,"responseTime":"6ms"},"msg":"","time":"2026-03-03T20:59:53.445Z","v":0}
{"name":"Log","hostname":"a275c7126250","pid":1,"level":30,"version":"6.19.4","req":{"meta":{"requestId":"0c6910b9-c058-4803-ba1f-edf78fa8cc8e","userId":null},"url":"/assets/built/source.js?v=f6325171dd","method":"GET","originalUrl":"/assets/built/source.js?v=f6325171dd","params":{},"headers":{"host":"localhost:2368","connection":"keep-alive","sec-ch-ua-platform":"\"macOS\"","user-agent":"Mozilla/5.0 (Macintosh; Intel Mac OS X 10_15_7) AppleWebKit/537.36 (KHTML, like Gecko) Code/1.109.5 Chrome/142.0.7444.265 Electron/39.3.0 Safari/537.36","sec-ch-ua":"\"Not_A Brand\";v=\"99\", \"Chromium\";v=\"142\"","sec-ch-ua-mobile":"?0","accept":"*/*","sec-fetch-site":"same-origin","sec-fetch-mode":"no-cors","sec-fetch-dest":"script","referer":"http://localhost:2368/","accept-encoding":"gzip, deflate, br, zstd","accept-language":"en-US"},"query":{"v":"f6325171dd"}},"res":{"_headers":{"x-powered-by":"Express","accept-ranges":"bytes","cache-control":"public, max-age=0","last-modified":"Sat, 26 Oct 1985 08:15:00 GMT","etag":"W/\"cde1-7438674ba0\"","content-type":"application/javascript; charset=UTF-8","vary":"Accept-Encoding","content-encoding":"br"},"statusCode":200,"responseTime":"9ms"},"msg":"","time":"2026-03-03T20:59:53.447Z","v":0}
{"name":"Log","hostname":"a275c7126250","pid":1,"level":30,"version":"6.19.4","req":{"meta":{"requestId":"573b44ce-30fa-4490-9ee7-e328ce90ec0b","userId":null},"url":"/public/member-attribution.min.js?v=f6325171dd","method":"GET","originalUrl":"/public/member-attribution.min.js?v=f6325171dd","params":{},"headers":{"host":"localhost:2368","connection":"keep-alive","sec-ch-ua-platform":"\"macOS\"","user-agent":"Mozilla/5.0 (Macintosh; Intel Mac OS X 10_15_7) AppleWebKit/537.36 (KHTML, like Gecko) Code/1.109.5 Chrome/142.0.7444.265 Electron/39.3.0 Safari/537.36","sec-ch-ua":"\"Not_A Brand\";v=\"99\", \"Chromium\";v=\"142\"","sec-ch-ua-mobile":"?0","accept":"*/*","sec-fetch-site":"same-origin","sec-fetch-mode":"no-cors","sec-fetch-dest":"script","referer":"http://localhost:2368/","accept-encoding":"gzip, deflate, br, zstd","accept-language":"en-US"},"query":{"v":"f6325171dd"}},"res":{"_headers":{"x-powered-by":"Express","content-type":"application/javascript","etag":"\"76d7f9c7c5c4b0f99bca6af29aaaa4df\"","cache-control":"public, max-age=31536000","vary":"Accept-Encoding","content-encoding":"br"},"statusCode":200,"responseTime":"2ms"},"msg":"","time":"2026-03-03T20:59:53.557Z","v":0}
{"name":"Log","hostname":"a275c7126250","pid":1,"level":30,"version":"6.19.4","req":{"meta":{"requestId":"a8117be9-4e29-4913-90f5-4b950e1b7e6d","userId":null},"url":"/public/cards.min.js?v=f6325171dd","method":"GET","originalUrl":"/public/cards.min.js?v=f6325171dd","params":{},"headers":{"host":"localhost:2368","connection":"keep-alive","sec-ch-ua-platform":"\"macOS\"","user-agent":"Mozilla/5.0 (Macintosh; Intel Mac OS X 10_15_7) AppleWebKit/537.36 (KHTML, like Gecko) Code/1.109.5 Chrome/142.0.7444.265 Electron/39.3.0 Safari/537.36","sec-ch-ua":"\"Not_A Brand\";v=\"99\", \"Chromium\";v=\"142\"","sec-ch-ua-mobile":"?0","accept":"*/*","sec-fetch-site":"same-origin","sec-fetch-mode":"no-cors","sec-fetch-dest":"script","referer":"http://localhost:2368/","accept-encoding":"gzip, deflate, br, zstd","accept-language":"en-US"},"query":{"v":"f6325171dd"}},"res":{"_headers":{"x-powered-by":"Express","content-type":"application/javascript","etag":"\"91fcf6fd1c2761b582cda90883e5ff94\"","cache-control":"public, max-age=31536000","vary":"Accept-Encoding","content-encoding":"br"},"statusCode":200,"responseTime":"89ms"},"msg":"","time":"2026-03-03T20:59:53.642Z","v":0}
{"name":"Log","hostname":"a275c7126250","pid":1,"level":30,"version":"6.19.4","req":{"meta":{"requestId":"8362bf4c-f3df-46ca-b53f-df67fda5c516","userId":null},"url":"/public/cards.min.css?v=f6325171dd","method":"GET","originalUrl":"/public/cards.min.css?v=f6325171dd","params":{},"headers":{"host":"localhost:2368","connection":"keep-alive","sec-ch-ua-platform":"\"macOS\"","user-agent":"Mozilla/5.0 (Macintosh; Intel Mac OS X 10_15_7) AppleWebKit/537.36 (KHTML, like Gecko) Code/1.109.5 Chrome/142.0.7444.265 Electron/39.3.0 Safari/537.36","sec-ch-ua":"\"Not_A Brand\";v=\"99\", \"Chromium\";v=\"142\"","sec-ch-ua-mobile":"?0","accept":"text/css,*/*;q=0.1","sec-fetch-site":"same-origin","sec-fetch-mode":"no-cors","sec-fetch-dest":"style","referer":"http://localhost:2368/","accept-encoding":"gzip, deflate, br, zstd","accept-language":"en-US"},"query":{"v":"f6325171dd"}},"res":{"_headers":{"x-powered-by":"Express","content-type":"text/css","etag":"\"781668c539d7a83eb1aa862009ffeb96\"","cache-control":"public, max-age=31536000","vary":"Accept-Encoding","content-encoding":"br"},"statusCode":200,"responseTime":"205ms"},"msg":"","time":"2026-03-03T20:59:53.643Z","v":0}
{"name":"Log","hostname":"a275c7126250","pid":1,"level":30,"version":"6.19.4","req":{"meta":{"requestId":"d2ff9283-d1d6-4aeb-a620-5c73ebc1e7d7","userId":null},"url":"/api/member/","method":"GET","originalUrl":"/members/api/member/","params":{},"headers":{"host":"localhost:2368","connection":"keep-alive","sec-ch-ua-platform":"\"macOS\"","user-agent":"Mozilla/5.0 (Macintosh; Intel Mac OS X 10_15_7) AppleWebKit/537.36 (KHTML, like Gecko) Code/1.109.5 Chrome/142.0.7444.265 Electron/39.3.0 Safari/537.36","sec-ch-ua":"\"Not_A Brand\";v=\"99\", \"Chromium\";v=\"142\"","sec-ch-ua-mobile":"?0","accept":"*/*","sec-fetch-site":"same-origin","sec-fetch-mode":"cors","sec-fetch-dest":"empty","referer":"http://localhost:2368/","accept-encoding":"gzip, deflate, br, zstd","accept-language":"en-US"},"query":{}},"res":{"_headers":{"x-powered-by":"Express","cache-control":"no-cache, private, no-store, must-revalidate, max-stale=0, post-check=0, pre-check=0","access-control-allow-origin":"*"},"statusCode":204,"responseTime":"9ms"},"msg":"","time":"2026-03-03T20:59:53.871Z","v":0}
{"name":"Log","hostname":"a275c7126250","pid":1,"level":30,"version":"6.19.4","req":{"meta":{"requestId":"9606013d-1dd5-46ed-8ab1-fed480baf97a","userId":null},"url":"/tiers/?limit=100&include=monthly_price%2Cyearly_price%2Cbenefits&key=9b6b47e860c80342be94a5ae88","method":"GET","originalUrl":"/ghost/api/content/tiers/?limit=100&include=monthly_price%2Cyearly_price%2Cbenefits&key=9b6b47e860c80342be94a5ae88","params":{},"headers":{"host":"localhost:2368","connection":"keep-alive","sec-ch-ua-platform":"\"macOS\"","user-agent":"Mozilla/5.0 (Macintosh; Intel Mac OS X 10_15_7) AppleWebKit/537.36 (KHTML, like Gecko) Code/1.109.5 Chrome/142.0.7444.265 Electron/39.3.0 Safari/537.36","sec-ch-ua":"\"Not_A Brand\";v=\"99\", \"Chromium\";v=\"142\"","content-type":"application/json","sec-ch-ua-mobile":"?0","accept":"*/*","sec-fetch-site":"same-origin","sec-fetch-mode":"cors","sec-fetch-dest":"empty","referer":"http://localhost:2368/","accept-encoding":"gzip, deflate, br, zstd","accept-language":"en-US"},"query":{"limit":"100","include":"monthly_price,yearly_price,benefits","key":"**REDACTED**"}},"res":{"_headers":{"x-powered-by":"Express","content-version":"v6.19","vary":"Accept-Version, Accept-Encoding","cache-control":"public, max-age=0","access-control-allow-origin":"*","content-type":"application/json; charset=utf-8","content-length":"705","etag":"W/\"2c1-/wgddSQC1XRCti2GdZxIBL1lAiw\""},"statusCode":200,"responseTime":"11ms"},"msg":"","time":"2026-03-03T20:59:54.760Z","v":0}
{"name":"Log","hostname":"a275c7126250","pid":1,"level":30,"version":"6.19.4","req":{"meta":{"requestId":"0a64cb5b-2668-41b7-9455-cb54a53a1005","userId":null},"url":"/settings/?key=9b6b47e860c80342be94a5ae88","method":"GET","originalUrl":"/ghost/api/content/settings/?key=9b6b47e860c80342be94a5ae88","params":{},"headers":{"host":"localhost:2368","connection":"keep-alive","sec-ch-ua-platform":"\"macOS\"","user-agent":"Mozilla/5.0 (Macintosh; Intel Mac OS X 10_15_7) AppleWebKit/537.36 (KHTML, like Gecko) Code/1.109.5 Chrome/142.0.7444.265 Electron/39.3.0 Safari/537.36","sec-ch-ua":"\"Not_A Brand\";v=\"99\", \"Chromium\";v=\"142\"","content-type":"application/json","sec-ch-ua-mobile":"?0","accept":"*/*","sec-fetch-site":"same-origin","sec-fetch-mode":"cors","sec-fetch-dest":"empty","referer":"http://localhost:2368/","accept-encoding":"gzip, deflate, br, zstd","accept-language":"en-US"},"query":{"key":"**REDACTED**"}},"res":{"_headers":{"x-powered-by":"Express","content-version":"v6.19","vary":"Accept-Version, Accept-Encoding","cache-control":"public, max-age=0","access-control-allow-origin":"*","content-type":"application/json; charset=utf-8","etag":"W/\"748-Ho7oRY/+ec1AAD2XOWhVx38jdP4\"","content-encoding":"br"},"statusCode":200,"responseTime":"61ms"},"msg":"","time":"2026-03-03T20:59:54.762Z","v":0}
{"name":"Log","hostname":"a275c7126250","pid":1,"level":30,"version":"6.19.4","req":{"meta":{"requestId":"d0f88183-dff5-4854-ad0a-079de67dca66","userId":null},"url":"/newsletters/?limit=100&key=9b6b47e860c80342be94a5ae88","method":"GET","originalUrl":"/ghost/api/content/newsletters/?limit=100&key=9b6b47e860c80342be94a5ae88","params":{},"headers":{"host":"localhost:2368","connection":"keep-alive","sec-ch-ua-platform":"\"macOS\"","user-agent":"Mozilla/5.0 (Macintosh; Intel Mac OS X 10_15_7) AppleWebKit/537.36 (KHTML, like Gecko) Code/1.109.5 Chrome/142.0.7444.265 Electron/39.3.0 Safari/537.36","sec-ch-ua":"\"Not_A Brand\";v=\"99\", \"Chromium\";v=\"142\"","content-type":"application/json","sec-ch-ua-mobile":"?0","accept":"*/*","sec-fetch-site":"same-origin","sec-fetch-mode":"cors","sec-fetch-dest":"empty","referer":"http://localhost:2368/","accept-encoding":"gzip, deflate, br, zstd","accept-language":"en-US"},"query":{"limit":"100","key":"**REDACTED**"}},"res":{"_headers":{"x-powered-by":"Express","content-version":"v6.19","vary":"Accept-Version, Accept-Encoding","cache-control":"public, max-age=0","access-control-allow-origin":"*","content-type":"application/json; charset=utf-8","content-length":"426","etag":"W/\"1aa-ERuAortoSkFnUv2lljrh0p6U/PE\""},"statusCode":200,"responseTime":"16ms"},"msg":"","time":"2026-03-03T20:59:54.765Z","v":0}
{"name":"Log","hostname":"a275c7126250","pid":1,"level":30,"version":"6.19.4","req":{"meta":{"requestId":"6b0ee2fa-ce8f-4a77-8c7c-3a17eb75040e","userId":null},"url":"/favicon.ico","method":"GET","originalUrl":"/favicon.ico","params":{"0":"ico"},"headers":{"host":"localhost:2368","connection":"keep-alive","sec-fetch-site":"none","sec-fetch-mode":"no-cors","sec-fetch-dest":"empty","user-agent":"Mozilla/5.0 (Macintosh; Intel Mac OS X 10_15_7) AppleWebKit/537.36 (KHTML, like Gecko) Code/1.109.5 Chrome/142.0.7444.265 Electron/39.3.0 Safari/537.36","accept-encoding":"gzip, deflate, br, zstd","accept-language":"en-US"},"query":{}},"res":{"_headers":{"x-powered-by":"Express","content-type":"image/x-icon","etag":"\"a9c6dbdcdc3ae568f4e0dad92149a0e3\"","cache-control":"public, max-age=86400","vary":"Accept-Encoding","content-encoding":"br"},"statusCode":200,"responseTime":"66ms"},"msg":"","time":"2026-03-03T20:59:54.765Z","v":0}
{"name":"Log","hostname":"a275c7126250","pid":1,"level":30,"version":"6.19.4","req":{"meta":{"requestId":"66fbd51a-f802-43bb-973c-65e70fcf4f8e","userId":null},"url":"/","method":"GET","originalUrl":"/","params":{},"headers":{"host":"localhost:2368","connection":"keep-alive","upgrade-insecure-requests":"1","user-agent":"Mozilla/5.0 (Macintosh; Intel Mac OS X 10_15_7) AppleWebKit/537.36 (KHTML, like Gecko) Code/1.109.5 Chrome/142.0.7444.265 Electron/39.3.0 Safari/537.36","accept":"text/html,application/xhtml+xml,application/xml;q=0.9,image/avif,image/webp,image/apng,*/*;q=0.8,application/signed-exchange;v=b3;q=0.7","sec-fetch-site":"same-origin","sec-fetch-mode":"navigate","sec-fetch-user":"?1","sec-fetch-dest":"document","referer":"http://localhost:2368/","accept-encoding":"gzip, deflate, br, zstd","accept-language":"en-US","if-none-match":"W/\"43a2-Mc1YNPkTbZO5oEQE1Vdg+q2akqE\""},"query":{}},"res":{"_headers":{"x-powered-by":"Express","cache-control":"public, max-age=0","etag":"W/\"43a2-Mc1YNPkTbZO5oEQE1Vdg+q2akqE\""},"statusCode":304,"responseTime":"79ms"},"msg":"","time":"2026-03-03T21:00:10.921Z","v":0}
{"name":"Log","hostname":"a275c7126250","pid":1,"level":30,"version":"6.19.4","req":{"meta":{"requestId":"7d1b5b47-d6eb-4afc-8c5a-9578a155b626","userId":null},"url":"/assets/built/screen.css?v=f6325171dd","method":"GET","originalUrl":"/assets/built/screen.css?v=f6325171dd","params":{},"headers":{"host":"localhost:2368","connection":"keep-alive","sec-ch-ua-platform":"\"macOS\"","if-none-match":"W/\"d1bb-7438674ba0\"","user-agent":"Mozilla/5.0 (Macintosh; Intel Mac OS X 10_15_7) AppleWebKit/537.36 (KHTML, like Gecko) Code/1.109.5 Chrome/142.0.7444.265 Electron/39.3.0 Safari/537.36","sec-ch-ua":"\"Not_A Brand\";v=\"99\", \"Chromium\";v=\"142\"","if-modified-since":"Sat, 26 Oct 1985 08:15:00 GMT","sec-ch-ua-mobile":"?0","accept":"text/css,*/*;q=0.1","sec-fetch-site":"same-origin","sec-fetch-mode":"no-cors","sec-fetch-dest":"style","referer":"http://localhost:2368/","accept-encoding":"gzip, deflate, br, zstd","accept-language":"en-US"},"query":{"v":"f6325171dd"}},"res":{"_headers":{"x-powered-by":"Express","accept-ranges":"bytes","cache-control":"public, max-age=0","last-modified":"Sat, 26 Oct 1985 08:15:00 GMT","etag":"W/\"d1bb-7438674ba0\""},"statusCode":304,"responseTime":"2ms"},"msg":"","time":"2026-03-03T21:00:10.934Z","v":0}
{"name":"Log","hostname":"a275c7126250","pid":1,"level":30,"version":"6.19.4","req":{"meta":{"requestId":"aba6091b-6904-4121-8c45-3fc6ba57aadc","userId":null},"url":"/assets/built/source.js?v=f6325171dd","method":"GET","originalUrl":"/assets/built/source.js?v=f6325171dd","params":{},"headers":{"host":"localhost:2368","connection":"keep-alive","sec-ch-ua-platform":"\"macOS\"","if-none-match":"W/\"cde1-7438674ba0\"","user-agent":"Mozilla/5.0 (Macintosh; Intel Mac OS X 10_15_7) AppleWebKit/537.36 (KHTML, like Gecko) Code/1.109.5 Chrome/142.0.7444.265 Electron/39.3.0 Safari/537.36","sec-ch-ua":"\"Not_A Brand\";v=\"99\", \"Chromium\";v=\"142\"","if-modified-since":"Sat, 26 Oct 1985 08:15:00 GMT","sec-ch-ua-mobile":"?0","accept":"*/*","sec-fetch-site":"same-origin","sec-fetch-mode":"no-cors","sec-fetch-dest":"script","referer":"http://localhost:2368/","accept-encoding":"gzip, deflate, br, zstd","accept-language":"en-US"},"query":{"v":"f6325171dd"}},"res":{"_headers":{"x-powered-by":"Express","accept-ranges":"bytes","cache-control":"public, max-age=0","last-modified":"Sat, 26 Oct 1985 08:15:00 GMT","etag":"W/\"cde1-7438674ba0\""},"statusCode":304,"responseTime":"3ms"},"msg":"","time":"2026-03-03T21:00:10.936Z","v":0}
{"name":"Log","hostname":"a275c7126250","pid":1,"level":30,"version":"6.19.4","req":{"meta":{"requestId":"d554ceb0-969b-4de4-b360-828db1820ee6","userId":null},"url":"/assets/fonts/inter-roman.woff2?v=f6325171dd","method":"GET","originalUrl":"/assets/fonts/inter-roman.woff2?v=f6325171dd","params":{},"headers":{"host":"localhost:2368","connection":"keep-alive","origin":"http://localhost:2368","sec-ch-ua-platform":"\"macOS\"","if-none-match":"W/\"9394-7438674ba0\"","user-agent":"Mozilla/5.0 (Macintosh; Intel Mac OS X 10_15_7) AppleWebKit/537.36 (KHTML, like Gecko) Code/1.109.5 Chrome/142.0.7444.265 Electron/39.3.0 Safari/537.36","sec-ch-ua":"\"Not_A Brand\";v=\"99\", \"Chromium\";v=\"142\"","if-modified-since":"Sat, 26 Oct 1985 08:15:00 GMT","sec-ch-ua-mobile":"?0","accept":"*/*","sec-fetch-site":"same-origin","sec-fetch-mode":"cors","sec-fetch-dest":"font","referer":"http://localhost:2368/","accept-encoding":"gzip, deflate, br, zstd","accept-language":"en-US"},"query":{"v":"f6325171dd"}},"res":{"_headers":{"x-powered-by":"Express","access-control-allow-origin":"http://localhost:2368","vary":"Origin","access-control-allow-credentials":"true","accept-ranges":"bytes","cache-control":"public, max-age=0","last-modified":"Sat, 26 Oct 1985 08:15:00 GMT","etag":"W/\"9394-7438674ba0\""},"statusCode":304,"responseTime":"2ms"},"msg":"","time":"2026-03-03T21:00:10.938Z","v":0}
{"name":"Log","hostname":"a275c7126250","pid":1,"level":30,"version":"6.19.4","req":{"meta":{"requestId":"1a5c14f1-1f65-4a16-8e12-f458ebbea62b","userId":null},"url":"/api/member/","method":"GET","originalUrl":"/members/api/member/","params":{},"headers":{"host":"localhost:2368","connection":"keep-alive","sec-ch-ua-platform":"\"macOS\"","user-agent":"Mozilla/5.0 (Macintosh; Intel Mac OS X 10_15_7) AppleWebKit/537.36 (KHTML, like Gecko) Code/1.109.5 Chrome/142.0.7444.265 Electron/39.3.0 Safari/537.36","sec-ch-ua":"\"Not_A Brand\";v=\"99\", \"Chromium\";v=\"142\"","sec-ch-ua-mobile":"?0","accept":"*/*","sec-fetch-site":"same-origin","sec-fetch-mode":"cors","sec-fetch-dest":"empty","referer":"http://localhost:2368/","accept-encoding":"gzip, deflate, br, zstd","accept-language":"en-US"},"query":{}},"res":{"_headers":{"x-powered-by":"Express","cache-control":"no-cache, private, no-store, must-revalidate, max-stale=0, post-check=0, pre-check=0","access-control-allow-origin":"*"},"statusCode":204,"responseTime":"1ms"},"msg":"","time":"2026-03-03T21:00:10.972Z","v":0}
{"name":"Log","hostname":"a275c7126250","pid":1,"level":30,"version":"6.19.4","req":{"meta":{"requestId":"2da75274-81eb-4145-b1ef-d5ab0e6b8004","userId":null},"url":"/tiers/?limit=100&include=monthly_price%2Cyearly_price%2Cbenefits&key=9b6b47e860c80342be94a5ae88","method":"GET","originalUrl":"/ghost/api/content/tiers/?limit=100&include=monthly_price%2Cyearly_price%2Cbenefits&key=9b6b47e860c80342be94a5ae88","params":{},"headers":{"host":"localhost:2368","connection":"keep-alive","sec-ch-ua-platform":"\"macOS\"","user-agent":"Mozilla/5.0 (Macintosh; Intel Mac OS X 10_15_7) AppleWebKit/537.36 (KHTML, like Gecko) Code/1.109.5 Chrome/142.0.7444.265 Electron/39.3.0 Safari/537.36","sec-ch-ua":"\"Not_A Brand\";v=\"99\", \"Chromium\";v=\"142\"","content-type":"application/json","sec-ch-ua-mobile":"?0","accept":"*/*","sec-fetch-site":"same-origin","sec-fetch-mode":"cors","sec-fetch-dest":"empty","referer":"http://localhost:2368/","accept-encoding":"gzip, deflate, br, zstd","accept-language":"en-US","if-none-match":"W/\"2c1-/wgddSQC1XRCti2GdZxIBL1lAiw\""},"query":{"limit":"100","include":"monthly_price,yearly_price,benefits","key":"**REDACTED**"}},"res":{"_headers":{"x-powered-by":"Express","content-version":"v6.19","vary":"Accept-Version","cache-control":"public, max-age=0","access-control-allow-origin":"*","etag":"W/\"2c1-/wgddSQC1XRCti2GdZxIBL1lAiw\""},"statusCode":304,"responseTime":"7ms"},"msg":"","time":"2026-03-03T21:00:10.990Z","v":0}
{"name":"Log","hostname":"a275c7126250","pid":1,"level":30,"version":"6.19.4","req":{"meta":{"requestId":"9ab1c8d5-717c-436c-a6ff-7a84c1f1ca14","userId":null},"url":"/settings/?key=9b6b47e860c80342be94a5ae88","method":"GET","originalUrl":"/ghost/api/content/settings/?key=9b6b47e860c80342be94a5ae88","params":{},"headers":{"host":"localhost:2368","connection":"keep-alive","sec-ch-ua-platform":"\"macOS\"","user-agent":"Mozilla/5.0 (Macintosh; Intel Mac OS X 10_15_7) AppleWebKit/537.36 (KHTML, like Gecko) Code/1.109.5 Chrome/142.0.7444.265 Electron/39.3.0 Safari/537.36","sec-ch-ua":"\"Not_A Brand\";v=\"99\", \"Chromium\";v=\"142\"","content-type":"application/json","sec-ch-ua-mobile":"?0","accept":"*/*","sec-fetch-site":"same-origin","sec-fetch-mode":"cors","sec-fetch-dest":"empty","referer":"http://localhost:2368/","accept-encoding":"gzip, deflate, br, zstd","accept-language":"en-US","if-none-match":"W/\"748-Ho7oRY/+ec1AAD2XOWhVx38jdP4\""},"query":{"key":"**REDACTED**"}},"res":{"_headers":{"x-powered-by":"Express","content-version":"v6.19","vary":"Accept-Version","cache-control":"public, max-age=0","access-control-allow-origin":"*","etag":"W/\"748-Ho7oRY/+ec1AAD2XOWhVx38jdP4\""},"statusCode":304,"responseTime":"7ms"},"msg":"","time":"2026-03-03T21:00:10.992Z","v":0}
{"name":"Log","hostname":"a275c7126250","pid":1,"level":30,"version":"6.19.4","req":{"meta":{"requestId":"200527a3-318a-4ba9-802f-c483fd3da6fb","userId":null},"url":"/newsletters/?limit=100&key=9b6b47e860c80342be94a5ae88","method":"GET","originalUrl":"/ghost/api/content/newsletters/?limit=100&key=9b6b47e860c80342be94a5ae88","params":{},"headers":{"host":"localhost:2368","connection":"keep-alive","sec-ch-ua-platform":"\"macOS\"","user-agent":"Mozilla/5.0 (Macintosh; Intel Mac OS X 10_15_7) AppleWebKit/537.36 (KHTML, like Gecko) Code/1.109.5 Chrome/142.0.7444.265 Electron/39.3.0 Safari/537.36","sec-ch-ua":"\"Not_A Brand\";v=\"99\", \"Chromium\";v=\"142\"","content-type":"application/json","sec-ch-ua-mobile":"?0","accept":"*/*","sec-fetch-site":"same-origin","sec-fetch-mode":"cors","sec-fetch-dest":"empty","referer":"http://localhost:2368/","accept-encoding":"gzip, deflate, br, zstd","accept-language":"en-US","if-none-match":"W/\"1aa-ERuAortoSkFnUv2lljrh0p6U/PE\""},"query":{"limit":"100","key":"**REDACTED**"}},"res":{"_headers":{"x-powered-by":"Express","content-version":"v6.19","vary":"Accept-Version","cache-control":"public, max-age=0","access-control-allow-origin":"*","etag":"W/\"1aa-ERuAortoSkFnUv2lljrh0p6U/PE\""},"statusCode":304,"responseTime":"11ms"},"msg":"","time":"2026-03-03T21:00:10.994Z","v":0}
{"name":"Log","hostname":"a275c7126250","pid":1,"level":30,"version":"6.19.4","req":{"meta":{"requestId":"717a600f-1bc4-4926-9670-cf1696e49cd1","userId":null},"url":"/about/","method":"GET","originalUrl":"/about/","params":{"slug":"about"},"headers":{"host":"localhost:2368","connection":"keep-alive","upgrade-insecure-requests":"1","user-agent":"Mozilla/5.0 (Macintosh; Intel Mac OS X 10_15_7) AppleWebKit/537.36 (KHTML, like Gecko) Code/1.109.5 Chrome/142.0.7444.265 Electron/39.3.0 Safari/537.36","accept":"text/html,application/xhtml+xml,application/xml;q=0.9,image/avif,image/webp,image/apng,*/*;q=0.8,application/signed-exchange;v=b3;q=0.7","sec-fetch-site":"same-origin","sec-fetch-mode":"navigate","sec-fetch-user":"?1","sec-fetch-dest":"document","referer":"http://localhost:2368/","accept-encoding":"gzip, deflate, br, zstd","accept-language":"en-US"},"query":{}},"res":{"_headers":{"x-powered-by":"Express","cache-control":"public, max-age=0","content-type":"text/html; charset=utf-8","etag":"W/\"4241-RWTvEV+UamXtIUM/x3YEkh3gs8o\"","vary":"Accept-Encoding","content-encoding":"br"},"statusCode":200,"responseTime":"63ms"},"msg":"","time":"2026-03-03T21:00:14.483Z","v":0}
{"name":"Log","hostname":"a275c7126250","pid":1,"level":30,"version":"6.19.4","req":{"meta":{"requestId":"ee7d28ef-6a8a-4407-b7c1-fa1733426621","userId":null},"url":"/assets/built/screen.css?v=f6325171dd","method":"GET","originalUrl":"/assets/built/screen.css?v=f6325171dd","params":{},"headers":{"host":"localhost:2368","connection":"keep-alive","sec-ch-ua-platform":"\"macOS\"","if-none-match":"W/\"d1bb-7438674ba0\"","user-agent":"Mozilla/5.0 (Macintosh; Intel Mac OS X 10_15_7) AppleWebKit/537.36 (KHTML, like Gecko) Code/1.109.5 Chrome/142.0.7444.265 Electron/39.3.0 Safari/537.36","sec-ch-ua":"\"Not_A Brand\";v=\"99\", \"Chromium\";v=\"142\"","if-modified-since":"Sat, 26 Oct 1985 08:15:00 GMT","sec-ch-ua-mobile":"?0","accept":"text/css,*/*;q=0.1","sec-fetch-site":"same-origin","sec-fetch-mode":"no-cors","sec-fetch-dest":"style","referer":"http://localhost:2368/about/","accept-encoding":"gzip, deflate, br, zstd","accept-language":"en-US"},"query":{"v":"f6325171dd"}},"res":{"_headers":{"x-powered-by":"Express","accept-ranges":"bytes","cache-control":"public, max-age=0","last-modified":"Sat, 26 Oct 1985 08:15:00 GMT","etag":"W/\"d1bb-7438674ba0\""},"statusCode":304,"responseTime":"2ms"},"msg":"","time":"2026-03-03T21:00:14.493Z","v":0}
{"name":"Log","hostname":"a275c7126250","pid":1,"level":30,"version":"6.19.4","req":{"meta":{"requestId":"bb7fbd6e-bd67-4c32-a83c-89b937238a58","userId":null},"url":"/assets/built/source.js?v=f6325171dd","method":"GET","originalUrl":"/assets/built/source.js?v=f6325171dd","params":{},"headers":{"host":"localhost:2368","connection":"keep-alive","sec-ch-ua-platform":"\"macOS\"","if-none-match":"W/\"cde1-7438674ba0\"","user-agent":"Mozilla/5.0 (Macintosh; Intel Mac OS X 10_15_7) AppleWebKit/537.36 (KHTML, like Gecko) Code/1.109.5 Chrome/142.0.7444.265 Electron/39.3.0 Safari/537.36","sec-ch-ua":"\"Not_A Brand\";v=\"99\", \"Chromium\";v=\"142\"","if-modified-since":"Sat, 26 Oct 1985 08:15:00 GMT","sec-ch-ua-mobile":"?0","accept":"*/*","sec-fetch-site":"same-origin","sec-fetch-mode":"no-cors","sec-fetch-dest":"script","referer":"http://localhost:2368/about/","accept-encoding":"gzip, deflate, br, zstd","accept-language":"en-US"},"query":{"v":"f6325171dd"}},"res":{"_headers":{"x-powered-by":"Express","accept-ranges":"bytes","cache-control":"public, max-age=0","last-modified":"Sat, 26 Oct 1985 08:15:00 GMT","etag":"W/\"cde1-7438674ba0\""},"statusCode":304,"responseTime":"1ms"},"msg":"","time":"2026-03-03T21:00:14.493Z","v":0}
{"name":"Log","hostname":"a275c7126250","pid":1,"level":30,"version":"6.19.4","req":{"meta":{"requestId":"35ca8200-5ab9-44ab-babe-6bff082fa2cf","userId":null},"url":"/assets/fonts/inter-roman.woff2?v=f6325171dd","method":"GET","originalUrl":"/assets/fonts/inter-roman.woff2?v=f6325171dd","params":{},"headers":{"host":"localhost:2368","connection":"keep-alive","origin":"http://localhost:2368","sec-ch-ua-platform":"\"macOS\"","if-none-match":"W/\"9394-7438674ba0\"","user-agent":"Mozilla/5.0 (Macintosh; Intel Mac OS X 10_15_7) AppleWebKit/537.36 (KHTML, like Gecko) Code/1.109.5 Chrome/142.0.7444.265 Electron/39.3.0 Safari/537.36","sec-ch-ua":"\"Not_A Brand\";v=\"99\", \"Chromium\";v=\"142\"","if-modified-since":"Sat, 26 Oct 1985 08:15:00 GMT","sec-ch-ua-mobile":"?0","accept":"*/*","sec-fetch-site":"same-origin","sec-fetch-mode":"cors","sec-fetch-dest":"font","referer":"http://localhost:2368/about/","accept-encoding":"gzip, deflate, br, zstd","accept-language":"en-US"},"query":{"v":"f6325171dd"}},"res":{"_headers":{"x-powered-by":"Express","access-control-allow-origin":"http://localhost:2368","vary":"Origin","access-control-allow-credentials":"true","accept-ranges":"bytes","cache-control":"public, max-age=0","last-modified":"Sat, 26 Oct 1985 08:15:00 GMT","etag":"W/\"9394-7438674ba0\""},"statusCode":304,"responseTime":"2ms"},"msg":"","time":"2026-03-03T21:00:14.494Z","v":0}
{"name":"Log","hostname":"a275c7126250","pid":1,"level":30,"version":"6.19.4","req":{"meta":{"requestId":"a44de886-faf8-49ab-b0e7-0c2e2d779087","userId":null},"url":"/api/member/","method":"GET","originalUrl":"/members/api/member/","params":{},"headers":{"host":"localhost:2368","connection":"keep-alive","sec-ch-ua-platform":"\"macOS\"","user-agent":"Mozilla/5.0 (Macintosh; Intel Mac OS X 10_15_7) AppleWebKit/537.36 (KHTML, like Gecko) Code/1.109.5 Chrome/142.0.7444.265 Electron/39.3.0 Safari/537.36","sec-ch-ua":"\"Not_A Brand\";v=\"99\", \"Chromium\";v=\"142\"","sec-ch-ua-mobile":"?0","accept":"*/*","sec-fetch-site":"same-origin","sec-fetch-mode":"cors","sec-fetch-dest":"empty","referer":"http://localhost:2368/about/","accept-encoding":"gzip, deflate, br, zstd","accept-language":"en-US"},"query":{}},"res":{"_headers":{"x-powered-by":"Express","cache-control":"no-cache, private, no-store, must-revalidate, max-stale=0, post-check=0, pre-check=0","access-control-allow-origin":"*"},"statusCode":204,"responseTime":"1ms"},"msg":"","time":"2026-03-03T21:00:14.544Z","v":0}
{"name":"Log","hostname":"a275c7126250","pid":1,"level":30,"version":"6.19.4","req":{"meta":{"requestId":"1f532970-0881-4482-9c42-c8367ebc55a1","userId":null},"url":"/settings/?key=9b6b47e860c80342be94a5ae88","method":"GET","originalUrl":"/ghost/api/content/settings/?key=9b6b47e860c80342be94a5ae88","params":{},"headers":{"host":"localhost:2368","connection":"keep-alive","sec-ch-ua-platform":"\"macOS\"","user-agent":"Mozilla/5.0 (Macintosh; Intel Mac OS X 10_15_7) AppleWebKit/537.36 (KHTML, like Gecko) Code/1.109.5 Chrome/142.0.7444.265 Electron/39.3.0 Safari/537.36","sec-ch-ua":"\"Not_A Brand\";v=\"99\", \"Chromium\";v=\"142\"","content-type":"application/json","sec-ch-ua-mobile":"?0","accept":"*/*","sec-fetch-site":"same-origin","sec-fetch-mode":"cors","sec-fetch-dest":"empty","referer":"http://localhost:2368/about/","accept-encoding":"gzip, deflate, br, zstd","accept-language":"en-US","if-none-match":"W/\"748-Ho7oRY/+ec1AAD2XOWhVx38jdP4\""},"query":{"key":"**REDACTED**"}},"res":{"_headers":{"x-powered-by":"Express","content-version":"v6.19","vary":"Accept-Version","cache-control":"public, max-age=0","access-control-allow-origin":"*","etag":"W/\"748-Ho7oRY/+ec1AAD2XOWhVx38jdP4\""},"statusCode":304,"responseTime":"10ms"},"msg":"","time":"2026-03-03T21:00:14.558Z","v":0}
{"name":"Log","hostname":"a275c7126250","pid":1,"level":30,"version":"6.19.4","req":{"meta":{"requestId":"6e93bb02-17cb-4944-8266-abcb5188fcff","userId":null},"url":"/tiers/?limit=100&include=monthly_price%2Cyearly_price%2Cbenefits&key=9b6b47e860c80342be94a5ae88","method":"GET","originalUrl":"/ghost/api/content/tiers/?limit=100&include=monthly_price%2Cyearly_price%2Cbenefits&key=9b6b47e860c80342be94a5ae88","params":{},"headers":{"host":"localhost:2368","connection":"keep-alive","sec-ch-ua-platform":"\"macOS\"","user-agent":"Mozilla/5.0 (Macintosh; Intel Mac OS X 10_15_7) AppleWebKit/537.36 (KHTML, like Gecko) Code/1.109.5 Chrome/142.0.7444.265 Electron/39.3.0 Safari/537.36","sec-ch-ua":"\"Not_A Brand\";v=\"99\", \"Chromium\";v=\"142\"","content-type":"application/json","sec-ch-ua-mobile":"?0","accept":"*/*","sec-fetch-site":"same-origin","sec-fetch-mode":"cors","sec-fetch-dest":"empty","referer":"http://localhost:2368/about/","accept-encoding":"gzip, deflate, br, zstd","accept-language":"en-US","if-none-match":"W/\"2c1-/wgddSQC1XRCti2GdZxIBL1lAiw\""},"query":{"limit":"100","include":"monthly_price,yearly_price,benefits","key":"**REDACTED**"}},"res":{"_headers":{"x-powered-by":"Express","content-version":"v6.19","vary":"Accept-Version","cache-control":"public, max-age=0","access-control-allow-origin":"*","etag":"W/\"2c1-/wgddSQC1XRCti2GdZxIBL1lAiw\""},"statusCode":304,"responseTime":"12ms"},"msg":"","time":"2026-03-03T21:00:14.559Z","v":0}
{"name":"Log","hostname":"a275c7126250","pid":1,"level":30,"version":"6.19.4","req":{"meta":{"requestId":"1f539845-6544-46f2-b7d0-3539fd2050e9","userId":null},"url":"/newsletters/?limit=100&key=9b6b47e860c80342be94a5ae88","method":"GET","originalUrl":"/ghost/api/content/newsletters/?limit=100&key=9b6b47e860c80342be94a5ae88","params":{},"headers":{"host":"localhost:2368","connection":"keep-alive","sec-ch-ua-platform":"\"macOS\"","user-agent":"Mozilla/5.0 (Macintosh; Intel Mac OS X 10_15_7) AppleWebKit/537.36 (KHTML, like Gecko) Code/1.109.5 Chrome/142.0.7444.265 Electron/39.3.0 Safari/537.36","sec-ch-ua":"\"Not_A Brand\";v=\"99\", \"Chromium\";v=\"142\"","content-type":"application/json","sec-ch-ua-mobile":"?0","accept":"*/*","sec-fetch-site":"same-origin","sec-fetch-mode":"cors","sec-fetch-dest":"empty","referer":"http://localhost:2368/about/","accept-encoding":"gzip, deflate, br, zstd","accept-language":"en-US","if-none-match":"W/\"1aa-ERuAortoSkFnUv2lljrh0p6U/PE\""},"query":{"limit":"100","key":"**REDACTED**"}},"res":{"_headers":{"x-powered-by":"Express","content-version":"v6.19","vary":"Accept-Version","cache-control":"public, max-age=0","access-control-allow-origin":"*","etag":"W/\"1aa-ERuAortoSkFnUv2lljrh0p6U/PE\""},"statusCode":304,"responseTime":"15ms"},"msg":"","time":"2026-03-03T21:00:14.564Z","v":0}
{"name":"Log","hostname":"a275c7126250","pid":1,"level":30,"version":"6.19.4","worker":{"resourceLimits":{"maxYoungGenerationSizeMb":48,"maxOldGenerationSizeMb":2048,"codeRangeSizeMb":0,"stackSizeMb":4},"threadId":1},"msg":"Worker for job \"process-outbox\" online","time":"2026-03-03T21:00:35.655Z","v":0}
{"name":"Log","hostname":"a275c7126250","pid":1,"level":30,"version":"6.19.4","msg":"Worker for job process-outbox sent a message: done","time":"2026-03-03T21:00:35.659Z","v":0}
{"name":"Log","hostname":"a275c7126250","pid":1,"level":30,"version":"6.19.4","msg":"[OUTBOX] No pending outbox entries to process","time":"2026-03-03T21:00:35.670Z","v":0}
{"name":"Log","hostname":"a275c7126250","pid":1,"level":30,"version":"6.19.4","req":{"meta":{"requestId":"9a452b64-99c5-4c30-b7da-d612e7c084cb","userId":null},"url":"/admin/","method":"GET","originalUrl":"/admin/","params":{},"headers":{"host":"localhost:2368","connection":"keep-alive","upgrade-insecure-requests":"1","user-agent":"Mozilla/5.0 (Macintosh; Intel Mac OS X 10_15_7) AppleWebKit/537.36 (KHTML, like Gecko) Code/1.109.5 Chrome/142.0.7444.265 Electron/39.3.0 Safari/537.36","accept":"text/html,application/xhtml+xml,application/xml;q=0.9,image/avif,image/webp,image/apng,*/*;q=0.8,application/signed-exchange;v=b3;q=0.7","sec-fetch-site":"none","sec-fetch-mode":"navigate","sec-fetch-user":"?1","sec-fetch-dest":"document","accept-encoding":"gzip, deflate, br, zstd","accept-language":"en-US"},"query":{}},"res":{"_headers":{"x-powered-by":"Express","cache-control":"no-cache, max-age=0, no-store, must-revalidate, max-stale=0, post-check=0, pre-check=0","content-type":"text/html; charset=utf-8","etag":"W/\"481-fmTWE9pgzpG1aw4ibRG858leQeQ\"","vary":"Accept-Encoding","content-encoding":"br"},"statusCode":404,"responseTime":"24ms"},"msg":"","time":"2026-03-03T21:01:57.476Z","v":0}
{"name":"Log","hostname":"a275c7126250","pid":1,"level":30,"version":"6.19.4","req":{"meta":{"requestId":"ad4a94c1-0d58-413d-b59b-9fa0037606bc","userId":null},"url":"/public/ghost.css?v=f6325171dd","method":"GET","originalUrl":"/public/ghost.css?v=f6325171dd","params":{},"headers":{"host":"localhost:2368","connection":"keep-alive","sec-ch-ua-platform":"\"macOS\"","user-agent":"Mozilla/5.0 (Macintosh; Intel Mac OS X 10_15_7) AppleWebKit/537.36 (KHTML, like Gecko) Code/1.109.5 Chrome/142.0.7444.265 Electron/39.3.0 Safari/537.36","sec-ch-ua":"\"Not_A Brand\";v=\"99\", \"Chromium\";v=\"142\"","sec-ch-ua-mobile":"?0","accept":"text/css,*/*;q=0.1","sec-fetch-site":"same-origin","sec-fetch-mode":"no-cors","sec-fetch-dest":"style","referer":"http://localhost:2368/admin/","accept-encoding":"gzip, deflate, br, zstd","accept-language":"en-US"},"query":{"v":"f6325171dd"}},"res":{"_headers":{"x-powered-by":"Express","content-type":"text/css","etag":"\"f9de99b6f3cf2ae9f254fa1376842105\"","cache-control":"public, max-age=31536000","vary":"Accept-Encoding","content-encoding":"br"},"statusCode":200,"responseTime":"4ms"},"msg":"","time":"2026-03-03T21:01:57.485Z","v":0}
{"name":"Log","hostname":"a275c7126250","pid":1,"level":30,"version":"6.19.4","req":{"meta":{"requestId":"34f722e4-669f-4f61-ab43-fbee012bb9c8","userId":null},"url":"/admin","method":"GET","originalUrl":"/admin","params":{},"headers":{"host":"localhost:2368","connection":"keep-alive","upgrade-insecure-requests":"1","user-agent":"Mozilla/5.0 (Macintosh; Intel Mac OS X 10_15_7) AppleWebKit/537.36 (KHTML, like Gecko) Code/1.109.5 Chrome/142.0.7444.265 Electron/39.3.0 Safari/537.36","accept":"text/html,application/xhtml+xml,application/xml;q=0.9,image/avif,image/webp,image/apng,*/*;q=0.8,application/signed-exchange;v=b3;q=0.7","sec-fetch-site":"none","sec-fetch-mode":"navigate","sec-fetch-user":"?1","sec-fetch-dest":"document","accept-encoding":"gzip, deflate, br, zstd","accept-language":"en-US"},"query":{}},"res":{"_headers":{"x-powered-by":"Express","cache-control":"public, max-age=31536000","location":"/admin/"},"statusCode":301,"responseTime":"3ms"},"msg":"","time":"2026-03-03T21:02:01.240Z","v":0}
{"name":"Log","hostname":"a275c7126250","pid":1,"level":30,"version":"6.19.4","req":{"meta":{"requestId":"fe68019b-d9b5-46ae-ace7-120dd328a37d","userId":null},"url":"/admin/","method":"GET","originalUrl":"/admin/","params":{},"headers":{"host":"localhost:2368","connection":"keep-alive","upgrade-insecure-requests":"1","user-agent":"Mozilla/5.0 (Macintosh; Intel Mac OS X 10_15_7) AppleWebKit/537.36 (KHTML, like Gecko) Code/1.109.5 Chrome/142.0.7444.265 Electron/39.3.0 Safari/537.36","accept":"text/html,application/xhtml+xml,application/xml;q=0.9,image/avif,image/webp,image/apng,*/*;q=0.8,application/signed-exchange;v=b3;q=0.7","sec-fetch-site":"none","sec-fetch-mode":"navigate","sec-fetch-user":"?1","sec-fetch-dest":"document","accept-encoding":"gzip, deflate, br, zstd","accept-language":"en-US"},"query":{}},"res":{"_headers":{"x-powered-by":"Express","cache-control":"no-cache, max-age=0, no-store, must-revalidate, max-stale=0, post-check=0, pre-check=0","content-type":"text/html; charset=utf-8","etag":"W/\"481-fmTWE9pgzpG1aw4ibRG858leQeQ\"","vary":"Accept-Encoding","content-encoding":"br"},"statusCode":404,"responseTime":"30ms"},"msg":"","time":"2026-03-03T21:02:01.273Z","v":0}
{"name":"Log","hostname":"a275c7126250","pid":1,"level":30,"version":"6.19.4","req":{"meta":{"requestId":"7f365816-5e55-482a-959c-57e23d896b63","userId":null},"url":"/","method":"GET","originalUrl":"/ghost","params":{},"headers":{"host":"localhost:2368","connection":"keep-alive","upgrade-insecure-requests":"1","user-agent":"Mozilla/5.0 (Macintosh; Intel Mac OS X 10_15_7) AppleWebKit/537.36 (KHTML, like Gecko) Code/1.109.5 Chrome/142.0.7444.265 Electron/39.3.0 Safari/537.36","accept":"text/html,application/xhtml+xml,application/xml;q=0.9,image/avif,image/webp,image/apng,*/*;q=0.8,application/signed-exchange;v=b3;q=0.7","sec-fetch-site":"none","sec-fetch-mode":"navigate","sec-fetch-user":"?1","sec-fetch-dest":"document","accept-encoding":"gzip, deflate, br, zstd","accept-language":"en-US"},"query":{}},"res":{"_headers":{"x-powered-by":"Express","cache-control":"public, max-age=31536000","location":"/ghost/"},"statusCode":301,"responseTime":"2ms"},"msg":"","time":"2026-03-03T21:02:10.084Z","v":0}
{"name":"Log","hostname":"a275c7126250","pid":1,"level":30,"version":"6.19.4","req":{"meta":{"requestId":"2896db01-f189-4f66-81bd-e3c119f46e51","userId":null},"url":"/","method":"GET","originalUrl":"/ghost/","params":{"0":"/"},"headers":{"host":"localhost:2368","connection":"keep-alive","upgrade-insecure-requests":"1","user-agent":"Mozilla/5.0 (Macintosh; Intel Mac OS X 10_15_7) AppleWebKit/537.36 (KHTML, like Gecko) Code/1.109.5 Chrome/142.0.7444.265 Electron/39.3.0 Safari/537.36","accept":"text/html,application/xhtml+xml,application/xml;q=0.9,image/avif,image/webp,image/apng,*/*;q=0.8,application/signed-exchange;v=b3;q=0.7","sec-fetch-site":"none","sec-fetch-mode":"navigate","sec-fetch-user":"?1","sec-fetch-dest":"document","accept-encoding":"gzip, deflate, br, zstd","accept-language":"en-US"},"query":{}},"res":{"_headers":{"x-powered-by":"Express","cache-control":"no-cache, private, no-store, must-revalidate, max-stale=0, post-check=0, pre-check=0","etag":"8e9d9fadc35918224689d66236587833","x-frame-options":"sameorigin","accept-ranges":"bytes","content-type":"text/html; charset=UTF-8","vary":"Accept-Encoding","content-encoding":"br"},"statusCode":200,"responseTime":"39ms"},"msg":"","time":"2026-03-03T21:02:10.125Z","v":0}
{"name":"Log","hostname":"a275c7126250","pid":1,"level":30,"version":"6.19.4","req":{"meta":{"requestId":"466c4cd6-f1df-4dca-980d-d7f737cbdf04","userId":null},"url":"/vendor-0ede59da8efb5e28fa929557f7ff7154.css","method":"GET","originalUrl":"/ghost/assets/vendor-0ede59da8efb5e28fa929557f7ff7154.css","params":{},"headers":{"host":"localhost:2368","connection":"keep-alive","sec-ch-ua-platform":"\"macOS\"","user-agent":"Mozilla/5.0 (Macintosh; Intel Mac OS X 10_15_7) AppleWebKit/537.36 (KHTML, like Gecko) Code/1.109.5 Chrome/142.0.7444.265 Electron/39.3.0 Safari/537.36","sec-ch-ua":"\"Not_A Brand\";v=\"99\", \"Chromium\";v=\"142\"","sec-ch-ua-mobile":"?0","accept":"text/css,*/*;q=0.1","sec-fetch-site":"same-origin","sec-fetch-mode":"no-cors","sec-fetch-dest":"style","referer":"http://localhost:2368/ghost/","accept-encoding":"gzip, deflate, br, zstd","accept-language":"en-US"},"query":{}},"res":{"_headers":{"x-powered-by":"Express","accept-ranges":"bytes","cache-control":"public, max-age=0, immutable","last-modified":"Sat, 26 Oct 1985 08:15:00 GMT","etag":"W/\"8b45-7438674ba0\"","content-type":"text/css; charset=UTF-8","vary":"Accept-Encoding","content-encoding":"br"},"statusCode":200,"responseTime":"8ms"},"msg":"","time":"2026-03-03T21:02:10.141Z","v":0}
{"name":"Log","hostname":"a275c7126250","pid":1,"level":30,"version":"6.19.4","req":{"meta":{"requestId":"6134885d-781e-4fb0-887d-9f29a8554e71","userId":null},"url":"/chunk.524.cf6acacc00bafe396672.js","method":"GET","originalUrl":"/ghost/assets/chunk.524.cf6acacc00bafe396672.js","params":{},"headers":{"host":"localhost:2368","connection":"keep-alive","sec-ch-ua-platform":"\"macOS\"","user-agent":"Mozilla/5.0 (Macintosh; Intel Mac OS X 10_15_7) AppleWebKit/537.36 (KHTML, like Gecko) Code/1.109.5 Chrome/142.0.7444.265 Electron/39.3.0 Safari/537.36","sec-ch-ua":"\"Not_A Brand\";v=\"99\", \"Chromium\";v=\"142\"","sec-ch-ua-mobile":"?0","accept":"*/*","sec-fetch-site":"same-origin","sec-fetch-mode":"no-cors","sec-fetch-dest":"script","referer":"http://localhost:2368/ghost/","accept-encoding":"gzip, deflate, br, zstd","accept-language":"en-US"},"query":{}},"res":{"_headers":{"x-powered-by":"Express","accept-ranges":"bytes","cache-control":"public, max-age=0, immutable","last-modified":"Sat, 26 Oct 1985 08:15:00 GMT","etag":"W/\"2993-7438674ba0\"","content-type":"application/javascript; charset=UTF-8","vary":"Accept-Encoding","content-encoding":"br"},"statusCode":200,"responseTime":"27ms"},"msg":"","time":"2026-03-03T21:02:10.191Z","v":0}
{"name":"Log","hostname":"a275c7126250","pid":1,"level":30,"version":"6.19.4","req":{"meta":{"requestId":"5ae28bfd-05bb-491c-9443-3b65244a86f8","userId":null},"url":"/index-C8OO87PY.css","method":"GET","originalUrl":"/ghost/assets/index-C8OO87PY.css","params":{},"headers":{"host":"localhost:2368","connection":"keep-alive","origin":"http://localhost:2368","sec-ch-ua-platform":"\"macOS\"","user-agent":"Mozilla/5.0 (Macintosh; Intel Mac OS X 10_15_7) AppleWebKit/537.36 (KHTML, like Gecko) Code/1.109.5 Chrome/142.0.7444.265 Electron/39.3.0 Safari/537.36","sec-ch-ua":"\"Not_A Brand\";v=\"99\", \"Chromium\";v=\"142\"","sec-ch-ua-mobile":"?0","accept":"text/css,*/*;q=0.1","sec-fetch-site":"same-origin","sec-fetch-mode":"cors","sec-fetch-dest":"style","referer":"http://localhost:2368/ghost/","accept-encoding":"gzip, deflate, br, zstd","accept-language":"en-US"},"query":{}},"res":{"_headers":{"x-powered-by":"Express","accept-ranges":"bytes","cache-control":"public, max-age=0, immutable","last-modified":"Sat, 26 Oct 1985 08:15:00 GMT","etag":"W/\"4173b-7438674ba0\"","content-type":"text/css; charset=UTF-8","vary":"Accept-Encoding","content-encoding":"br"},"statusCode":200,"responseTime":"67ms"},"msg":"","time":"2026-03-03T21:02:10.206Z","v":0}
{"name":"Log","hostname":"a275c7126250","pid":1,"level":30,"version":"6.19.4","req":{"meta":{"requestId":"4e174fa2-9b7a-44e8-98dd-07e547670805","userId":null},"url":"/ghost-1627c2071621864e79a845529769ff19.css","method":"GET","originalUrl":"/ghost/assets/ghost-1627c2071621864e79a845529769ff19.css","params":{},"headers":{"host":"localhost:2368","connection":"keep-alive","sec-ch-ua-platform":"\"macOS\"","user-agent":"Mozilla/5.0 (Macintosh; Intel Mac OS X 10_15_7) AppleWebKit/537.36 (KHTML, like Gecko) Code/1.109.5 Chrome/142.0.7444.265 Electron/39.3.0 Safari/537.36","sec-ch-ua":"\"Not_A Brand\";v=\"99\", \"Chromium\";v=\"142\"","sec-ch-ua-mobile":"?0","accept":"text/css,*/*;q=0.1","sec-fetch-site":"same-origin","sec-fetch-mode":"no-cors","sec-fetch-dest":"style","referer":"http://localhost:2368/ghost/","accept-encoding":"gzip, deflate, br, zstd","accept-language":"en-US"},"query":{}},"res":{"_headers":{"x-powered-by":"Express","accept-ranges":"bytes","cache-control":"public, max-age=0, immutable","last-modified":"Sat, 26 Oct 1985 08:15:00 GMT","etag":"W/\"7bba6-7438674ba0\"","content-type":"text/css; charset=UTF-8","vary":"Accept-Encoding","content-encoding":"br"},"statusCode":200,"responseTime":"84ms"},"msg":"","time":"2026-03-03T21:02:10.220Z","v":0}
{"name":"Log","hostname":"a275c7126250","pid":1,"level":30,"version":"6.19.4","req":{"meta":{"requestId":"9b627668-af77-48b7-a38c-5475e781b9d2","userId":null},"url":"/logo-loader-88VPEpXE.mp4","method":"GET","originalUrl":"/ghost/assets/logo-loader-88VPEpXE.mp4","params":{},"headers":{"host":"localhost:2368","connection":"keep-alive","sec-ch-ua-platform":"\"macOS\"","accept-encoding":"identity;q=1, *;q=0","user-agent":"Mozilla/5.0 (Macintosh; Intel Mac OS X 10_15_7) AppleWebKit/537.36 (KHTML, like Gecko) Code/1.109.5 Chrome/142.0.7444.265 Electron/39.3.0 Safari/537.36","sec-ch-ua":"\"Not_A Brand\";v=\"99\", \"Chromium\";v=\"142\"","sec-ch-ua-mobile":"?0","accept":"*/*","sec-fetch-site":"same-origin","sec-fetch-mode":"no-cors","sec-fetch-dest":"video","referer":"http://localhost:2368/ghost/","accept-language":"en-US","range":"bytes=0-"},"query":{}},"res":{"_headers":{"x-powered-by":"Express","accept-ranges":"bytes","cache-control":"public, max-age=0, immutable","last-modified":"Sat, 26 Oct 1985 08:15:00 GMT","etag":"W/\"1ff8a-7438674ba0\"","content-type":"video/mp4","content-range":"bytes 0-130953/130954","content-length":130954},"statusCode":206,"responseTime":"5ms"},"msg":"","time":"2026-03-03T21:02:10.221Z","v":0}
{"name":"Log","hostname":"a275c7126250","pid":1,"level":30,"version":"6.19.4","req":{"meta":{"requestId":"c0d9767c-6ca8-489d-9964-318517c633eb","userId":null},"url":"/index-B7OCQ0xp.js","method":"GET","originalUrl":"/ghost/assets/index-B7OCQ0xp.js","params":{},"headers":{"host":"localhost:2368","connection":"keep-alive","origin":"http://localhost:2368","sec-ch-ua-platform":"\"macOS\"","user-agent":"Mozilla/5.0 (Macintosh; Intel Mac OS X 10_15_7) AppleWebKit/537.36 (KHTML, like Gecko) Code/1.109.5 Chrome/142.0.7444.265 Electron/39.3.0 Safari/537.36","sec-ch-ua":"\"Not_A Brand\";v=\"99\", \"Chromium\";v=\"142\"","sec-ch-ua-mobile":"?0","accept":"*/*","sec-fetch-site":"same-origin","sec-fetch-mode":"cors","sec-fetch-dest":"script","referer":"http://localhost:2368/ghost/","accept-encoding":"gzip, deflate, br, zstd","accept-language":"en-US"},"query":{}},"res":{"_headers":{"x-powered-by":"Express","accept-ranges":"bytes","cache-control":"public, max-age=0, immutable","last-modified":"Sat, 26 Oct 1985 08:15:00 GMT","etag":"W/\"1ec6ae-7438674ba0\"","content-type":"application/javascript; charset=UTF-8","vary":"Accept-Encoding","content-encoding":"br"},"statusCode":200,"responseTime":"116ms"},"msg":"","time":"2026-03-03T21:02:10.251Z","v":0}
{"name":"Log","hostname":"a275c7126250","pid":1,"level":30,"version":"6.19.4","req":{"meta":{"requestId":"0e1d7fcf-31c0-488d-b52f-1c3f226195ce","userId":null},"url":"/ghost-eef6b29bd18fd35c3f9c885d64239a1d.js","method":"GET","originalUrl":"/ghost/assets/ghost-eef6b29bd18fd35c3f9c885d64239a1d.js","params":{},"headers":{"host":"localhost:2368","connection":"keep-alive","sec-ch-ua-platform":"\"macOS\"","user-agent":"Mozilla/5.0 (Macintosh; Intel Mac OS X 10_15_7) AppleWebKit/537.36 (KHTML, like Gecko) Code/1.109.5 Chrome/142.0.7444.265 Electron/39.3.0 Safari/537.36","sec-ch-ua":"\"Not_A Brand\";v=\"99\", \"Chromium\";v=\"142\"","sec-ch-ua-mobile":"?0","accept":"*/*","sec-fetch-site":"same-origin","sec-fetch-mode":"no-cors","sec-fetch-dest":"script","referer":"http://localhost:2368/ghost/","accept-encoding":"gzip, deflate, br, zstd","accept-language":"en-US"},"query":{}},"res":{"_headers":{"x-powered-by":"Express","accept-ranges":"bytes","cache-control":"public, max-age=0, immutable","last-modified":"Sat, 26 Oct 1985 08:15:00 GMT","etag":"W/\"1c5488-7438674ba0\"","content-type":"application/javascript; charset=UTF-8","vary":"Accept-Encoding","content-encoding":"br"},"statusCode":200,"responseTime":"57ms"},"msg":"","time":"2026-03-03T21:02:10.254Z","v":0}
{"name":"Log","hostname":"a275c7126250","pid":1,"level":30,"version":"6.19.4","req":{"meta":{"requestId":"973a81d5-9e08-4e6a-b6e0-115744c049da","userId":null},"url":"/vendor-0e6161f8da2ad46cf62cef0a53cfb16a.js","method":"GET","originalUrl":"/ghost/assets/vendor-0e6161f8da2ad46cf62cef0a53cfb16a.js","params":{},"headers":{"host":"localhost:2368","connection":"keep-alive","sec-ch-ua-platform":"\"macOS\"","user-agent":"Mozilla/5.0 (Macintosh; Intel Mac OS X 10_15_7) AppleWebKit/537.36 (KHTML, like Gecko) Code/1.109.5 Chrome/142.0.7444.265 Electron/39.3.0 Safari/537.36","sec-ch-ua":"\"Not_A Brand\";v=\"99\", \"Chromium\";v=\"142\"","sec-ch-ua-mobile":"?0","accept":"*/*","sec-fetch-site":"same-origin","sec-fetch-mode":"no-cors","sec-fetch-dest":"script","referer":"http://localhost:2368/ghost/","accept-encoding":"gzip, deflate, br, zstd","accept-language":"en-US"},"query":{}},"res":{"_headers":{"x-powered-by":"Express","accept-ranges":"bytes","cache-control":"public, max-age=0, immutable","last-modified":"Sat, 26 Oct 1985 08:15:00 GMT","etag":"W/\"19c867-7438674ba0\"","content-type":"application/javascript; charset=UTF-8","vary":"Accept-Encoding","content-encoding":"br"},"statusCode":200,"responseTime":"126ms"},"msg":"","time":"2026-03-03T21:02:10.266Z","v":0}
{"name":"Log","hostname":"a275c7126250","pid":1,"level":30,"version":"6.19.4","req":{"meta":{"requestId":"b5822b01-a33b-4e1e-ad00-8d76b6026fad","userId":null},"url":"/chunk.518.fe803307e665ef63cfa5.js","method":"GET","originalUrl":"/ghost/assets/chunk.518.fe803307e665ef63cfa5.js","params":{},"headers":{"host":"localhost:2368","connection":"keep-alive","sec-ch-ua-platform":"\"macOS\"","user-agent":"Mozilla/5.0 (Macintosh; Intel Mac OS X 10_15_7) AppleWebKit/537.36 (KHTML, like Gecko) Code/1.109.5 Chrome/142.0.7444.265 Electron/39.3.0 Safari/537.36","sec-ch-ua":"\"Not_A Brand\";v=\"99\", \"Chromium\";v=\"142\"","sec-ch-ua-mobile":"?0","accept":"*/*","sec-fetch-site":"same-origin","sec-fetch-mode":"no-cors","sec-fetch-dest":"script","referer":"http://localhost:2368/ghost/","accept-encoding":"gzip, deflate, br, zstd","accept-language":"en-US"},"query":{}},"res":{"_headers":{"x-powered-by":"Express","accept-ranges":"bytes","cache-control":"public, max-age=0, immutable","last-modified":"Sat, 26 Oct 1985 08:15:00 GMT","etag":"W/\"2d3ac2-7438674ba0\"","content-type":"application/javascript; charset=UTF-8","vary":"Accept-Encoding","content-encoding":"br"},"statusCode":200,"responseTime":"150ms"},"msg":"","time":"2026-03-03T21:02:10.297Z","v":0}
{"name":"Log","hostname":"a275c7126250","pid":1,"level":50,"version":"6.19.4","req":{"meta":{"requestId":"c02f1c28-7ad8-4612-a09b-dec0a3f5e204","userId":null},"url":"/users/me/?include=roles","method":"GET","originalUrl":"/ghost/api/admin/users/me/?include=roles","params":{},"headers":{"host":"localhost:2368","connection":"keep-alive","sec-ch-ua-platform":"\"macOS\"","sec-ch-ua":"\"Not_A Brand\";v=\"99\", \"Chromium\";v=\"142\"","app-pragma":"no-cache","sec-ch-ua-mobile":"?0","x-requested-with":"XMLHttpRequest","user-agent":"Mozilla/5.0 (Macintosh; Intel Mac OS X 10_15_7) AppleWebKit/537.36 (KHTML, like Gecko) Code/1.109.5 Chrome/142.0.7444.265 Electron/39.3.0 Safari/537.36","accept":"application/json, text/javascript, */*; q=0.01","content-type":"application/json; charset=UTF-8","sec-fetch-site":"same-origin","sec-fetch-mode":"cors","sec-fetch-dest":"empty","referer":"http://localhost:2368/ghost/","accept-encoding":"gzip, deflate, br, zstd","accept-language":"en-US"},"query":{"include":"roles"}},"res":{"_headers":{"x-powered-by":"Express","content-version":"v6.19","vary":"Accept-Version, Accept-Encoding","cache-control":"no-cache, private, no-store, must-revalidate, max-stale=0, post-check=0, pre-check=0","content-type":"application/json; charset=utf-8","content-length":"343","etag":"W/\"157-OZUupt/TgrgehnzqEhMyatgV68I\""},"statusCode":403,"responseTime":"53ms"},"err":{"id":"3f23ecd0-1744-11f1-b432-61181747bab0","domain":"http://localhost:2368","code":null,"name":"NoPermissionError","statusCode":403,"level":"normal","message":"Authorization failed","context":"\"Unable to determine the authenticated user or integration. Check that cookies are being passed through if using session authentication.\"","stack":"NoPermissionError: Authorization failed\n    at authorizeAdminApi (/var/lib/ghost/versions/6.19.4/core/server/services/auth/authorize.js:33:25)\n    at Layer.handle [as handle_request] (/var/lib/ghost/versions/6.19.4/node_modules/express/lib/router/layer.js:95:5)\n    at next (/var/lib/ghost/versions/6.19.4/node_modules/express/lib/router/route.js:149:13)\n    at authenticate (/var/lib/ghost/versions/6.19.4/core/server/services/auth/session/middleware.js:55:13)\n    at process.processTicksAndRejections (node:internal/process/task_queues:105:5)","hideStack":false},"msg":"Authorization failed","time":"2026-03-03T21:02:10.976Z","v":0}
{"name":"Log","hostname":"a275c7126250","pid":1,"level":50,"version":"6.19.4","req":{"meta":{"requestId":"c99692c8-94ae-4e58-84f2-a8b4a90e30f3","userId":null},"url":"/settings/?group=site%2Ctheme%2Cprivate%2Cmembers%2Cportal%2Cnewsletter%2Cemail%2Clabs%2Cslack%2Cunsplash%2Cviews%2Cfirstpromoter%2Ceditor%2Ccomments%2Canalytics%2Cannouncement%2Cpintura%2Cdonations%2Csecurity%2Csocial_web%2Cexplore%2Ctransistor","method":"GET","originalUrl":"/ghost/api/admin/settings/?group=site%2Ctheme%2Cprivate%2Cmembers%2Cportal%2Cnewsletter%2Cemail%2Clabs%2Cslack%2Cunsplash%2Cviews%2Cfirstpromoter%2Ceditor%2Ccomments%2Canalytics%2Cannouncement%2Cpintura%2Cdonations%2Csecurity%2Csocial_web%2Cexplore%2Ctransistor","params":{},"headers":{"host":"localhost:2368","connection":"keep-alive","sec-ch-ua-platform":"\"macOS\"","user-agent":"Mozilla/5.0 (Macintosh; Intel Mac OS X 10_15_7) AppleWebKit/537.36 (KHTML, like Gecko) Code/1.109.5 Chrome/142.0.7444.265 Electron/39.3.0 Safari/537.36","sec-ch-ua":"\"Not_A Brand\";v=\"99\", \"Chromium\";v=\"142\"","app-pragma":"no-cache","sec-ch-ua-mobile":"?0","accept":"*/*","sec-fetch-site":"same-origin","sec-fetch-mode":"cors","sec-fetch-dest":"empty","referer":"http://localhost:2368/ghost/","accept-encoding":"gzip, deflate, br, zstd","accept-language":"en-US"},"query":{"group":"site,theme,private,members,portal,newsletter,email,labs,slack,unsplash,views,firstpromoter,editor,comments,analytics,announcement,pintura,donations,security,social_web,explore,transistor"}},"res":{"_headers":{"x-powered-by":"Express","content-version":"v6.19","vary":"Accept-Version, Accept-Encoding","cache-control":"no-cache, private, no-store, must-revalidate, max-stale=0, post-check=0, pre-check=0","content-type":"application/json; charset=utf-8","content-length":"343","etag":"W/\"157-vIMNa6HIFZA2kRu+w+lqGY0+05Q\""},"statusCode":403,"responseTime":"3ms"},"err":{"id":"3f24b020-1744-11f1-b432-61181747bab0","domain":"http://localhost:2368","code":null,"name":"NoPermissionError","statusCode":403,"level":"normal","message":"Authorization failed","context":"\"Unable to determine the authenticated user or integration. Check that cookies are being passed through if using session authentication.\"","stack":"NoPermissionError: Authorization failed\n    at authorizeAdminApi (/var/lib/ghost/versions/6.19.4/core/server/services/auth/authorize.js:33:25)\n    at Layer.handle [as handle_request] (/var/lib/ghost/versions/6.19.4/node_modules/express/lib/router/layer.js:95:5)\n    at next (/var/lib/ghost/versions/6.19.4/node_modules/express/lib/router/route.js:149:13)\n    at authenticate (/var/lib/ghost/versions/6.19.4/core/server/services/auth/session/middleware.js:55:13)\n    at process.processTicksAndRejections (node:internal/process/task_queues:105:5)","hideStack":false},"msg":"Authorization failed","time":"2026-03-03T21:02:10.981Z","v":0}
{"name":"Log","hostname":"a275c7126250","pid":1,"level":50,"version":"6.19.4","req":{"meta":{"requestId":"3b90c90f-ac57-40e5-80c0-78ecc668323d","userId":null},"url":"/users/me/?include=roles","method":"GET","originalUrl":"/ghost/api/admin/users/me/?include=roles","params":{},"headers":{"host":"localhost:2368","connection":"keep-alive","sec-ch-ua-platform":"\"macOS\"","user-agent":"Mozilla/5.0 (Macintosh; Intel Mac OS X 10_15_7) AppleWebKit/537.36 (KHTML, like Gecko) Code/1.109.5 Chrome/142.0.7444.265 Electron/39.3.0 Safari/537.36","sec-ch-ua":"\"Not_A Brand\";v=\"99\", \"Chromium\";v=\"142\"","app-pragma":"no-cache","sec-ch-ua-mobile":"?0","accept":"*/*","sec-fetch-site":"same-origin","sec-fetch-mode":"cors","sec-fetch-dest":"empty","referer":"http://localhost:2368/ghost/","accept-encoding":"gzip, deflate, br, zstd","accept-language":"en-US"},"query":{"include":"roles"}},"res":{"_headers":{"x-powered-by":"Express","content-version":"v6.19","vary":"Accept-Version, Accept-Encoding","cache-control":"no-cache, private, no-store, must-revalidate, max-stale=0, post-check=0, pre-check=0","content-type":"application/json; charset=utf-8","content-length":"343","etag":"W/\"157-M2DUa7YUAhYsy7Z1kGZ1FFY3b1Q\""},"statusCode":403,"responseTime":"1ms"},"err":{"id":"3f257370-1744-11f1-b432-61181747bab0","domain":"http://localhost:2368","code":null,"name":"NoPermissionError","statusCode":403,"level":"normal","message":"Authorization failed","context":"\"Unable to determine the authenticated user or integration. Check that cookies are being passed through if using session authentication.\"","stack":"NoPermissionError: Authorization failed\n    at authorizeAdminApi (/var/lib/ghost/versions/6.19.4/core/server/services/auth/authorize.js:33:25)\n    at Layer.handle [as handle_request] (/var/lib/ghost/versions/6.19.4/node_modules/express/lib/router/layer.js:95:5)\n    at next (/var/lib/ghost/versions/6.19.4/node_modules/express/lib/router/route.js:149:13)\n    at authenticate (/var/lib/ghost/versions/6.19.4/core/server/services/auth/session/middleware.js:55:13)\n    at process.processTicksAndRejections (node:internal/process/task_queues:105:5)","hideStack":false},"msg":"Authorization failed","time":"2026-03-03T21:02:10.986Z","v":0}
{"name":"Log","hostname":"a275c7126250","pid":1,"level":50,"version":"6.19.4","req":{"meta":{"requestId":"d9c5b7a3-acbc-4bb0-932d-085bb1019b5d","userId":null},"url":"/users/me/?include=roles","method":"GET","originalUrl":"/ghost/api/admin/users/me/?include=roles","params":{},"headers":{"host":"localhost:2368","connection":"keep-alive","sec-ch-ua-platform":"\"macOS\"","sec-ch-ua":"\"Not_A Brand\";v=\"99\", \"Chromium\";v=\"142\"","app-pragma":"no-cache","sec-ch-ua-mobile":"?0","x-requested-with":"XMLHttpRequest","user-agent":"Mozilla/5.0 (Macintosh; Intel Mac OS X 10_15_7) AppleWebKit/537.36 (KHTML, like Gecko) Code/1.109.5 Chrome/142.0.7444.265 Electron/39.3.0 Safari/537.36","accept":"application/json, text/javascript, */*; q=0.01","content-type":"application/json; charset=UTF-8","sec-fetch-site":"same-origin","sec-fetch-mode":"cors","sec-fetch-dest":"empty","referer":"http://localhost:2368/ghost/","accept-encoding":"gzip, deflate, br, zstd","accept-language":"en-US"},"query":{"include":"roles"}},"res":{"_headers":{"x-powered-by":"Express","content-version":"v6.19","vary":"Accept-Version, Accept-Encoding","cache-control":"no-cache, private, no-store, must-revalidate, max-stale=0, post-check=0, pre-check=0","content-type":"application/json; charset=utf-8","content-length":"343","etag":"W/\"157-F/mbU/+gqDQXTHnE1bQJytisDL0\""},"statusCode":403,"responseTime":"1ms"},"err":{"id":"3f25e8a0-1744-11f1-b432-61181747bab0","domain":"http://localhost:2368","code":null,"name":"NoPermissionError","statusCode":403,"level":"normal","message":"Authorization failed","context":"\"Unable to determine the authenticated user or integration. Check that cookies are being passed through if using session authentication.\"","stack":"NoPermissionError: Authorization failed\n    at authorizeAdminApi (/var/lib/ghost/versions/6.19.4/core/server/services/auth/authorize.js:33:25)\n    at Layer.handle [as handle_request] (/var/lib/ghost/versions/6.19.4/node_modules/express/lib/router/layer.js:95:5)\n    at next (/var/lib/ghost/versions/6.19.4/node_modules/express/lib/router/route.js:149:13)\n    at authenticate (/var/lib/ghost/versions/6.19.4/core/server/services/auth/session/middleware.js:55:13)\n    at process.processTicksAndRejections (node:internal/process/task_queues:105:5)","hideStack":false},"msg":"Authorization failed","time":"2026-03-03T21:02:10.988Z","v":0}
{"name":"Log","hostname":"a275c7126250","pid":1,"level":30,"version":"6.19.4","req":{"meta":{"requestId":"aa352389-1598-4ce7-a78a-6673b2655e1a","userId":null},"url":"/site/","method":"GET","originalUrl":"/ghost/api/admin/site/","params":{},"headers":{"host":"localhost:2368","connection":"keep-alive","sec-ch-ua-platform":"\"macOS\"","sec-ch-ua":"\"Not_A Brand\";v=\"99\", \"Chromium\";v=\"142\"","app-pragma":"no-cache","sec-ch-ua-mobile":"?0","x-requested-with":"XMLHttpRequest","user-agent":"Mozilla/5.0 (Macintosh; Intel Mac OS X 10_15_7) AppleWebKit/537.36 (KHTML, like Gecko) Code/1.109.5 Chrome/142.0.7444.265 Electron/39.3.0 Safari/537.36","accept":"application/json, text/javascript, */*; q=0.01","content-type":"application/json; charset=UTF-8","sec-fetch-site":"same-origin","sec-fetch-mode":"cors","sec-fetch-dest":"empty","referer":"http://localhost:2368/ghost/","accept-encoding":"gzip, deflate, br, zstd","accept-language":"en-US"},"query":{}},"res":{"_headers":{"x-powered-by":"Express","content-version":"v6.19","vary":"Accept-Version, Accept-Encoding","cache-control":"no-cache, private, no-store, must-revalidate, max-stale=0, post-check=0, pre-check=0","content-type":"application/json; charset=utf-8","content-length":"338","etag":"W/\"152-5pNYDJu6J00mzVXYRlbOhiMEoy8\""},"statusCode":200,"responseTime":"2ms"},"msg":"","time":"2026-03-03T21:02:10.994Z","v":0}
{"name":"Log","hostname":"a275c7126250","pid":1,"level":30,"version":"6.19.4","req":{"meta":{"requestId":"889a5adc-b9aa-4229-9744-89fb9bbb6ff2","userId":null},"url":"/authentication/setup/","method":"GET","originalUrl":"/ghost/api/admin/authentication/setup/","params":{},"headers":{"host":"localhost:2368","connection":"keep-alive","sec-ch-ua-platform":"\"macOS\"","sec-ch-ua":"\"Not_A Brand\";v=\"99\", \"Chromium\";v=\"142\"","app-pragma":"no-cache","sec-ch-ua-mobile":"?0","x-requested-with":"XMLHttpRequest","user-agent":"Mozilla/5.0 (Macintosh; Intel Mac OS X 10_15_7) AppleWebKit/537.36 (KHTML, like Gecko) Code/1.109.5 Chrome/142.0.7444.265 Electron/39.3.0 Safari/537.36","accept":"application/json, text/javascript, */*; q=0.01","content-type":"application/json; charset=UTF-8","sec-fetch-site":"same-origin","sec-fetch-mode":"cors","sec-fetch-dest":"empty","referer":"http://localhost:2368/ghost/","accept-encoding":"gzip, deflate, br, zstd","accept-language":"en-US"},"query":{}},"res":{"_headers":{"x-powered-by":"Express","content-version":"v6.19","vary":"Accept-Version, Accept-Encoding","cache-control":"no-cache, private, no-store, must-revalidate, max-stale=0, post-check=0, pre-check=0","content-type":"application/json; charset=utf-8","content-length":"28","etag":"W/\"1c-sQKS0vX9z/0iYRVKKjytkkIupoI\""},"statusCode":200,"responseTime":"8ms"},"msg":"","time":"2026-03-03T21:02:11.005Z","v":0}
{"name":"Log","hostname":"a275c7126250","pid":1,"level":30,"version":"6.19.4","req":{"meta":{"requestId":"1b2c3d84-4ffb-48f1-8acd-c31668102a2e","userId":null},"url":"/authentication/setup/","method":"GET","originalUrl":"/ghost/api/admin/authentication/setup/","params":{},"headers":{"host":"localhost:2368","connection":"keep-alive","sec-ch-ua-platform":"\"macOS\"","sec-ch-ua":"\"Not_A Brand\";v=\"99\", \"Chromium\";v=\"142\"","app-pragma":"no-cache","sec-ch-ua-mobile":"?0","x-requested-with":"XMLHttpRequest","user-agent":"Mozilla/5.0 (Macintosh; Intel Mac OS X 10_15_7) AppleWebKit/537.36 (KHTML, like Gecko) Code/1.109.5 Chrome/142.0.7444.265 Electron/39.3.0 Safari/537.36","accept":"application/json, text/javascript, */*; q=0.01","content-type":"application/json; charset=UTF-8","sec-fetch-site":"same-origin","sec-fetch-mode":"cors","sec-fetch-dest":"empty","referer":"http://localhost:2368/ghost/","accept-encoding":"gzip, deflate, br, zstd","accept-language":"en-US"},"query":{}},"res":{"_headers":{"x-powered-by":"Express","content-version":"v6.19","vary":"Accept-Version, Accept-Encoding","cache-control":"no-cache, private, no-store, must-revalidate, max-stale=0, post-check=0, pre-check=0","content-type":"application/json; charset=utf-8","content-length":"28","etag":"W/\"1c-sQKS0vX9z/0iYRVKKjytkkIupoI\""},"statusCode":200,"responseTime":"2ms"},"msg":"","time":"2026-03-03T21:02:11.012Z","v":0}
{"name":"Log","hostname":"a275c7126250","pid":1,"level":30,"version":"6.19.4","req":{"meta":{"requestId":"019b17b9-7d2d-43db-ad50-153218039333","userId":null},"url":"/img/logos/orb-black-1-32b72766be2164fdea6ab2565fb1c137.png","method":"GET","originalUrl":"/ghost/assets/img/logos/orb-black-1-32b72766be2164fdea6ab2565fb1c137.png","params":{},"headers":{"host":"localhost:2368","connection":"keep-alive","sec-ch-ua-platform":"\"macOS\"","user-agent":"Mozilla/5.0 (Macintosh; Intel Mac OS X 10_15_7) AppleWebKit/537.36 (KHTML, like Gecko) Code/1.109.5 Chrome/142.0.7444.265 Electron/39.3.0 Safari/537.36","sec-ch-ua":"\"Not_A Brand\";v=\"99\", \"Chromium\";v=\"142\"","sec-ch-ua-mobile":"?0","accept":"image/avif,image/webp,image/apng,image/svg+xml,image/*,*/*;q=0.8","sec-fetch-site":"same-origin","sec-fetch-mode":"no-cors","sec-fetch-dest":"image","referer":"http://localhost:2368/ghost/","accept-encoding":"gzip, deflate, br, zstd","accept-language":"en-US"},"query":{}},"res":{"_headers":{"x-powered-by":"Express","accept-ranges":"bytes","cache-control":"public, max-age=0, immutable","last-modified":"Sat, 26 Oct 1985 08:15:00 GMT","etag":"W/\"ca4a-7438674ba0\"","content-type":"image/png","content-length":51786},"statusCode":200,"responseTime":"1ms"},"msg":"","time":"2026-03-03T21:02:11.036Z","v":0}
{"name":"Log","hostname":"a275c7126250","pid":1,"level":30,"version":"6.19.4","req":{"meta":{"requestId":"06bbc490-528b-42a8-bd72-3b57738ae30e","userId":null},"url":"/fonts/Inter-roman.var-66c6e40883646a7ad993108b2ce2da32.woff2","method":"GET","originalUrl":"/ghost/assets/fonts/Inter-roman.var-66c6e40883646a7ad993108b2ce2da32.woff2","params":{},"headers":{"host":"localhost:2368","connection":"keep-alive","origin":"http://localhost:2368","sec-ch-ua-platform":"\"macOS\"","user-agent":"Mozilla/5.0 (Macintosh; Intel Mac OS X 10_15_7) AppleWebKit/537.36 (KHTML, like Gecko) Code/1.109.5 Chrome/142.0.7444.265 Electron/39.3.0 Safari/537.36","sec-ch-ua":"\"Not_A Brand\";v=\"99\", \"Chromium\";v=\"142\"","sec-ch-ua-mobile":"?0","accept":"*/*","sec-fetch-site":"same-origin","sec-fetch-mode":"cors","sec-fetch-dest":"font","referer":"http://localhost:2368/ghost/assets/ghost-1627c2071621864e79a845529769ff19.css","accept-encoding":"gzip, deflate, br, zstd","accept-language":"en-US"},"query":{}},"res":{"_headers":{"x-powered-by":"Express","accept-ranges":"bytes","cache-control":"public, max-age=0, immutable","last-modified":"Sat, 26 Oct 1985 08:15:00 GMT","etag":"W/\"3776c-7438674ba0\"","content-type":"font/woff2","content-length":227180},"statusCode":200,"responseTime":"2ms"},"msg":"","time":"2026-03-03T21:02:11.042Z","v":0}
{"name":"Log","hostname":"a275c7126250","pid":1,"level":30,"version":"6.19.4","worker":{"resourceLimits":{"maxYoungGenerationSizeMb":48,"maxOldGenerationSizeMb":2048,"codeRangeSizeMb":0,"stackSizeMb":4},"threadId":2},"msg":"Worker for job \"process-outbox\" online","time":"2026-03-03T21:05:35.696Z","v":0}
{"name":"Log","hostname":"a275c7126250","pid":1,"level":30,"version":"6.19.4","msg":"Worker for job process-outbox sent a message: done","time":"2026-03-03T21:05:35.698Z","v":0}
{"name":"Log","hostname":"a275c7126250","pid":1,"level":30,"version":"6.19.4","msg":"[OUTBOX] No pending outbox entries to process","time":"2026-03-03T21:05:35.705Z","v":0}
{"name":"Log","hostname":"a275c7126250","pid":1,"level":30,"version":"6.19.4","msg":"[Recommendations] Updating recommendations metadata","time":"2026-03-03T21:05:46.081Z","v":0}
{"name":"Log","hostname":"a275c7126250","pid":1,"level":30,"version":"6.19.4","worker":{"resourceLimits":{"maxYoungGenerationSizeMb":48,"maxOldGenerationSizeMb":2048,"codeRangeSizeMb":0,"stackSizeMb":4},"threadId":3},"msg":"Worker for job \"process-outbox\" online","time":"2026-03-03T21:10:35.745Z","v":0}
{"name":"Log","hostname":"a275c7126250","pid":1,"level":30,"version":"6.19.4","msg":"Worker for job process-outbox sent a message: done","time":"2026-03-03T21:10:35.749Z","v":0}
{"name":"Log","hostname":"a275c7126250","pid":1,"level":30,"version":"6.19.4","msg":"[OUTBOX] No pending outbox entries to process","time":"2026-03-03T21:10:35.759Z","v":0}
{"name":"Log","hostname":"a275c7126250","pid":1,"level":30,"version":"6.19.4","worker":{"resourceLimits":{"maxYoungGenerationSizeMb":48,"maxOldGenerationSizeMb":2048,"codeRangeSizeMb":0,"stackSizeMb":4},"threadId":4},"msg":"Worker for job \"process-outbox\" online","time":"2026-03-03T21:15:35.790Z","v":0}
{"name":"Log","hostname":"a275c7126250","pid":1,"level":30,"version":"6.19.4","msg":"Worker for job process-outbox sent a message: done","time":"2026-03-03T21:15:35.793Z","v":0}
{"name":"Log","hostname":"a275c7126250","pid":1,"level":30,"version":"6.19.4","msg":"[OUTBOX] No pending outbox entries to process","time":"2026-03-03T21:15:35.802Z","v":0}
{"name":"Log","hostname":"a275c7126250","pid":1,"level":30,"version":"6.19.4","req":{"meta":{"requestId":"802cde40-2062-4ae6-bd10-85e1cf3457ff","userId":null},"url":"/","method":"GET","originalUrl":"/ghost/","params":{"0":"/"},"headers":{"host":"localhost:2368","user-agent":"Mozilla/5.0 (Macintosh; Intel Mac OS X 10.15; rv:148.0) Gecko/20100101 Firefox/148.0","accept":"text/html,application/xhtml+xml,application/xml;q=0.9,*/*;q=0.8","accept-language":"en-US,en;q=0.9","accept-encoding":"gzip, deflate, br, zstd","sec-gpc":"1","connection":"keep-alive","cookie":"**REDACTED**","upgrade-insecure-requests":"1","sec-fetch-dest":"document","sec-fetch-mode":"navigate","sec-fetch-site":"none","sec-fetch-user":"?1","priority":"u=0, i"},"query":{}},"res":{"_headers":{"x-powered-by":"Express","cache-control":"no-cache, private, no-store, must-revalidate, max-stale=0, post-check=0, pre-check=0","etag":"8e9d9fadc35918224689d66236587833","x-frame-options":"sameorigin","accept-ranges":"bytes","content-type":"text/html; charset=UTF-8","vary":"Accept-Encoding","content-encoding":"br"},"statusCode":200,"responseTime":"14ms"},"msg":"","time":"2026-03-03T21:19:34.079Z","v":0}
{"name":"Log","hostname":"a275c7126250","pid":1,"level":30,"version":"6.19.4","req":{"meta":{"requestId":"7e70dbcd-617e-472c-aab1-50608cc1b6b7","userId":null},"url":"/vendor-0ede59da8efb5e28fa929557f7ff7154.css","method":"GET","originalUrl":"/ghost/assets/vendor-0ede59da8efb5e28fa929557f7ff7154.css","params":{},"headers":{"host":"localhost:2368","user-agent":"Mozilla/5.0 (Macintosh; Intel Mac OS X 10.15; rv:148.0) Gecko/20100101 Firefox/148.0","accept":"text/css,*/*;q=0.1","accept-language":"en-US,en;q=0.9","accept-encoding":"gzip, deflate, br, zstd","sec-gpc":"1","connection":"keep-alive","referer":"http://localhost:2368/ghost/","cookie":"**REDACTED**","sec-fetch-dest":"style","sec-fetch-mode":"no-cors","sec-fetch-site":"same-origin","priority":"u=2"},"query":{}},"res":{"_headers":{"x-powered-by":"Express","accept-ranges":"bytes","cache-control":"public, max-age=0, immutable","last-modified":"Sat, 26 Oct 1985 08:15:00 GMT","etag":"W/\"8b45-7438674ba0\"","content-type":"text/css; charset=UTF-8","vary":"Accept-Encoding","content-encoding":"br"},"statusCode":200,"responseTime":"4ms"},"msg":"","time":"2026-03-03T21:19:34.112Z","v":0}
{"name":"Log","hostname":"a275c7126250","pid":1,"level":30,"version":"6.19.4","req":{"meta":{"requestId":"174a1b1b-b3b2-430a-a90c-154381b0d6a5","userId":null},"url":"/chunk.524.cf6acacc00bafe396672.js","method":"GET","originalUrl":"/ghost/assets/chunk.524.cf6acacc00bafe396672.js","params":{},"headers":{"host":"localhost:2368","user-agent":"Mozilla/5.0 (Macintosh; Intel Mac OS X 10.15; rv:148.0) Gecko/20100101 Firefox/148.0","accept":"*/*","accept-language":"en-US,en;q=0.9","accept-encoding":"gzip, deflate, br, zstd","sec-gpc":"1","connection":"keep-alive","referer":"http://localhost:2368/ghost/","cookie":"**REDACTED**","sec-fetch-dest":"script","sec-fetch-mode":"no-cors","sec-fetch-site":"same-origin"},"query":{}},"res":{"_headers":{"x-powered-by":"Express","accept-ranges":"bytes","cache-control":"public, max-age=0, immutable","last-modified":"Sat, 26 Oct 1985 08:15:00 GMT","etag":"W/\"2993-7438674ba0\"","content-type":"application/javascript; charset=UTF-8","vary":"Accept-Encoding","content-encoding":"br"},"statusCode":200,"responseTime":"11ms"},"msg":"","time":"2026-03-03T21:19:34.126Z","v":0}
{"name":"Log","hostname":"a275c7126250","pid":1,"level":30,"version":"6.19.4","req":{"meta":{"requestId":"7305c11f-f933-469f-aaa2-78e63428b13b","userId":null},"url":"/index-C8OO87PY.css","method":"GET","originalUrl":"/ghost/assets/index-C8OO87PY.css","params":{},"headers":{"host":"localhost:2368","user-agent":"Mozilla/5.0 (Macintosh; Intel Mac OS X 10.15; rv:148.0) Gecko/20100101 Firefox/148.0","accept":"text/css,*/*;q=0.1","accept-language":"en-US,en;q=0.9","accept-encoding":"gzip, deflate, br, zstd","sec-gpc":"1","connection":"keep-alive","referer":"http://localhost:2368/ghost/","cookie":"**REDACTED**","sec-fetch-dest":"style","sec-fetch-mode":"cors","sec-fetch-site":"same-origin","priority":"u=2"},"query":{}},"res":{"_headers":{"x-powered-by":"Express","accept-ranges":"bytes","cache-control":"public, max-age=0, immutable","last-modified":"Sat, 26 Oct 1985 08:15:00 GMT","etag":"W/\"4173b-7438674ba0\"","content-type":"text/css; charset=UTF-8","vary":"Accept-Encoding","content-encoding":"br"},"statusCode":200,"responseTime":"19ms"},"msg":"","time":"2026-03-03T21:19:34.131Z","v":0}
{"name":"Log","hostname":"a275c7126250","pid":1,"level":30,"version":"6.19.4","req":{"meta":{"requestId":"88d85c99-16df-4d7d-a128-b0e3d3c75330","userId":null},"url":"/ghost-1627c2071621864e79a845529769ff19.css","method":"GET","originalUrl":"/ghost/assets/ghost-1627c2071621864e79a845529769ff19.css","params":{},"headers":{"host":"localhost:2368","user-agent":"Mozilla/5.0 (Macintosh; Intel Mac OS X 10.15; rv:148.0) Gecko/20100101 Firefox/148.0","accept":"text/css,*/*;q=0.1","accept-language":"en-US,en;q=0.9","accept-encoding":"gzip, deflate, br, zstd","sec-gpc":"1","connection":"keep-alive","referer":"http://localhost:2368/ghost/","cookie":"**REDACTED**","sec-fetch-dest":"style","sec-fetch-mode":"no-cors","sec-fetch-site":"same-origin","priority":"u=2"},"query":{}},"res":{"_headers":{"x-powered-by":"Express","accept-ranges":"bytes","cache-control":"public, max-age=0, immutable","last-modified":"Sat, 26 Oct 1985 08:15:00 GMT","etag":"W/\"7bba6-7438674ba0\"","content-type":"text/css; charset=UTF-8","vary":"Accept-Encoding","content-encoding":"br"},"statusCode":200,"responseTime":"30ms"},"msg":"","time":"2026-03-03T21:19:34.138Z","v":0}
{"name":"Log","hostname":"a275c7126250","pid":1,"level":30,"version":"6.19.4","req":{"meta":{"requestId":"7cf66feb-8416-48de-bd84-c2ea522b0b70","userId":null},"url":"/index-B7OCQ0xp.js","method":"GET","originalUrl":"/ghost/assets/index-B7OCQ0xp.js","params":{},"headers":{"host":"localhost:2368","user-agent":"Mozilla/5.0 (Macintosh; Intel Mac OS X 10.15; rv:148.0) Gecko/20100101 Firefox/148.0","accept":"*/*","accept-language":"en-US,en;q=0.9","accept-encoding":"gzip, deflate, br, zstd","sec-gpc":"1","connection":"keep-alive","referer":"http://localhost:2368/ghost/","cookie":"**REDACTED**","sec-fetch-dest":"script","sec-fetch-mode":"cors","sec-fetch-site":"same-origin"},"query":{}},"res":{"_headers":{"x-powered-by":"Express","accept-ranges":"bytes","cache-control":"public, max-age=0, immutable","last-modified":"Sat, 26 Oct 1985 08:15:00 GMT","etag":"W/\"1ec6ae-7438674ba0\"","content-type":"application/javascript; charset=UTF-8","vary":"Accept-Encoding","content-encoding":"br"},"statusCode":200,"responseTime":"88ms"},"msg":"","time":"2026-03-03T21:19:34.198Z","v":0}
{"name":"Log","hostname":"a275c7126250","pid":1,"level":30,"version":"6.19.4","req":{"meta":{"requestId":"ff4b4450-7d57-4af5-822a-0045296c4a5c","userId":null},"url":"/ghost-eef6b29bd18fd35c3f9c885d64239a1d.js","method":"GET","originalUrl":"/ghost/assets/ghost-eef6b29bd18fd35c3f9c885d64239a1d.js","params":{},"headers":{"host":"localhost:2368","user-agent":"Mozilla/5.0 (Macintosh; Intel Mac OS X 10.15; rv:148.0) Gecko/20100101 Firefox/148.0","accept":"*/*","accept-language":"en-US,en;q=0.9","accept-encoding":"gzip, deflate, br, zstd","sec-gpc":"1","connection":"keep-alive","referer":"http://localhost:2368/ghost/","cookie":"**REDACTED**","sec-fetch-dest":"script","sec-fetch-mode":"no-cors","sec-fetch-site":"same-origin"},"query":{}},"res":{"_headers":{"x-powered-by":"Express","accept-ranges":"bytes","cache-control":"public, max-age=0, immutable","last-modified":"Sat, 26 Oct 1985 08:15:00 GMT","etag":"W/\"1c5488-7438674ba0\"","content-type":"application/javascript; charset=UTF-8","vary":"Accept-Encoding","content-encoding":"br"},"statusCode":200,"responseTime":"76ms"},"msg":"","time":"2026-03-03T21:19:34.204Z","v":0}
{"name":"Log","hostname":"a275c7126250","pid":1,"level":30,"version":"6.19.4","req":{"meta":{"requestId":"ce529916-8c84-46a6-8fe1-2ece13add353","userId":null},"url":"/vendor-0e6161f8da2ad46cf62cef0a53cfb16a.js","method":"GET","originalUrl":"/ghost/assets/vendor-0e6161f8da2ad46cf62cef0a53cfb16a.js","params":{},"headers":{"host":"localhost:2368","user-agent":"Mozilla/5.0 (Macintosh; Intel Mac OS X 10.15; rv:148.0) Gecko/20100101 Firefox/148.0","accept":"*/*","accept-language":"en-US,en;q=0.9","accept-encoding":"gzip, deflate, br, zstd","sec-gpc":"1","connection":"keep-alive","referer":"http://localhost:2368/ghost/","cookie":"**REDACTED**","sec-fetch-dest":"script","sec-fetch-mode":"no-cors","sec-fetch-site":"same-origin"},"query":{}},"res":{"_headers":{"x-powered-by":"Express","accept-ranges":"bytes","cache-control":"public, max-age=0, immutable","last-modified":"Sat, 26 Oct 1985 08:15:00 GMT","etag":"W/\"19c867-7438674ba0\"","content-type":"application/javascript; charset=UTF-8","vary":"Accept-Encoding","content-encoding":"br"},"statusCode":200,"responseTime":"94ms"},"msg":"","time":"2026-03-03T21:19:34.207Z","v":0}
{"name":"Log","hostname":"a275c7126250","pid":1,"level":30,"version":"6.19.4","req":{"meta":{"requestId":"de13fb36-cf4d-459e-86b4-c8f2ebaa34dd","userId":null},"url":"/chunk.518.fe803307e665ef63cfa5.js","method":"GET","originalUrl":"/ghost/assets/chunk.518.fe803307e665ef63cfa5.js","params":{},"headers":{"host":"localhost:2368","user-agent":"Mozilla/5.0 (Macintosh; Intel Mac OS X 10.15; rv:148.0) Gecko/20100101 Firefox/148.0","accept":"*/*","accept-language":"en-US,en;q=0.9","accept-encoding":"gzip, deflate, br, zstd","sec-gpc":"1","connection":"keep-alive","referer":"http://localhost:2368/ghost/","cookie":"**REDACTED**","sec-fetch-dest":"script","sec-fetch-mode":"no-cors","sec-fetch-site":"same-origin"},"query":{}},"res":{"_headers":{"x-powered-by":"Express","accept-ranges":"bytes","cache-control":"public, max-age=0, immutable","last-modified":"Sat, 26 Oct 1985 08:15:00 GMT","etag":"W/\"2d3ac2-7438674ba0\"","content-type":"application/javascript; charset=UTF-8","vary":"Accept-Encoding","content-encoding":"br"},"statusCode":200,"responseTime":"123ms"},"msg":"","time":"2026-03-03T21:19:34.232Z","v":0}
{"name":"Log","hostname":"a275c7126250","pid":1,"level":30,"version":"6.19.4","req":{"meta":{"requestId":"7b9fb8a9-79dd-473d-befe-4d1790091a4e","userId":null},"url":"/logo-loader-88VPEpXE.mp4","method":"GET","originalUrl":"/ghost/assets/logo-loader-88VPEpXE.mp4","params":{},"headers":{"host":"localhost:2368","user-agent":"Mozilla/5.0 (Macintosh; Intel Mac OS X 10.15; rv:148.0) Gecko/20100101 Firefox/148.0","accept":"video/webm,video/ogg,video/*;q=0.9,application/ogg;q=0.7,audio/*;q=0.6,*/*;q=0.5","accept-language":"en-US,en;q=0.9","range":"bytes=0-","sec-gpc":"1","connection":"keep-alive","referer":"http://localhost:2368/ghost/","cookie":"**REDACTED**","sec-fetch-dest":"video","sec-fetch-mode":"no-cors","sec-fetch-site":"same-origin","accept-encoding":"identity","priority":"u=4"},"query":{}},"res":{"_headers":{"x-powered-by":"Express","accept-ranges":"bytes","cache-control":"public, max-age=0, immutable","last-modified":"Sat, 26 Oct 1985 08:15:00 GMT","etag":"W/\"1ff8a-7438674ba0\"","content-type":"video/mp4","content-range":"bytes 0-130953/130954","content-length":130954},"statusCode":206,"responseTime":"3ms"},"msg":"","time":"2026-03-03T21:19:35.017Z","v":0}
{"name":"Log","hostname":"a275c7126250","pid":1,"level":30,"version":"6.19.4","req":{"meta":{"requestId":"1ca18e73-1f6a-499e-9f09-7eafaff14bf4","userId":null},"url":"/favicon.ico","method":"GET","originalUrl":"/favicon.ico","params":{"0":"ico"},"headers":{"host":"localhost:2368","user-agent":"Mozilla/5.0 (Macintosh; Intel Mac OS X 10.15; rv:148.0) Gecko/20100101 Firefox/148.0","accept":"image/avif,image/jxl,image/webp,image/png,image/svg+xml,image/*;q=0.8,*/*;q=0.5","accept-language":"en-US,en;q=0.9","accept-encoding":"gzip, deflate, br, zstd","sec-gpc":"1","connection":"keep-alive","referer":"http://localhost:2368/ghost/","cookie":"**REDACTED**","sec-fetch-dest":"image","sec-fetch-mode":"no-cors","sec-fetch-site":"same-origin","priority":"u=6"},"query":{}},"res":{"_headers":{"x-powered-by":"Express","content-type":"image/x-icon","etag":"\"a9c6dbdcdc3ae568f4e0dad92149a0e3\"","cache-control":"public, max-age=86400","vary":"Accept-Encoding","content-encoding":"br"},"statusCode":200,"responseTime":"3ms"},"msg":"","time":"2026-03-03T21:19:35.101Z","v":0}
{"name":"Log","hostname":"a275c7126250","pid":1,"level":50,"version":"6.19.4","req":{"meta":{"requestId":"962e5e7a-ba31-4e1d-a4d4-59194e0d2269","userId":null},"url":"/users/me/?include=roles","method":"GET","originalUrl":"/ghost/api/admin/users/me/?include=roles","params":{},"headers":{"host":"localhost:2368","user-agent":"Mozilla/5.0 (Macintosh; Intel Mac OS X 10.15; rv:148.0) Gecko/20100101 Firefox/148.0","accept":"application/json, text/javascript, */*; q=0.01","accept-language":"en-US,en;q=0.9","accept-encoding":"gzip, deflate, br, zstd","content-type":"application/json; charset=UTF-8","app-pragma":"no-cache","x-requested-with":"XMLHttpRequest","sec-gpc":"1","connection":"keep-alive","referer":"http://localhost:2368/ghost/","cookie":"**REDACTED**","sec-fetch-dest":"empty","sec-fetch-mode":"cors","sec-fetch-site":"same-origin"},"query":{"include":"roles"}},"res":{"_headers":{"x-powered-by":"Express","content-version":"v6.19","vary":"Accept-Version, Accept-Encoding","cache-control":"no-cache, private, no-store, must-revalidate, max-stale=0, post-check=0, pre-check=0","content-type":"application/json; charset=utf-8","content-length":"343","etag":"W/\"157-FBsauXsTG0Jgw1CdKFxg9LLYFu4\""},"statusCode":403,"responseTime":"8ms"},"err":{"id":"ad7e6f50-1746-11f1-b432-61181747bab0","domain":"http://localhost:2368","code":null,"name":"NoPermissionError","statusCode":403,"level":"normal","message":"Authorization failed","context":"\"Unable to determine the authenticated user or integration. Check that cookies are being passed through if using session authentication.\"","stack":"NoPermissionError: Authorization failed\n    at authorizeAdminApi (/var/lib/ghost/versions/6.19.4/core/server/services/auth/authorize.js:33:25)\n    at Layer.handle [as handle_request] (/var/lib/ghost/versions/6.19.4/node_modules/express/lib/router/layer.js:95:5)\n    at next (/var/lib/ghost/versions/6.19.4/node_modules/express/lib/router/route.js:149:13)\n    at authenticate (/var/lib/ghost/versions/6.19.4/core/server/services/auth/session/middleware.js:55:13)\n    at process.processTicksAndRejections (node:internal/process/task_queues:105:5)","hideStack":false},"msg":"Authorization failed","time":"2026-03-03T21:19:35.113Z","v":0}
{"name":"Log","hostname":"a275c7126250","pid":1,"level":50,"version":"6.19.4","req":{"meta":{"requestId":"922962f7-7947-4d48-94fe-19b28b444acb","userId":null},"url":"/users/me/?include=roles","method":"GET","originalUrl":"/ghost/api/admin/users/me/?include=roles","params":{},"headers":{"host":"localhost:2368","user-agent":"Mozilla/5.0 (Macintosh; Intel Mac OS X 10.15; rv:148.0) Gecko/20100101 Firefox/148.0","accept":"*/*","accept-language":"en-US,en;q=0.9","accept-encoding":"gzip, deflate, br, zstd","referer":"http://localhost:2368/ghost/","app-pragma":"no-cache","sec-gpc":"1","connection":"keep-alive","cookie":"**REDACTED**","sec-fetch-dest":"empty","sec-fetch-mode":"cors","sec-fetch-site":"same-origin","priority":"u=4"},"query":{"include":"roles"}},"res":{"_headers":{"x-powered-by":"Express","content-version":"v6.19","vary":"Accept-Version, Accept-Encoding","cache-control":"no-cache, private, no-store, must-revalidate, max-stale=0, post-check=0, pre-check=0","content-type":"application/json; charset=utf-8","content-length":"343","etag":"W/\"157-oaXWd/yQEmYAPob7m+5vJg6e9Ls\""},"statusCode":403,"responseTime":"4ms"},"err":{"id":"ad812e70-1746-11f1-b432-61181747bab0","domain":"http://localhost:2368","code":null,"name":"NoPermissionError","statusCode":403,"level":"normal","message":"Authorization failed","context":"\"Unable to determine the authenticated user or integration. Check that cookies are being passed through if using session authentication.\"","stack":"NoPermissionError: Authorization failed\n    at authorizeAdminApi (/var/lib/ghost/versions/6.19.4/core/server/services/auth/authorize.js:33:25)\n    at Layer.handle [as handle_request] (/var/lib/ghost/versions/6.19.4/node_modules/express/lib/router/layer.js:95:5)\n    at next (/var/lib/ghost/versions/6.19.4/node_modules/express/lib/router/route.js:149:13)\n    at authenticate (/var/lib/ghost/versions/6.19.4/core/server/services/auth/session/middleware.js:55:13)\n    at process.processTicksAndRejections (node:internal/process/task_queues:105:5)","hideStack":false},"msg":"Authorization failed","time":"2026-03-03T21:19:35.129Z","v":0}
{"name":"Log","hostname":"a275c7126250","pid":1,"level":50,"version":"6.19.4","req":{"meta":{"requestId":"aacc2949-92b3-45ba-8eb2-5b0ea0849523","userId":null},"url":"/settings/?group=site%2Ctheme%2Cprivate%2Cmembers%2Cportal%2Cnewsletter%2Cemail%2Clabs%2Cslack%2Cunsplash%2Cviews%2Cfirstpromoter%2Ceditor%2Ccomments%2Canalytics%2Cannouncement%2Cpintura%2Cdonations%2Csecurity%2Csocial_web%2Cexplore%2Ctransistor","method":"GET","originalUrl":"/ghost/api/admin/settings/?group=site%2Ctheme%2Cprivate%2Cmembers%2Cportal%2Cnewsletter%2Cemail%2Clabs%2Cslack%2Cunsplash%2Cviews%2Cfirstpromoter%2Ceditor%2Ccomments%2Canalytics%2Cannouncement%2Cpintura%2Cdonations%2Csecurity%2Csocial_web%2Cexplore%2Ctransistor","params":{},"headers":{"host":"localhost:2368","user-agent":"Mozilla/5.0 (Macintosh; Intel Mac OS X 10.15; rv:148.0) Gecko/20100101 Firefox/148.0","accept":"*/*","accept-language":"en-US,en;q=0.9","accept-encoding":"gzip, deflate, br, zstd","referer":"http://localhost:2368/ghost/","app-pragma":"no-cache","sec-gpc":"1","connection":"keep-alive","cookie":"**REDACTED**","sec-fetch-dest":"empty","sec-fetch-mode":"cors","sec-fetch-site":"same-origin","priority":"u=4"},"query":{"group":"site,theme,private,members,portal,newsletter,email,labs,slack,unsplash,views,firstpromoter,editor,comments,analytics,announcement,pintura,donations,security,social_web,explore,transistor"}},"res":{"_headers":{"x-powered-by":"Express","content-version":"v6.19","vary":"Accept-Version, Accept-Encoding","cache-control":"no-cache, private, no-store, must-revalidate, max-stale=0, post-check=0, pre-check=0","content-type":"application/json; charset=utf-8","content-length":"343","etag":"W/\"157-sx/L4ZahCU5IVatZL99Q/7IkrdY\""},"statusCode":403,"responseTime":"2ms"},"err":{"id":"ad81cab0-1746-11f1-b432-61181747bab0","domain":"http://localhost:2368","code":null,"name":"NoPermissionError","statusCode":403,"level":"normal","message":"Authorization failed","context":"\"Unable to determine the authenticated user or integration. Check that cookies are being passed through if using session authentication.\"","stack":"NoPermissionError: Authorization failed\n    at authorizeAdminApi (/var/lib/ghost/versions/6.19.4/core/server/services/auth/authorize.js:33:25)\n    at Layer.handle [as handle_request] (/var/lib/ghost/versions/6.19.4/node_modules/express/lib/router/layer.js:95:5)\n    at next (/var/lib/ghost/versions/6.19.4/node_modules/express/lib/router/route.js:149:13)\n    at authenticate (/var/lib/ghost/versions/6.19.4/core/server/services/auth/session/middleware.js:55:13)\n    at process.processTicksAndRejections (node:internal/process/task_queues:105:5)","hideStack":false},"msg":"Authorization failed","time":"2026-03-03T21:19:35.133Z","v":0}
{"name":"Log","hostname":"a275c7126250","pid":1,"level":30,"version":"6.19.4","req":{"meta":{"requestId":"f7a0798e-2209-40d8-a6b0-cf0126905599","userId":null},"url":"/site/","method":"GET","originalUrl":"/ghost/api/admin/site/","params":{},"headers":{"host":"localhost:2368","user-agent":"Mozilla/5.0 (Macintosh; Intel Mac OS X 10.15; rv:148.0) Gecko/20100101 Firefox/148.0","accept":"application/json, text/javascript, */*; q=0.01","accept-language":"en-US,en;q=0.9","accept-encoding":"gzip, deflate, br, zstd","content-type":"application/json; charset=UTF-8","app-pragma":"no-cache","x-requested-with":"XMLHttpRequest","sec-gpc":"1","connection":"keep-alive","referer":"http://localhost:2368/ghost/","cookie":"**REDACTED**","sec-fetch-dest":"empty","sec-fetch-mode":"cors","sec-fetch-site":"same-origin"},"query":{}},"res":{"_headers":{"x-powered-by":"Express","content-version":"v6.19","vary":"Accept-Version, Accept-Encoding","cache-control":"no-cache, private, no-store, must-revalidate, max-stale=0, post-check=0, pre-check=0","content-type":"application/json; charset=utf-8","content-length":"338","etag":"W/\"152-5pNYDJu6J00mzVXYRlbOhiMEoy8\""},"statusCode":200,"responseTime":"3ms"},"msg":"","time":"2026-03-03T21:19:35.137Z","v":0}
{"name":"Log","hostname":"a275c7126250","pid":1,"level":30,"version":"6.19.4","req":{"meta":{"requestId":"bdb1cabf-52f9-4f5a-ab33-5c3ea82dc91a","userId":null},"url":"/authentication/setup/","method":"GET","originalUrl":"/ghost/api/admin/authentication/setup/","params":{},"headers":{"host":"localhost:2368","user-agent":"Mozilla/5.0 (Macintosh; Intel Mac OS X 10.15; rv:148.0) Gecko/20100101 Firefox/148.0","accept":"application/json, text/javascript, */*; q=0.01","accept-language":"en-US,en;q=0.9","accept-encoding":"gzip, deflate, br, zstd","content-type":"application/json; charset=UTF-8","app-pragma":"no-cache","x-requested-with":"XMLHttpRequest","sec-gpc":"1","connection":"keep-alive","referer":"http://localhost:2368/ghost/","cookie":"**REDACTED**","sec-fetch-dest":"empty","sec-fetch-mode":"cors","sec-fetch-site":"same-origin"},"query":{}},"res":{"_headers":{"x-powered-by":"Express","content-version":"v6.19","vary":"Accept-Version, Accept-Encoding","cache-control":"no-cache, private, no-store, must-revalidate, max-stale=0, post-check=0, pre-check=0","content-type":"application/json; charset=utf-8","content-length":"28","etag":"W/\"1c-sQKS0vX9z/0iYRVKKjytkkIupoI\""},"statusCode":200,"responseTime":"30ms"},"msg":"","time":"2026-03-03T21:19:35.173Z","v":0}
{"name":"Log","hostname":"a275c7126250","pid":1,"level":30,"version":"6.19.4","req":{"meta":{"requestId":"3f7217f5-6ab5-4987-96ee-09452992ab10","userId":null},"url":"/img/logos/orb-black-1-32b72766be2164fdea6ab2565fb1c137.png","method":"GET","originalUrl":"/ghost/assets/img/logos/orb-black-1-32b72766be2164fdea6ab2565fb1c137.png","params":{},"headers":{"host":"localhost:2368","user-agent":"Mozilla/5.0 (Macintosh; Intel Mac OS X 10.15; rv:148.0) Gecko/20100101 Firefox/148.0","accept":"image/avif,image/jxl,image/webp,image/png,image/svg+xml,image/*;q=0.8,*/*;q=0.5","accept-language":"en-US,en;q=0.9","accept-encoding":"gzip, deflate, br, zstd","sec-gpc":"1","connection":"keep-alive","referer":"http://localhost:2368/ghost/","cookie":"**REDACTED**","sec-fetch-dest":"image","sec-fetch-mode":"no-cors","sec-fetch-site":"same-origin","priority":"u=4, i"},"query":{}},"res":{"_headers":{"x-powered-by":"Express","accept-ranges":"bytes","cache-control":"public, max-age=0, immutable","last-modified":"Sat, 26 Oct 1985 08:15:00 GMT","etag":"W/\"ca4a-7438674ba0\"","content-type":"image/png","content-length":51786},"statusCode":200,"responseTime":"4ms"},"msg":"","time":"2026-03-03T21:19:35.195Z","v":0}
{"name":"Log","hostname":"a275c7126250","pid":1,"level":30,"version":"6.19.4","req":{"meta":{"requestId":"a9569d3d-5556-4ed0-a936-f7179aca8ff4","userId":null},"url":"/fonts/Inter-roman.var-66c6e40883646a7ad993108b2ce2da32.woff2","method":"GET","originalUrl":"/ghost/assets/fonts/Inter-roman.var-66c6e40883646a7ad993108b2ce2da32.woff2","params":{},"headers":{"host":"localhost:2368","user-agent":"Mozilla/5.0 (Macintosh; Intel Mac OS X 10.15; rv:148.0) Gecko/20100101 Firefox/148.0","accept":"application/font-woff2;q=1.0,application/font-woff;q=0.9,*/*;q=0.8","accept-language":"en-US,en;q=0.9","accept-encoding":"identity","sec-gpc":"1","connection":"keep-alive","referer":"http://localhost:2368/ghost/assets/ghost-1627c2071621864e79a845529769ff19.css","cookie":"**REDACTED**","sec-fetch-dest":"font","sec-fetch-mode":"cors","sec-fetch-site":"same-origin"},"query":{}},"res":{"_headers":{"x-powered-by":"Express","accept-ranges":"bytes","cache-control":"public, max-age=0, immutable","last-modified":"Sat, 26 Oct 1985 08:15:00 GMT","etag":"W/\"3776c-7438674ba0\"","content-type":"font/woff2","content-length":227180},"statusCode":200,"responseTime":"2ms"},"msg":"","time":"2026-03-03T21:19:35.200Z","v":0}
{"name":"Log","hostname":"a275c7126250","pid":1,"level":30,"version":"6.19.4","worker":{"resourceLimits":{"maxYoungGenerationSizeMb":48,"maxOldGenerationSizeMb":2048,"codeRangeSizeMb":0,"stackSizeMb":4},"threadId":5},"msg":"Worker for job \"process-outbox\" online","time":"2026-03-03T21:20:35.807Z","v":0}
{"name":"Log","hostname":"a275c7126250","pid":1,"level":30,"version":"6.19.4","msg":"Worker for job process-outbox sent a message: done","time":"2026-03-03T21:20:35.811Z","v":0}
{"name":"Log","hostname":"a275c7126250","pid":1,"level":30,"version":"6.19.4","msg":"[OUTBOX] No pending outbox entries to process","time":"2026-03-03T21:20:35.819Z","v":0}
{"name":"Log","hostname":"a275c7126250","pid":1,"level":30,"version":"6.19.4","msg":"Adding one-off job to inlineQueue with current length = 0 called 'sendWebmentions'","time":"2026-03-03T21:21:16.118Z","v":0}
{"name":"Log","hostname":"a275c7126250","pid":1,"level":30,"version":"6.19.4","req":{"meta":{"requestId":"6c536d0d-648c-450d-839e-819d9cff748a","userId":null},"url":"/authentication/setup/","method":"POST","originalUrl":"/ghost/api/admin/authentication/setup/","params":{},"headers":{"host":"localhost:2368","user-agent":"Mozilla/5.0 (Macintosh; Intel Mac OS X 10.15; rv:148.0) Gecko/20100101 Firefox/148.0","accept":"application/json, text/javascript, */*; q=0.01","accept-language":"en-US,en;q=0.9","accept-encoding":"gzip, deflate, br, zstd","content-type":"application/json; charset=UTF-8","app-pragma":"no-cache","x-requested-with":"XMLHttpRequest","content-length":"149","origin":"http://localhost:2368","sec-gpc":"1","connection":"keep-alive","referer":"http://localhost:2368/ghost/","cookie":"**REDACTED**","sec-fetch-dest":"empty","sec-fetch-mode":"cors","sec-fetch-site":"same-origin","priority":"u=0"},"query":{}},"res":{"_headers":{"x-powered-by":"Express","content-version":"v6.19","vary":"Accept-Version, Origin, Accept-Encoding","cache-control":"no-cache, private, no-store, must-revalidate, max-stale=0, post-check=0, pre-check=0","access-control-allow-origin":"http://localhost:2368","x-cache-invalidate":"/*","content-type":"application/json; charset=utf-8","content-length":"878","etag":"W/\"36e-WRKulRU6V09lRa+H0cggAXng0+E\""},"statusCode":201,"responseTime":"302ms"},"msg":"","time":"2026-03-03T21:21:16.166Z","v":0}
{"name":"Log","hostname":"a275c7126250","pid":1,"level":30,"version":"6.19.4","msg":"Adding one-off job to inlineQueue with current length = 0 called 'sendWebmentions'","time":"2026-03-03T21:21:16.203Z","v":0}
{"name":"Log","hostname":"a275c7126250","pid":1,"level":50,"version":"6.19.4","err":{"id":"e9cad610-1746-11f1-b432-61181747bab0","domain":"http://localhost:2368","code":null,"name":"EmailError","statusCode":500,"level":"normal","message":"Failed to send email. Reason: Email has been temporarily rejected.","context":"\"Unable to send welcome email, your site will continue to function.\"","help":"\"Please see https://ghost.org/docs/config/#mail for instructions on configuring email.\"","stack":"EmailError: Failed to send email. Reason: Email has been temporarily rejected.\n    at createMailError (/var/lib/ghost/versions/6.19.4/core/server/services/mail/ghost-mailer.js:90:12)\n    at GhostMailer.handleDirectTransportResponse (/var/lib/ghost/versions/6.19.4/core/server/services/mail/ghost-mailer.js:190:19)\n    at GhostMailer.send (/var/lib/ghost/versions/6.19.4/core/server/services/mail/ghost-mailer.js:152:25)\n    at process.processTicksAndRejections (node:internal/process/task_queues:105:5)\n    at async getResponse (/var/lib/ghost/versions/6.19.4/node_modules/@tryghost/api-framework/lib/pipeline.js:259:34)\n    at async Object.ImplWrapper [as send] (/var/lib/ghost/versions/6.19.4/node_modules/@tryghost/api-framework/lib/pipeline.js:264:30)\n    at async /var/lib/ghost/versions/6.19.4/core/server/services/auth/setup.js:186:17","hideStack":false},"msg":"Failed to send email. Reason: Email has been temporarily rejected.","time":"2026-03-03T21:21:16.274Z","v":0}
{"name":"Log","hostname":"a275c7126250","pid":1,"level":30,"version":"6.19.4","req":{"meta":{"requestId":"323f0bdf-e02b-41b4-ac01-987585ffb706","userId":"69a74bc62ef78a0001b0912c"},"url":"/session","method":"POST","originalUrl":"/ghost/api/admin/session","params":{},"headers":{"host":"localhost:2368","user-agent":"Mozilla/5.0 (Macintosh; Intel Mac OS X 10.15; rv:148.0) Gecko/20100101 Firefox/148.0","accept":"text/plain, */*; q=0.01","accept-language":"en-US,en;q=0.9","accept-encoding":"gzip, deflate, br, zstd","content-type":"application/json;charset=utf-8","app-pragma":"no-cache","x-requested-with":"XMLHttpRequest","content-length":"90","origin":"http://localhost:2368","sec-gpc":"1","connection":"keep-alive","referer":"http://localhost:2368/ghost/","cookie":"**REDACTED**","sec-fetch-dest":"empty","sec-fetch-mode":"cors","sec-fetch-site":"same-origin"},"query":{}},"res":{"_headers":{"x-powered-by":"Express","content-version":"v6.19","vary":"Accept-Version, Origin, Accept-Encoding","cache-control":"no-cache, private, no-store, must-revalidate, max-stale=0, post-check=0, pre-check=0","access-control-allow-origin":"http://localhost:2368","content-type":"text/plain; charset=utf-8","content-length":"7","etag":"W/\"7-rM9AyJuqT6iOan/xHh+AW+7K/T8\"","set-cookie":"**REDACTED**"},"statusCode":201,"responseTime":"93ms"},"msg":"","time":"2026-03-03T21:21:16.292Z","v":0}
{"name":"Log","hostname":"a275c7126250","pid":1,"level":30,"version":"6.19.4","req":{"meta":{"requestId":"ff79763f-87c8-4e5d-a026-d44190aade68","userId":"69a74bc62ef78a0001b0912c"},"url":"/users/me/?include=roles","method":"GET","originalUrl":"/ghost/api/admin/users/me/?include=roles","params":{"id":"me"},"headers":{"host":"localhost:2368","user-agent":"Mozilla/5.0 (Macintosh; Intel Mac OS X 10.15; rv:148.0) Gecko/20100101 Firefox/148.0","accept":"application/json, text/javascript, */*; q=0.01","accept-language":"en-US,en;q=0.9","accept-encoding":"gzip, deflate, br, zstd","content-type":"application/json; charset=UTF-8","app-pragma":"no-cache","x-requested-with":"XMLHttpRequest","sec-gpc":"1","connection":"keep-alive","referer":"http://localhost:2368/ghost/","cookie":"**REDACTED**","sec-fetch-dest":"empty","sec-fetch-mode":"cors","sec-fetch-site":"same-origin"},"query":{"include":"roles"}},"res":{"_headers":{"x-powered-by":"Express","content-version":"v6.19","vary":"Accept-Version, Accept-Encoding","cache-control":"no-cache, private, no-store, must-revalidate, max-stale=0, post-check=0, pre-check=0","content-type":"application/json; charset=utf-8","etag":"W/\"42a-2jvAE3x83vXhZScmRIQTqLL1IJY\"","content-encoding":"br"},"statusCode":200,"responseTime":"9ms"},"msg":"","time":"2026-03-03T21:21:16.304Z","v":0}
{"name":"Log","hostname":"a275c7126250","pid":1,"level":30,"version":"6.19.4","req":{"meta":{"requestId":"cc820738-9a5c-4583-a595-95745cfa098f","userId":"69a74bc62ef78a0001b0912c"},"url":"/config/","method":"GET","originalUrl":"/ghost/api/admin/config/","params":{},"headers":{"host":"localhost:2368","user-agent":"Mozilla/5.0 (Macintosh; Intel Mac OS X 10.15; rv:148.0) Gecko/20100101 Firefox/148.0","accept":"application/json, text/javascript, */*; q=0.01","accept-language":"en-US,en;q=0.9","accept-encoding":"gzip, deflate, br, zstd","content-type":"application/json; charset=UTF-8","app-pragma":"no-cache","x-requested-with":"XMLHttpRequest","sec-gpc":"1","connection":"keep-alive","referer":"http://localhost:2368/ghost/","cookie":"**REDACTED**","sec-fetch-dest":"empty","sec-fetch-mode":"cors","sec-fetch-site":"same-origin"},"query":{}},"res":{"_headers":{"x-powered-by":"Express","content-version":"v6.19","vary":"Accept-Version, Accept-Encoding","cache-control":"no-cache, private, no-store, must-revalidate, max-stale=0, post-check=0, pre-check=0","content-type":"application/json; charset=utf-8","content-length":"587","etag":"W/\"24b-9eRkvYLIOv2FFtI5wHaqw0EPYuU\""},"statusCode":200,"responseTime":"9ms"},"msg":"","time":"2026-03-03T21:21:16.319Z","v":0}
{"name":"Log","hostname":"a275c7126250","pid":1,"level":30,"version":"6.19.4","req":{"meta":{"requestId":"7d8540cb-7ba1-46d8-8349-ebb264ff6972","userId":"69a74bc62ef78a0001b0912c"},"url":"/tiers/?filter=type%3Apaid%2Bactive%3Atrue&limit=100&page=1","method":"GET","originalUrl":"/ghost/api/admin/tiers/?filter=type%3Apaid%2Bactive%3Atrue&limit=100&page=1","params":{},"headers":{"host":"localhost:2368","user-agent":"Mozilla/5.0 (Macintosh; Intel Mac OS X 10.15; rv:148.0) Gecko/20100101 Firefox/148.0","accept":"application/json, text/javascript, */*; q=0.01","accept-language":"en-US,en;q=0.9","accept-encoding":"gzip, deflate, br, zstd","content-type":"application/json; charset=UTF-8","app-pragma":"no-cache","x-requested-with":"XMLHttpRequest","sec-gpc":"1","connection":"keep-alive","referer":"http://localhost:2368/ghost/","cookie":"**REDACTED**","sec-fetch-dest":"empty","sec-fetch-mode":"cors","sec-fetch-site":"same-origin"},"query":{"filter":"type:paid+active:true","limit":"100","page":"1"}},"res":{"_headers":{"x-powered-by":"Express","content-version":"v6.19","vary":"Accept-Version, Accept-Encoding","cache-control":"no-cache, private, no-store, must-revalidate, max-stale=0, post-check=0, pre-check=0","content-type":"application/json; charset=utf-8","content-length":"435","etag":"W/\"1b3-vzF017V+Oxkgy+IU/3RubZQL2Tk\""},"statusCode":200,"responseTime":"16ms"},"msg":"","time":"2026-03-03T21:21:16.329Z","v":0}
{"name":"Log","hostname":"a275c7126250","pid":1,"level":30,"version":"6.19.4","req":{"meta":{"requestId":"4adf9bd4-e44e-4449-b281-502079482e32","userId":"69a74bc62ef78a0001b0912c"},"url":"/settings/?group=site%2Ctheme%2Cprivate%2Cmembers%2Cportal%2Cnewsletter%2Cemail%2Clabs%2Cslack%2Cunsplash%2Cviews%2Cfirstpromoter%2Ceditor%2Ccomments%2Canalytics%2Cannouncement%2Cpintura%2Cdonations%2Crecommendations%2Csecurity%2Csocial_web%2Cexplore","method":"GET","originalUrl":"/ghost/api/admin/settings/?group=site%2Ctheme%2Cprivate%2Cmembers%2Cportal%2Cnewsletter%2Cemail%2Clabs%2Cslack%2Cunsplash%2Cviews%2Cfirstpromoter%2Ceditor%2Ccomments%2Canalytics%2Cannouncement%2Cpintura%2Cdonations%2Crecommendations%2Csecurity%2Csocial_web%2Cexplore","params":{},"headers":{"host":"localhost:2368","user-agent":"Mozilla/5.0 (Macintosh; Intel Mac OS X 10.15; rv:148.0) Gecko/20100101 Firefox/148.0","accept":"application/json, text/javascript, */*; q=0.01","accept-language":"en-US,en;q=0.9","accept-encoding":"gzip, deflate, br, zstd","content-type":"application/json; charset=UTF-8","app-pragma":"no-cache","x-requested-with":"XMLHttpRequest","sec-gpc":"1","connection":"keep-alive","referer":"http://localhost:2368/ghost/","cookie":"**REDACTED**","sec-fetch-dest":"empty","sec-fetch-mode":"cors","sec-fetch-site":"same-origin"},"query":{"group":"site,theme,private,members,portal,newsletter,email,labs,slack,unsplash,views,firstpromoter,editor,comments,analytics,announcement,pintura,donations,recommendations,security,social_web,explore"}},"res":{"_headers":{"x-powered-by":"Express","content-version":"v6.19","vary":"Accept-Version, Accept-Encoding","cache-control":"no-cache, private, no-store, must-revalidate, max-stale=0, post-check=0, pre-check=0","content-type":"application/json; charset=utf-8","etag":"W/\"1280-dNq68c8DI4SeVYPWTz8mu5tKV8w\"","content-encoding":"br"},"statusCode":200,"responseTime":"18ms"},"msg":"","time":"2026-03-03T21:21:16.330Z","v":0}
{"name":"Log","hostname":"a275c7126250","pid":1,"level":30,"version":"6.19.4","req":{"meta":{"requestId":"3726230b-7603-4673-ac88-9ce3d49d8c4c","userId":null},"url":"/ghost-dark-ca52a377ab8923f7121937d17286304b.css","method":"GET","originalUrl":"/ghost/assets/ghost-dark-ca52a377ab8923f7121937d17286304b.css","params":{},"headers":{"host":"localhost:2368","user-agent":"Mozilla/5.0 (Macintosh; Intel Mac OS X 10.15; rv:148.0) Gecko/20100101 Firefox/148.0","accept":"text/css,*/*;q=0.1","accept-language":"en-US,en;q=0.9","accept-encoding":"gzip, deflate, br, zstd","sec-gpc":"1","connection":"keep-alive","referer":"http://localhost:2368/ghost/","cookie":"**REDACTED**","sec-fetch-dest":"style","sec-fetch-mode":"no-cors","sec-fetch-site":"same-origin","priority":"u=4"},"query":{}},"res":{"_headers":{"x-powered-by":"Express","accept-ranges":"bytes","cache-control":"public, max-age=0, immutable","last-modified":"Sat, 26 Oct 1985 08:15:00 GMT","etag":"W/\"7e433-7438674ba0\"","content-type":"text/css; charset=UTF-8","vary":"Accept-Encoding","content-encoding":"br"},"statusCode":200,"responseTime":"6ms"},"msg":"","time":"2026-03-03T21:21:16.341Z","v":0}
{"name":"Log","hostname":"a275c7126250","pid":1,"level":30,"version":"6.19.4","req":{"meta":{"requestId":"c03e3587-af8e-4adb-836a-afbbd233bf40","userId":"69a74bc62ef78a0001b0912c"},"url":"/notifications/","method":"GET","originalUrl":"/ghost/api/admin/notifications/","params":{},"headers":{"host":"localhost:2368","user-agent":"Mozilla/5.0 (Macintosh; Intel Mac OS X 10.15; rv:148.0) Gecko/20100101 Firefox/148.0","accept":"application/json, text/javascript, */*; q=0.01","accept-language":"en-US,en;q=0.9","accept-encoding":"gzip, deflate, br, zstd","content-type":"application/json; charset=UTF-8","app-pragma":"no-cache","x-requested-with":"XMLHttpRequest","sec-gpc":"1","connection":"keep-alive","referer":"http://localhost:2368/ghost/","cookie":"**REDACTED**","sec-fetch-dest":"empty","sec-fetch-mode":"cors","sec-fetch-site":"same-origin"},"query":{}},"res":{"_headers":{"x-powered-by":"Express","content-version":"v6.19","vary":"Accept-Version, Accept-Encoding","cache-control":"no-cache, private, no-store, must-revalidate, max-stale=0, post-check=0, pre-check=0","content-type":"application/json; charset=utf-8","content-length":"243","etag":"W/\"f3-48qIcAfPbcrwp6JUDc5NwL1f7G0\""},"statusCode":200,"responseTime":"60ms"},"msg":"","time":"2026-03-03T21:21:16.415Z","v":0}
{"name":"Log","hostname":"a275c7126250","pid":1,"level":30,"version":"6.19.4","req":{"meta":{"requestId":"745a3ff0-8e12-44c9-99bc-057ebd0d9b64","userId":"69a74bc62ef78a0001b0912c"},"url":"/themes/active/","method":"GET","originalUrl":"/ghost/api/admin/themes/active/","params":{},"headers":{"host":"localhost:2368","user-agent":"Mozilla/5.0 (Macintosh; Intel Mac OS X 10.15; rv:148.0) Gecko/20100101 Firefox/148.0","accept":"application/json, text/javascript, */*; q=0.01","accept-language":"en-US,en;q=0.9","accept-encoding":"gzip, deflate, br, zstd","content-type":"application/json; charset=UTF-8","app-pragma":"no-cache","x-requested-with":"XMLHttpRequest","sec-gpc":"1","connection":"keep-alive","referer":"http://localhost:2368/ghost/","cookie":"**REDACTED**","sec-fetch-dest":"empty","sec-fetch-mode":"cors","sec-fetch-site":"same-origin"},"query":{}},"res":{"_headers":{"x-powered-by":"Express","content-version":"v6.19","vary":"Accept-Version, Accept-Encoding","cache-control":"no-cache, private, no-store, must-revalidate, max-stale=0, post-check=0, pre-check=0","content-type":"application/json; charset=utf-8","etag":"W/\"e93-rJ65zfyElQqbqi/vH2pWLKGkojE\"","content-encoding":"br"},"statusCode":200,"responseTime":"87ms"},"msg":"","time":"2026-03-03T21:21:16.441Z","v":0}
{"name":"Log","hostname":"a275c7126250","pid":1,"level":30,"version":"6.19.4","req":{"meta":{"requestId":"1c4bbf23-c448-4593-b858-e8f9697ef418","userId":"69a74bc62ef78a0001b0912c"},"url":"/settings/?group=site%2Ctheme%2Cprivate%2Cmembers%2Cportal%2Cnewsletter%2Cemail%2Clabs%2Cslack%2Cunsplash%2Cviews%2Cfirstpromoter%2Ceditor%2Ccomments%2Canalytics%2Cannouncement%2Cpintura%2Cdonations%2Csecurity%2Csocial_web%2Cexplore%2Ctransistor","method":"GET","originalUrl":"/ghost/api/admin/settings/?group=site%2Ctheme%2Cprivate%2Cmembers%2Cportal%2Cnewsletter%2Cemail%2Clabs%2Cslack%2Cunsplash%2Cviews%2Cfirstpromoter%2Ceditor%2Ccomments%2Canalytics%2Cannouncement%2Cpintura%2Cdonations%2Csecurity%2Csocial_web%2Cexplore%2Ctransistor","params":{},"headers":{"host":"localhost:2368","user-agent":"Mozilla/5.0 (Macintosh; Intel Mac OS X 10.15; rv:148.0) Gecko/20100101 Firefox/148.0","accept":"*/*","accept-language":"en-US,en;q=0.9","accept-encoding":"gzip, deflate, br, zstd","referer":"http://localhost:2368/ghost/","app-pragma":"no-cache","sec-gpc":"1","connection":"keep-alive","cookie":"**REDACTED**","sec-fetch-dest":"empty","sec-fetch-mode":"cors","sec-fetch-site":"same-origin","priority":"u=4"},"query":{"group":"site,theme,private,members,portal,newsletter,email,labs,slack,unsplash,views,firstpromoter,editor,comments,analytics,announcement,pintura,donations,security,social_web,explore,transistor"}},"res":{"_headers":{"x-powered-by":"Express","content-version":"v6.19","vary":"Accept-Version, Accept-Encoding","cache-control":"no-cache, private, no-store, must-revalidate, max-stale=0, post-check=0, pre-check=0","content-type":"application/json; charset=utf-8","etag":"W/\"13c4-ClTh2ZU7CwEuMps2TTFN15eIXvo\"","content-encoding":"br"},"statusCode":200,"responseTime":"86ms"},"msg":"","time":"2026-03-03T21:21:16.450Z","v":0}
{"name":"Log","hostname":"a275c7126250","pid":1,"level":30,"version":"6.19.4","req":{"meta":{"requestId":"3072e110-5713-420a-8249-3904b4d53e5c","userId":null},"url":"/index-cGaNwBHf.js","method":"GET","originalUrl":"/ghost/assets/index-cGaNwBHf.js","params":{},"headers":{"host":"localhost:2368","user-agent":"Mozilla/5.0 (Macintosh; Intel Mac OS X 10.15; rv:148.0) Gecko/20100101 Firefox/148.0","accept":"*/*","accept-language":"en-US,en;q=0.9","accept-encoding":"gzip, deflate, br, zstd","sec-gpc":"1","connection":"keep-alive","referer":"http://localhost:2368/ghost/","cookie":"**REDACTED**","sec-fetch-dest":"script","sec-fetch-mode":"cors","sec-fetch-site":"same-origin","priority":"u=1"},"query":{}},"res":{"_headers":{"x-powered-by":"Express","accept-ranges":"bytes","cache-control":"public, max-age=0, immutable","last-modified":"Sat, 26 Oct 1985 08:15:00 GMT","etag":"W/\"5a8d-7438674ba0\"","content-type":"application/javascript; charset=UTF-8","vary":"Accept-Encoding","content-encoding":"br"},"statusCode":200,"responseTime":"28ms"},"msg":"","time":"2026-03-03T21:21:16.450Z","v":0}
{"name":"Log","hostname":"a275c7126250","pid":1,"level":30,"version":"6.19.4","req":{"meta":{"requestId":"aca9e6b8-aff0-45c7-9dea-52042c28ee13","userId":"69a74bc62ef78a0001b0912c"},"url":"/users/me/?include=roles","method":"GET","originalUrl":"/ghost/api/admin/users/me/?include=roles","params":{"id":"me"},"headers":{"host":"localhost:2368","user-agent":"Mozilla/5.0 (Macintosh; Intel Mac OS X 10.15; rv:148.0) Gecko/20100101 Firefox/148.0","accept":"*/*","accept-language":"en-US,en;q=0.9","accept-encoding":"gzip, deflate, br, zstd","referer":"http://localhost:2368/ghost/","app-pragma":"no-cache","sec-gpc":"1","connection":"keep-alive","cookie":"**REDACTED**","sec-fetch-dest":"empty","sec-fetch-mode":"cors","sec-fetch-site":"same-origin","priority":"u=4"},"query":{"include":"roles"}},"res":{"_headers":{"x-powered-by":"Express","content-version":"v6.19","vary":"Accept-Version, Accept-Encoding","cache-control":"no-cache, private, no-store, must-revalidate, max-stale=0, post-check=0, pre-check=0","content-type":"application/json; charset=utf-8","etag":"W/\"42a-2jvAE3x83vXhZScmRIQTqLL1IJY\"","content-encoding":"br"},"statusCode":200,"responseTime":"97ms"},"msg":"","time":"2026-03-03T21:21:16.456Z","v":0}
{"name":"Log","hostname":"a275c7126250","pid":1,"level":30,"version":"6.19.4","req":{"meta":{"requestId":"c972bf05-6411-46b4-8a51-8b8d82944c4b","userId":null},"url":"/stats-view-wiL10qez.js","method":"GET","originalUrl":"/ghost/assets/stats-view-wiL10qez.js","params":{},"headers":{"host":"localhost:2368","user-agent":"Mozilla/5.0 (Macintosh; Intel Mac OS X 10.15; rv:148.0) Gecko/20100101 Firefox/148.0","accept":"*/*","accept-language":"en-US,en;q=0.9","accept-encoding":"gzip, deflate, br, zstd","sec-gpc":"1","connection":"keep-alive","referer":"http://localhost:2368/ghost/","cookie":"**REDACTED**","sec-fetch-dest":"script","sec-fetch-mode":"cors","sec-fetch-site":"same-origin","priority":"u=1"},"query":{}},"res":{"_headers":{"x-powered-by":"Express","accept-ranges":"bytes","cache-control":"public, max-age=0, immutable","last-modified":"Sat, 26 Oct 1985 08:15:00 GMT","etag":"W/\"19fc-7438674ba0\"","content-type":"application/javascript; charset=UTF-8","vary":"Accept-Encoding","content-encoding":"br"},"statusCode":200,"responseTime":"11ms"},"msg":"","time":"2026-03-03T21:21:16.457Z","v":0}
{"name":"Log","hostname":"a275c7126250","pid":1,"level":30,"version":"6.19.4","req":{"meta":{"requestId":"8f0475b1-0a57-4cb2-81d3-5c50e89cf430","userId":null},"url":"/loader-circle-BKwKeaC8.js","method":"GET","originalUrl":"/ghost/assets/loader-circle-BKwKeaC8.js","params":{},"headers":{"host":"localhost:2368","user-agent":"Mozilla/5.0 (Macintosh; Intel Mac OS X 10.15; rv:148.0) Gecko/20100101 Firefox/148.0","accept":"*/*","accept-language":"en-US,en;q=0.9","accept-encoding":"gzip, deflate, br, zstd","sec-gpc":"1","connection":"keep-alive","referer":"http://localhost:2368/ghost/","cookie":"**REDACTED**","sec-fetch-dest":"script","sec-fetch-mode":"cors","sec-fetch-site":"same-origin","priority":"u=1"},"query":{}},"res":{"_headers":{"x-powered-by":"Express","accept-ranges":"bytes","cache-control":"public, max-age=0, immutable","last-modified":"Sat, 26 Oct 1985 08:15:00 GMT","etag":"W/\"9e4-7438674ba0\"","content-type":"application/javascript; charset=UTF-8","vary":"Accept-Encoding","content-encoding":"br"},"statusCode":200,"responseTime":"7ms"},"msg":"","time":"2026-03-03T21:21:16.462Z","v":0}
{"name":"Log","hostname":"a275c7126250","pid":1,"level":30,"version":"6.19.4","req":{"meta":{"requestId":"912b84c3-ffb6-4c90-96ee-ce79a30ceab0","userId":null},"url":"/select-fbYAcfPz.js","method":"GET","originalUrl":"/ghost/assets/select-fbYAcfPz.js","params":{},"headers":{"host":"localhost:2368","user-agent":"Mozilla/5.0 (Macintosh; Intel Mac OS X 10.15; rv:148.0) Gecko/20100101 Firefox/148.0","accept":"*/*","accept-language":"en-US,en;q=0.9","accept-encoding":"gzip, deflate, br, zstd","sec-gpc":"1","connection":"keep-alive","referer":"http://localhost:2368/ghost/","cookie":"**REDACTED**","sec-fetch-dest":"script","sec-fetch-mode":"cors","sec-fetch-site":"same-origin","priority":"u=1"},"query":{}},"res":{"_headers":{"x-powered-by":"Express","accept-ranges":"bytes","cache-control":"public, max-age=0, immutable","last-modified":"Sat, 26 Oct 1985 08:15:00 GMT","etag":"W/\"51ab-7438674ba0\"","content-type":"application/javascript; charset=UTF-8","vary":"Accept-Encoding","content-encoding":"br"},"statusCode":200,"responseTime":"10ms"},"msg":"","time":"2026-03-03T21:21:16.463Z","v":0}
{"name":"Log","hostname":"a275c7126250","pid":1,"level":30,"version":"6.19.4","req":{"meta":{"requestId":"08c5f156-e928-461c-bf9a-47ea1c634edc","userId":null},"url":"/wallet-cards-lN8UZSaV.js","method":"GET","originalUrl":"/ghost/assets/wallet-cards-lN8UZSaV.js","params":{},"headers":{"host":"localhost:2368","user-agent":"Mozilla/5.0 (Macintosh; Intel Mac OS X 10.15; rv:148.0) Gecko/20100101 Firefox/148.0","accept":"*/*","accept-language":"en-US,en;q=0.9","accept-encoding":"gzip, deflate, br, zstd","sec-gpc":"1","connection":"keep-alive","referer":"http://localhost:2368/ghost/","cookie":"**REDACTED**","sec-fetch-dest":"script","sec-fetch-mode":"cors","sec-fetch-site":"same-origin","priority":"u=1"},"query":{}},"res":{"_headers":{"x-powered-by":"Express","accept-ranges":"bytes","cache-control":"public, max-age=0, immutable","last-modified":"Sat, 26 Oct 1985 08:15:00 GMT","etag":"W/\"bcb-7438674ba0\"","content-type":"application/javascript; charset=UTF-8","vary":"Accept-Encoding","content-encoding":"br"},"statusCode":200,"responseTime":"8ms"},"msg":"","time":"2026-03-03T21:21:16.468Z","v":0}
{"name":"Log","hostname":"a275c7126250","pid":1,"level":30,"version":"6.19.4","req":{"meta":{"requestId":"bff87e00-55b5-44fa-9829-16f0b02a14d4","userId":null},"url":"/sprout-kiMi7ec2.js","method":"GET","originalUrl":"/ghost/assets/sprout-kiMi7ec2.js","params":{},"headers":{"host":"localhost:2368","user-agent":"Mozilla/5.0 (Macintosh; Intel Mac OS X 10.15; rv:148.0) Gecko/20100101 Firefox/148.0","accept":"*/*","accept-language":"en-US,en;q=0.9","accept-encoding":"gzip, deflate, br, zstd","sec-gpc":"1","connection":"keep-alive","referer":"http://localhost:2368/ghost/","cookie":"**REDACTED**","sec-fetch-dest":"script","sec-fetch-mode":"cors","sec-fetch-site":"same-origin","priority":"u=1"},"query":{}},"res":{"_headers":{"x-powered-by":"Express","accept-ranges":"bytes","cache-control":"public, max-age=0, immutable","last-modified":"Sat, 26 Oct 1985 08:15:00 GMT","etag":"W/\"1e3-7438674ba0\"","content-type":"application/javascript; charset=UTF-8","content-length":483,"vary":"Accept-Encoding"},"statusCode":200,"responseTime":"7ms"},"msg":"","time":"2026-03-03T21:21:16.471Z","v":0}
{"name":"Log","hostname":"a275c7126250","pid":1,"level":30,"version":"6.19.4","req":{"meta":{"requestId":"2b03714f-6bec-4356-9d10-db981fc27feb","userId":null},"url":"/user-plus-DtGIvbSg.js","method":"GET","originalUrl":"/ghost/assets/user-plus-DtGIvbSg.js","params":{},"headers":{"host":"localhost:2368","user-agent":"Mozilla/5.0 (Macintosh; Intel Mac OS X 10.15; rv:148.0) Gecko/20100101 Firefox/148.0","accept":"*/*","accept-language":"en-US,en;q=0.9","accept-encoding":"gzip, deflate, br, zstd","sec-gpc":"1","connection":"keep-alive","referer":"http://localhost:2368/ghost/","cookie":"**REDACTED**","sec-fetch-dest":"script","sec-fetch-mode":"cors","sec-fetch-site":"same-origin","priority":"u=1"},"query":{}},"res":{"_headers":{"x-powered-by":"Express","accept-ranges":"bytes","cache-control":"public, max-age=0, immutable","last-modified":"Sat, 26 Oct 1985 08:15:00 GMT","etag":"W/\"335-7438674ba0\"","content-type":"application/javascript; charset=UTF-8","content-length":821,"vary":"Accept-Encoding"},"statusCode":200,"responseTime":"8ms"},"msg":"","time":"2026-03-03T21:21:16.472Z","v":0}
{"name":"Log","hostname":"a275c7126250","pid":1,"level":30,"version":"6.19.4","req":{"meta":{"requestId":"aea2850b-ced9-4444-ac16-f4a4e518298f","userId":null},"url":"/a-large-small-DUl1c7Yh.js","method":"GET","originalUrl":"/ghost/assets/a-large-small-DUl1c7Yh.js","params":{},"headers":{"host":"localhost:2368","user-agent":"Mozilla/5.0 (Macintosh; Intel Mac OS X 10.15; rv:148.0) Gecko/20100101 Firefox/148.0","accept":"*/*","accept-language":"en-US,en;q=0.9","accept-encoding":"gzip, deflate, br, zstd","sec-gpc":"1","connection":"keep-alive","referer":"http://localhost:2368/ghost/","cookie":"**REDACTED**","sec-fetch-dest":"script","sec-fetch-mode":"cors","sec-fetch-site":"same-origin","priority":"u=1"},"query":{}},"res":{"_headers":{"x-powered-by":"Express","accept-ranges":"bytes","cache-control":"public, max-age=0, immutable","last-modified":"Sat, 26 Oct 1985 08:15:00 GMT","etag":"W/\"1f1-7438674ba0\"","content-type":"application/javascript; charset=UTF-8","content-length":497,"vary":"Accept-Encoding"},"statusCode":200,"responseTime":"3ms"},"msg":"","time":"2026-03-03T21:21:16.478Z","v":0}
{"name":"Log","hostname":"a275c7126250","pid":1,"level":30,"version":"6.19.4","req":{"meta":{"requestId":"62424e82-077d-46f4-b24d-80c9f45a388e","userId":null},"url":"/list-filter-C_6Rxoml.js","method":"GET","originalUrl":"/ghost/assets/list-filter-C_6Rxoml.js","params":{},"headers":{"host":"localhost:2368","user-agent":"Mozilla/5.0 (Macintosh; Intel Mac OS X 10.15; rv:148.0) Gecko/20100101 Firefox/148.0","accept":"*/*","accept-language":"en-US,en;q=0.9","accept-encoding":"gzip, deflate, br, zstd","sec-gpc":"1","connection":"keep-alive","referer":"http://localhost:2368/ghost/","cookie":"**REDACTED**","sec-fetch-dest":"script","sec-fetch-mode":"cors","sec-fetch-site":"same-origin","priority":"u=1"},"query":{}},"res":{"_headers":{"x-powered-by":"Express","accept-ranges":"bytes","cache-control":"public, max-age=0, immutable","last-modified":"Sat, 26 Oct 1985 08:15:00 GMT","etag":"W/\"2ea-7438674ba0\"","content-type":"application/javascript; charset=UTF-8","content-length":746,"vary":"Accept-Encoding"},"statusCode":200,"responseTime":"3ms"},"msg":"","time":"2026-03-03T21:21:16.479Z","v":0}
{"name":"Log","hostname":"a275c7126250","pid":1,"level":30,"version":"6.19.4","req":{"meta":{"requestId":"5d416d5b-8cf3-4f5e-b6f5-ad29f9dcffb9","userId":null},"url":"/at-sign-B6SrrH15.js","method":"GET","originalUrl":"/ghost/assets/at-sign-B6SrrH15.js","params":{},"headers":{"host":"localhost:2368","user-agent":"Mozilla/5.0 (Macintosh; Intel Mac OS X 10.15; rv:148.0) Gecko/20100101 Firefox/148.0","accept":"*/*","accept-language":"en-US,en;q=0.9","accept-encoding":"gzip, deflate, br, zstd","sec-gpc":"1","connection":"keep-alive","referer":"http://localhost:2368/ghost/","cookie":"**REDACTED**","sec-fetch-dest":"script","sec-fetch-mode":"cors","sec-fetch-site":"same-origin","priority":"u=1"},"query":{}},"res":{"_headers":{"x-powered-by":"Express","accept-ranges":"bytes","cache-control":"public, max-age=0, immutable","last-modified":"Sat, 26 Oct 1985 08:15:00 GMT","etag":"W/\"175-7438674ba0\"","content-type":"application/javascript; charset=UTF-8","content-length":373,"vary":"Accept-Encoding"},"statusCode":200,"responseTime":"3ms"},"msg":"","time":"2026-03-03T21:21:16.483Z","v":0}
{"name":"Log","hostname":"a275c7126250","pid":1,"level":30,"version":"6.19.4","req":{"meta":{"requestId":"b2ce8725-ea3c-4b87-a357-91b2088b12f2","userId":null},"url":"/ticket-DeMFQY5d.js","method":"GET","originalUrl":"/ghost/assets/ticket-DeMFQY5d.js","params":{},"headers":{"host":"localhost:2368","user-agent":"Mozilla/5.0 (Macintosh; Intel Mac OS X 10.15; rv:148.0) Gecko/20100101 Firefox/148.0","accept":"*/*","accept-language":"en-US,en;q=0.9","accept-encoding":"gzip, deflate, br, zstd","sec-gpc":"1","connection":"keep-alive","referer":"http://localhost:2368/ghost/","cookie":"**REDACTED**","sec-fetch-dest":"script","sec-fetch-mode":"cors","sec-fetch-site":"same-origin","priority":"u=1"},"query":{}},"res":{"_headers":{"x-powered-by":"Express","accept-ranges":"bytes","cache-control":"public, max-age=0, immutable","last-modified":"Sat, 26 Oct 1985 08:15:00 GMT","etag":"W/\"1665-7438674ba0\"","content-type":"application/javascript; charset=UTF-8","vary":"Accept-Encoding","content-encoding":"br"},"statusCode":200,"responseTime":"6ms"},"msg":"","time":"2026-03-03T21:21:16.486Z","v":0}
{"name":"Log","hostname":"a275c7126250","pid":1,"level":30,"version":"6.19.4","req":{"meta":{"requestId":"4273a5b9-e16b-4912-9fb6-dd71bea5e82a","userId":null},"url":"/copy-CDDQ_W3X.js","method":"GET","originalUrl":"/ghost/assets/copy-CDDQ_W3X.js","params":{},"headers":{"host":"localhost:2368","user-agent":"Mozilla/5.0 (Macintosh; Intel Mac OS X 10.15; rv:148.0) Gecko/20100101 Firefox/148.0","accept":"*/*","accept-language":"en-US,en;q=0.9","accept-encoding":"gzip, deflate, br, zstd","sec-gpc":"1","connection":"keep-alive","referer":"http://localhost:2368/ghost/","cookie":"**REDACTED**","sec-fetch-dest":"script","sec-fetch-mode":"cors","sec-fetch-site":"same-origin","priority":"u=1"},"query":{}},"res":{"_headers":{"x-powered-by":"Express","accept-ranges":"bytes","cache-control":"public, max-age=0, immutable","last-modified":"Sat, 26 Oct 1985 08:15:00 GMT","etag":"W/\"19a-7438674ba0\"","content-type":"application/javascript; charset=UTF-8","content-length":410,"vary":"Accept-Encoding"},"statusCode":200,"responseTime":"11ms"},"msg":"","time":"2026-03-03T21:21:16.496Z","v":0}
{"name":"Log","hostname":"a275c7126250","pid":1,"level":30,"version":"6.19.4","req":{"meta":{"requestId":"f9898ff9-60e9-4876-b616-4094a8341ad6","userId":null},"url":"/message-square-text-BRDE6VRz.js","method":"GET","originalUrl":"/ghost/assets/message-square-text-BRDE6VRz.js","params":{},"headers":{"host":"localhost:2368","user-agent":"Mozilla/5.0 (Macintosh; Intel Mac OS X 10.15; rv:148.0) Gecko/20100101 Firefox/148.0","accept":"*/*","accept-language":"en-US,en;q=0.9","accept-encoding":"gzip, deflate, br, zstd","sec-gpc":"1","connection":"keep-alive","referer":"http://localhost:2368/ghost/","cookie":"**REDACTED**","sec-fetch-dest":"script","sec-fetch-mode":"cors","sec-fetch-site":"same-origin","priority":"u=1"},"query":{}},"res":{"_headers":{"x-powered-by":"Express","accept-ranges":"bytes","cache-control":"public, max-age=0, immutable","last-modified":"Sat, 26 Oct 1985 08:15:00 GMT","etag":"W/\"898-7438674ba0\"","content-type":"application/javascript; charset=UTF-8","vary":"Accept-Encoding","content-encoding":"br"},"statusCode":200,"responseTime":"13ms"},"msg":"","time":"2026-03-03T21:21:16.505Z","v":0}
{"name":"Log","hostname":"a275c7126250","pid":1,"level":30,"version":"6.19.4","req":{"meta":{"requestId":"860a420d-01dd-4a67-8c3e-5103d57ebe67","userId":null},"url":"/hash-gfQGSRVM.js","method":"GET","originalUrl":"/ghost/assets/hash-gfQGSRVM.js","params":{},"headers":{"host":"localhost:2368","user-agent":"Mozilla/5.0 (Macintosh; Intel Mac OS X 10.15; rv:148.0) Gecko/20100101 Firefox/148.0","accept":"*/*","accept-language":"en-US,en;q=0.9","accept-encoding":"gzip, deflate, br, zstd","sec-gpc":"1","connection":"keep-alive","referer":"http://localhost:2368/ghost/","cookie":"**REDACTED**","sec-fetch-dest":"script","sec-fetch-mode":"cors","sec-fetch-site":"same-origin","priority":"u=1"},"query":{}},"res":{"_headers":{"x-powered-by":"Express","accept-ranges":"bytes","cache-control":"public, max-age=0, immutable","last-modified":"Sat, 26 Oct 1985 08:15:00 GMT","etag":"W/\"1d6-7438674ba0\"","content-type":"application/javascript; charset=UTF-8","content-length":470,"vary":"Accept-Encoding"},"statusCode":200,"responseTime":"7ms"},"msg":"","time":"2026-03-03T21:21:16.505Z","v":0}
{"name":"Log","hostname":"a275c7126250","pid":1,"level":30,"version":"6.19.4","req":{"meta":{"requestId":"8f2ecbdc-6815-4b8f-b4b0-f3765fe64fee","userId":"69a74bc62ef78a0001b0912c"},"url":"/users/69a74bc62ef78a0001b0912c/?include=roles","method":"PUT","originalUrl":"/ghost/api/admin/users/69a74bc62ef78a0001b0912c/?include=roles","params":{"id":"69a74bc62ef78a0001b0912c"},"headers":{"host":"localhost:2368","user-agent":"Mozilla/5.0 (Macintosh; Intel Mac OS X 10.15; rv:148.0) Gecko/20100101 Firefox/148.0","accept":"application/json, text/javascript, */*; q=0.01","accept-language":"en-US,en;q=0.9","accept-encoding":"gzip, deflate, br, zstd","content-type":"application/json; charset=utf-8","app-pragma":"no-cache","x-requested-with":"XMLHttpRequest","content-length":"942","origin":"http://localhost:2368","sec-gpc":"1","connection":"keep-alive","referer":"http://localhost:2368/ghost/","cookie":"**REDACTED**","sec-fetch-dest":"empty","sec-fetch-mode":"cors","sec-fetch-site":"same-origin"},"query":{"include":"roles"}},"res":{"_headers":{"x-powered-by":"Express","content-version":"v6.19","vary":"Accept-Version, Origin, Accept-Encoding","cache-control":"no-cache, private, no-store, must-revalidate, max-stale=0, post-check=0, pre-check=0","access-control-allow-origin":"http://localhost:2368","content-type":"application/json; charset=utf-8","etag":"W/\"46f-XuG7stXnH3ToACQat/fO4fe3dWA\"","content-encoding":"br"},"statusCode":200,"responseTime":"138ms"},"msg":"","time":"2026-03-03T21:21:16.509Z","v":0}
{"name":"Log","hostname":"a275c7126250","pid":1,"level":30,"version":"6.19.4","req":{"meta":{"requestId":"60215d19-eb48-4368-ae26-602626d1f787","userId":null},"url":"/inbox-BEvL4Pvi.js","method":"GET","originalUrl":"/ghost/assets/inbox-BEvL4Pvi.js","params":{},"headers":{"host":"localhost:2368","user-agent":"Mozilla/5.0 (Macintosh; Intel Mac OS X 10.15; rv:148.0) Gecko/20100101 Firefox/148.0","accept":"*/*","accept-language":"en-US,en;q=0.9","accept-encoding":"gzip, deflate, br, zstd","sec-gpc":"1","connection":"keep-alive","referer":"http://localhost:2368/ghost/","cookie":"**REDACTED**","sec-fetch-dest":"script","sec-fetch-mode":"cors","sec-fetch-site":"same-origin","priority":"u=1"},"query":{}},"res":{"_headers":{"x-powered-by":"Express","accept-ranges":"bytes","cache-control":"public, max-age=0, immutable","last-modified":"Sat, 26 Oct 1985 08:15:00 GMT","etag":"W/\"1cc-7438674ba0\"","content-type":"application/javascript; charset=UTF-8","content-length":460,"vary":"Accept-Encoding"},"statusCode":200,"responseTime":"6ms"},"msg":"","time":"2026-03-03T21:21:16.514Z","v":0}
{"name":"Log","hostname":"a275c7126250","pid":1,"level":30,"version":"6.19.4","req":{"meta":{"requestId":"51d1b8f0-cf1c-4ab3-abcc-931f8238bba9","userId":null},"url":"/minus-BkfViDEM.js","method":"GET","originalUrl":"/ghost/assets/minus-BkfViDEM.js","params":{},"headers":{"host":"localhost:2368","user-agent":"Mozilla/5.0 (Macintosh; Intel Mac OS X 10.15; rv:148.0) Gecko/20100101 Firefox/148.0","accept":"*/*","accept-language":"en-US,en;q=0.9","accept-encoding":"gzip, deflate, br, zstd","sec-gpc":"1","connection":"keep-alive","referer":"http://localhost:2368/ghost/","cookie":"**REDACTED**","sec-fetch-dest":"script","sec-fetch-mode":"cors","sec-fetch-site":"same-origin","priority":"u=1"},"query":{}},"res":{"_headers":{"x-powered-by":"Express","accept-ranges":"bytes","cache-control":"public, max-age=0, immutable","last-modified":"Sat, 26 Oct 1985 08:15:00 GMT","etag":"W/\"123-7438674ba0\"","content-type":"application/javascript; charset=UTF-8","content-length":291,"vary":"Accept-Encoding"},"statusCode":200,"responseTime":"8ms"},"msg":"","time":"2026-03-03T21:21:16.515Z","v":0}
{"name":"Log","hostname":"a275c7126250","pid":1,"level":30,"version":"6.19.4","req":{"meta":{"requestId":"301e96c6-afb3-4704-a1c3-23efbb53ac4c","userId":null},"url":"/pencil-01-1jPj-.js","method":"GET","originalUrl":"/ghost/assets/pencil-01-1jPj-.js","params":{},"headers":{"host":"localhost:2368","user-agent":"Mozilla/5.0 (Macintosh; Intel Mac OS X 10.15; rv:148.0) Gecko/20100101 Firefox/148.0","accept":"*/*","accept-language":"en-US,en;q=0.9","accept-encoding":"gzip, deflate, br, zstd","sec-gpc":"1","connection":"keep-alive","referer":"http://localhost:2368/ghost/","cookie":"**REDACTED**","sec-fetch-dest":"script","sec-fetch-mode":"cors","sec-fetch-site":"same-origin","priority":"u=1"},"query":{}},"res":{"_headers":{"x-powered-by":"Express","accept-ranges":"bytes","cache-control":"public, max-age=0, immutable","last-modified":"Sat, 26 Oct 1985 08:15:00 GMT","etag":"W/\"1c2-7438674ba0\"","content-type":"application/javascript; charset=UTF-8","content-length":450,"vary":"Accept-Encoding"},"statusCode":200,"responseTime":"9ms"},"msg":"","time":"2026-03-03T21:21:16.519Z","v":0}
{"name":"Log","hostname":"a275c7126250","pid":1,"level":30,"version":"6.19.4","req":{"meta":{"requestId":"ccad941d-457b-4acf-8d1f-60b67aec6891","userId":null},"url":"/user-round-check-BLweTIzo.js","method":"GET","originalUrl":"/ghost/assets/user-round-check-BLweTIzo.js","params":{},"headers":{"host":"localhost:2368","user-agent":"Mozilla/5.0 (Macintosh; Intel Mac OS X 10.15; rv:148.0) Gecko/20100101 Firefox/148.0","accept":"*/*","accept-language":"en-US,en;q=0.9","accept-encoding":"gzip, deflate, br, zstd","sec-gpc":"1","connection":"keep-alive","referer":"http://localhost:2368/ghost/","cookie":"**REDACTED**","sec-fetch-dest":"script","sec-fetch-mode":"cors","sec-fetch-site":"same-origin","priority":"u=1"},"query":{}},"res":{"_headers":{"x-powered-by":"Express","accept-ranges":"bytes","cache-control":"public, max-age=0, immutable","last-modified":"Sat, 26 Oct 1985 08:15:00 GMT","etag":"W/\"325-7438674ba0\"","content-type":"application/javascript; charset=UTF-8","content-length":805,"vary":"Accept-Encoding"},"statusCode":200,"responseTime":"3ms"},"msg":"","time":"2026-03-03T21:21:16.522Z","v":0}
{"name":"Log","hostname":"a275c7126250","pid":1,"level":30,"version":"6.19.4","req":{"meta":{"requestId":"d102dd10-458c-479f-833a-87f91a4e967b","userId":null},"url":"/square-CWv3vY_W.js","method":"GET","originalUrl":"/ghost/assets/square-CWv3vY_W.js","params":{},"headers":{"host":"localhost:2368","user-agent":"Mozilla/5.0 (Macintosh; Intel Mac OS X 10.15; rv:148.0) Gecko/20100101 Firefox/148.0","accept":"*/*","accept-language":"en-US,en;q=0.9","accept-encoding":"gzip, deflate, br, zstd","sec-gpc":"1","connection":"keep-alive","referer":"http://localhost:2368/ghost/","cookie":"**REDACTED**","sec-fetch-dest":"script","sec-fetch-mode":"cors","sec-fetch-site":"same-origin","priority":"u=1"},"query":{}},"res":{"_headers":{"x-powered-by":"Express","accept-ranges":"bytes","cache-control":"public, max-age=0, immutable","last-modified":"Sat, 26 Oct 1985 08:15:00 GMT","etag":"W/\"25c-7438674ba0\"","content-type":"application/javascript; charset=UTF-8","content-length":604,"vary":"Accept-Encoding"},"statusCode":200,"responseTime":"5ms"},"msg":"","time":"2026-03-03T21:21:16.523Z","v":0}
{"name":"Log","hostname":"a275c7126250","pid":1,"level":30,"version":"6.19.4","req":{"meta":{"requestId":"70e7a08e-7e2f-496a-8d86-38208c21f002","userId":null},"url":"/lucide-react-C4YJwtGn.js","method":"GET","originalUrl":"/ghost/assets/lucide-react-C4YJwtGn.js","params":{},"headers":{"host":"localhost:2368","user-agent":"Mozilla/5.0 (Macintosh; Intel Mac OS X 10.15; rv:148.0) Gecko/20100101 Firefox/148.0","accept":"*/*","accept-language":"en-US,en;q=0.9","accept-encoding":"gzip, deflate, br, zstd","sec-gpc":"1","connection":"keep-alive","referer":"http://localhost:2368/ghost/","cookie":"**REDACTED**","sec-fetch-dest":"script","sec-fetch-mode":"cors","sec-fetch-site":"same-origin","priority":"u=1"},"query":{}},"res":{"_headers":{"x-powered-by":"Express","accept-ranges":"bytes","cache-control":"public, max-age=0, immutable","last-modified":"Sat, 26 Oct 1985 08:15:00 GMT","etag":"W/\"c8d13-7438674ba0\"","content-type":"application/javascript; charset=UTF-8","vary":"Accept-Encoding","content-encoding":"br"},"statusCode":200,"responseTime":"55ms"},"msg":"","time":"2026-03-03T21:21:16.525Z","v":0}
{"name":"Log","hostname":"a275c7126250","pid":1,"level":30,"version":"6.19.4","req":{"meta":{"requestId":"edfb4237-9bbd-49ec-81cd-9d6024f1a631","userId":null},"url":"/repeat-D9mJhKAY.js","method":"GET","originalUrl":"/ghost/assets/repeat-D9mJhKAY.js","params":{},"headers":{"host":"localhost:2368","user-agent":"Mozilla/5.0 (Macintosh; Intel Mac OS X 10.15; rv:148.0) Gecko/20100101 Firefox/148.0","accept":"*/*","accept-language":"en-US,en;q=0.9","accept-encoding":"gzip, deflate, br, zstd","sec-gpc":"1","connection":"keep-alive","referer":"http://localhost:2368/ghost/","cookie":"**REDACTED**","sec-fetch-dest":"script","sec-fetch-mode":"cors","sec-fetch-site":"same-origin","priority":"u=1"},"query":{}},"res":{"_headers":{"x-powered-by":"Express","accept-ranges":"bytes","cache-control":"public, max-age=0, immutable","last-modified":"Sat, 26 Oct 1985 08:15:00 GMT","etag":"W/\"1be-7438674ba0\"","content-type":"application/javascript; charset=UTF-8","content-length":446,"vary":"Accept-Encoding"},"statusCode":200,"responseTime":"7ms"},"msg":"","time":"2026-03-03T21:21:16.528Z","v":0}
{"name":"Log","hostname":"a275c7126250","pid":1,"level":30,"version":"6.19.4","req":{"meta":{"requestId":"2720291e-a2cb-4382-bd6b-d442c0f660ce","userId":null},"url":"/trash-CmHw108t.js","method":"GET","originalUrl":"/ghost/assets/trash-CmHw108t.js","params":{},"headers":{"host":"localhost:2368","user-agent":"Mozilla/5.0 (Macintosh; Intel Mac OS X 10.15; rv:148.0) Gecko/20100101 Firefox/148.0","accept":"*/*","accept-language":"en-US,en;q=0.9","accept-encoding":"gzip, deflate, br, zstd","sec-gpc":"1","connection":"keep-alive","referer":"http://localhost:2368/ghost/","cookie":"**REDACTED**","sec-fetch-dest":"script","sec-fetch-mode":"cors","sec-fetch-site":"same-origin","priority":"u=1"},"query":{}},"res":{"_headers":{"x-powered-by":"Express","accept-ranges":"bytes","cache-control":"public, max-age=0, immutable","last-modified":"Sat, 26 Oct 1985 08:15:00 GMT","etag":"W/\"1aa-7438674ba0\"","content-type":"application/javascript; charset=UTF-8","content-length":426,"vary":"Accept-Encoding"},"statusCode":200,"responseTime":"4ms"},"msg":"","time":"2026-03-03T21:21:16.530Z","v":0}
{"name":"Log","hostname":"a275c7126250","pid":1,"level":30,"version":"6.19.4","req":{"meta":{"requestId":"daccb2f0-0504-49ea-9c98-dafdd3bf180c","userId":null},"url":"/reply-Ckxge0Qn.js","method":"GET","originalUrl":"/ghost/assets/reply-Ckxge0Qn.js","params":{},"headers":{"host":"localhost:2368","user-agent":"Mozilla/5.0 (Macintosh; Intel Mac OS X 10.15; rv:148.0) Gecko/20100101 Firefox/148.0","accept":"*/*","accept-language":"en-US,en;q=0.9","accept-encoding":"gzip, deflate, br, zstd","sec-gpc":"1","connection":"keep-alive","referer":"http://localhost:2368/ghost/","cookie":"**REDACTED**","sec-fetch-dest":"script","sec-fetch-mode":"cors","sec-fetch-site":"same-origin","priority":"u=1"},"query":{}},"res":{"_headers":{"x-powered-by":"Express","accept-ranges":"bytes","cache-control":"public, max-age=0, immutable","last-modified":"Sat, 26 Oct 1985 08:15:00 GMT","etag":"W/\"15e-7438674ba0\"","content-type":"application/javascript; charset=UTF-8","content-length":350,"vary":"Accept-Encoding"},"statusCode":200,"responseTime":"7ms"},"msg":"","time":"2026-03-03T21:21:16.532Z","v":0}
{"name":"Log","hostname":"a275c7126250","pid":1,"level":30,"version":"6.19.4","req":{"meta":{"requestId":"2be5d7e6-0336-4ac3-a416-5f9843e4eda9","userId":null},"url":"/tags-CN1JeF7F.js","method":"GET","originalUrl":"/ghost/assets/tags-CN1JeF7F.js","params":{},"headers":{"host":"localhost:2368","user-agent":"Mozilla/5.0 (Macintosh; Intel Mac OS X 10.15; rv:148.0) Gecko/20100101 Firefox/148.0","accept":"*/*","accept-language":"en-US,en;q=0.9","accept-encoding":"gzip, deflate, br, zstd","sec-gpc":"1","connection":"keep-alive","referer":"http://localhost:2368/ghost/","cookie":"**REDACTED**","sec-fetch-dest":"script","sec-fetch-mode":"cors","sec-fetch-site":"same-origin","priority":"u=1"},"query":{}},"res":{"_headers":{"x-powered-by":"Express","accept-ranges":"bytes","cache-control":"public, max-age=0, immutable","last-modified":"Sat, 26 Oct 1985 08:15:00 GMT","etag":"W/\"24e-7438674ba0\"","content-type":"application/javascript; charset=UTF-8","content-length":590,"vary":"Accept-Encoding"},"statusCode":200,"responseTime":"8ms"},"msg":"","time":"2026-03-03T21:21:16.533Z","v":0}
{"name":"Log","hostname":"a275c7126250","pid":1,"level":30,"version":"6.19.4","req":{"meta":{"requestId":"301118c4-3606-4202-a20d-df1499868715","userId":null},"url":"/empty-indicator-CuuV1jo9.js","method":"GET","originalUrl":"/ghost/assets/empty-indicator-CuuV1jo9.js","params":{},"headers":{"host":"localhost:2368","user-agent":"Mozilla/5.0 (Macintosh; Intel Mac OS X 10.15; rv:148.0) Gecko/20100101 Firefox/148.0","accept":"*/*","accept-language":"en-US,en;q=0.9","accept-encoding":"gzip, deflate, br, zstd","sec-gpc":"1","connection":"keep-alive","referer":"http://localhost:2368/ghost/","cookie":"**REDACTED**","sec-fetch-dest":"script","sec-fetch-mode":"cors","sec-fetch-site":"same-origin","priority":"u=1"},"query":{}},"res":{"_headers":{"x-powered-by":"Express","accept-ranges":"bytes","cache-control":"public, max-age=0, immutable","last-modified":"Sat, 26 Oct 1985 08:15:00 GMT","etag":"W/\"3b1-7438674ba0\"","content-type":"application/javascript; charset=UTF-8","content-length":945,"vary":"Accept-Encoding"},"statusCode":200,"responseTime":"4ms"},"msg":"","time":"2026-03-03T21:21:16.536Z","v":0}
{"name":"Log","hostname":"a275c7126250","pid":1,"level":30,"version":"6.19.4","req":{"meta":{"requestId":"b58ecbdb-81c6-4368-8ea2-cf4facd6eee8","userId":null},"url":"/post-share-modal-pGZSz3DF.js","method":"GET","originalUrl":"/ghost/assets/post-share-modal-pGZSz3DF.js","params":{},"headers":{"host":"localhost:2368","user-agent":"Mozilla/5.0 (Macintosh; Intel Mac OS X 10.15; rv:148.0) Gecko/20100101 Firefox/148.0","accept":"*/*","accept-language":"en-US,en;q=0.9","accept-encoding":"gzip, deflate, br, zstd","sec-gpc":"1","connection":"keep-alive","referer":"http://localhost:2368/ghost/","cookie":"**REDACTED**","sec-fetch-dest":"script","sec-fetch-mode":"cors","sec-fetch-site":"same-origin","priority":"u=1"},"query":{}},"res":{"_headers":{"x-powered-by":"Express","accept-ranges":"bytes","cache-control":"public, max-age=0, immutable","last-modified":"Sat, 26 Oct 1985 08:15:00 GMT","etag":"W/\"19ff-7438674ba0\"","content-type":"application/javascript; charset=UTF-8","vary":"Accept-Encoding","content-encoding":"br"},"statusCode":200,"responseTime":"3ms"},"msg":"","time":"2026-03-03T21:21:16.538Z","v":0}
{"name":"Log","hostname":"a275c7126250","pid":1,"level":30,"version":"6.19.4","req":{"meta":{"requestId":"25368045-b615-4539-a075-e0f5e5263e77","userId":null},"url":"/post-helpers-gInwAwEv.js","method":"GET","originalUrl":"/ghost/assets/post-helpers-gInwAwEv.js","params":{},"headers":{"host":"localhost:2368","user-agent":"Mozilla/5.0 (Macintosh; Intel Mac OS X 10.15; rv:148.0) Gecko/20100101 Firefox/148.0","accept":"*/*","accept-language":"en-US,en;q=0.9","accept-encoding":"gzip, deflate, br, zstd","sec-gpc":"1","connection":"keep-alive","referer":"http://localhost:2368/ghost/","cookie":"**REDACTED**","sec-fetch-dest":"script","sec-fetch-mode":"cors","sec-fetch-site":"same-origin","priority":"u=1"},"query":{}},"res":{"_headers":{"x-powered-by":"Express","accept-ranges":"bytes","cache-control":"public, max-age=0, immutable","last-modified":"Sat, 26 Oct 1985 08:15:00 GMT","etag":"W/\"47a-7438674ba0\"","content-type":"application/javascript; charset=UTF-8","vary":"Accept-Encoding","content-encoding":"br"},"statusCode":200,"responseTime":"3ms"},"msg":"","time":"2026-03-03T21:21:16.538Z","v":0}
{"name":"Log","hostname":"a275c7126250","pid":1,"level":30,"version":"6.19.4","req":{"meta":{"requestId":"944596ef-0f98-4e6c-8d1c-b99746c9a018","userId":null},"url":"/audience-Ah8Dhebu.js","method":"GET","originalUrl":"/ghost/assets/audience-Ah8Dhebu.js","params":{},"headers":{"host":"localhost:2368","user-agent":"Mozilla/5.0 (Macintosh; Intel Mac OS X 10.15; rv:148.0) Gecko/20100101 Firefox/148.0","accept":"*/*","accept-language":"en-US,en;q=0.9","accept-encoding":"gzip, deflate, br, zstd","sec-gpc":"1","connection":"keep-alive","referer":"http://localhost:2368/ghost/","cookie":"**REDACTED**","sec-fetch-dest":"script","sec-fetch-mode":"cors","sec-fetch-site":"same-origin","priority":"u=1"},"query":{}},"res":{"_headers":{"x-powered-by":"Express","accept-ranges":"bytes","cache-control":"public, max-age=0, immutable","last-modified":"Sat, 26 Oct 1985 08:15:00 GMT","etag":"W/\"63c-7438674ba0\"","content-type":"application/javascript; charset=UTF-8","vary":"Accept-Encoding","content-encoding":"br"},"statusCode":200,"responseTime":"4ms"},"msg":"","time":"2026-03-03T21:21:16.539Z","v":0}
{"name":"Log","hostname":"a275c7126250","pid":1,"level":30,"version":"6.19.4","req":{"meta":{"requestId":"0e9ad335-fc5c-4383-a453-121455cdeccf","userId":null},"url":"/pagemenu-KrB3WpR0.js","method":"GET","originalUrl":"/ghost/assets/pagemenu-KrB3WpR0.js","params":{},"headers":{"host":"localhost:2368","user-agent":"Mozilla/5.0 (Macintosh; Intel Mac OS X 10.15; rv:148.0) Gecko/20100101 Firefox/148.0","accept":"*/*","accept-language":"en-US,en;q=0.9","accept-encoding":"gzip, deflate, br, zstd","sec-gpc":"1","connection":"keep-alive","referer":"http://localhost:2368/ghost/","cookie":"**REDACTED**","sec-fetch-dest":"script","sec-fetch-mode":"cors","sec-fetch-site":"same-origin","priority":"u=1"},"query":{}},"res":{"_headers":{"x-powered-by":"Express","accept-ranges":"bytes","cache-control":"public, max-age=0, immutable","last-modified":"Sat, 26 Oct 1985 08:15:00 GMT","etag":"W/\"10208d-7438674ba0\"","content-type":"application/javascript; charset=UTF-8","vary":"Accept-Encoding","content-encoding":"br"},"statusCode":200,"responseTime":"82ms"},"msg":"","time":"2026-03-03T21:21:16.541Z","v":0}
{"name":"Log","hostname":"a275c7126250","pid":1,"level":30,"version":"6.19.4","req":{"meta":{"requestId":"aa11f58b-4fac-45c2-b9c3-fd163c391772","userId":null},"url":"/gh-chart-Bdw2STgI.js","method":"GET","originalUrl":"/ghost/assets/gh-chart-Bdw2STgI.js","params":{},"headers":{"host":"localhost:2368","user-agent":"Mozilla/5.0 (Macintosh; Intel Mac OS X 10.15; rv:148.0) Gecko/20100101 Firefox/148.0","accept":"*/*","accept-language":"en-US,en;q=0.9","accept-encoding":"gzip, deflate, br, zstd","sec-gpc":"1","connection":"keep-alive","referer":"http://localhost:2368/ghost/","cookie":"**REDACTED**","sec-fetch-dest":"script","sec-fetch-mode":"cors","sec-fetch-site":"same-origin","priority":"u=1"},"query":{}},"res":{"_headers":{"x-powered-by":"Express","accept-ranges":"bytes","cache-control":"public, max-age=0, immutable","last-modified":"Sat, 26 Oct 1985 08:15:00 GMT","etag":"W/\"94a2-7438674ba0\"","content-type":"application/javascript; charset=UTF-8","vary":"Accept-Encoding","content-encoding":"br"},"statusCode":200,"responseTime":"7ms"},"msg":"","time":"2026-03-03T21:21:16.543Z","v":0}
{"name":"Log","hostname":"a275c7126250","pid":1,"level":30,"version":"6.19.4","req":{"meta":{"requestId":"accf2aad-84b5-40f3-b383-08008172f0d2","userId":null},"url":"/currency-fEUUCkj0.js","method":"GET","originalUrl":"/ghost/assets/currency-fEUUCkj0.js","params":{},"headers":{"host":"localhost:2368","user-agent":"Mozilla/5.0 (Macintosh; Intel Mac OS X 10.15; rv:148.0) Gecko/20100101 Firefox/148.0","accept":"*/*","accept-language":"en-US,en;q=0.9","accept-encoding":"gzip, deflate, br, zstd","sec-gpc":"1","connection":"keep-alive","referer":"http://localhost:2368/ghost/","cookie":"**REDACTED**","sec-fetch-dest":"script","sec-fetch-mode":"cors","sec-fetch-site":"same-origin","priority":"u=1"},"query":{}},"res":{"_headers":{"x-powered-by":"Express","accept-ranges":"bytes","cache-control":"public, max-age=0, immutable","last-modified":"Sat, 26 Oct 1985 08:15:00 GMT","etag":"W/\"81-7438674ba0\"","content-type":"application/javascript; charset=UTF-8","content-length":129,"vary":"Accept-Encoding"},"statusCode":200,"responseTime":"1ms"},"msg":"","time":"2026-03-03T21:21:16.546Z","v":0}
{"name":"Log","hostname":"a275c7126250","pid":1,"level":30,"version":"6.19.4","req":{"meta":{"requestId":"dcecc9d0-0903-4266-884d-cc317ef7deda","userId":null},"url":"/use-growth-stats-CC6xJqQS.js","method":"GET","originalUrl":"/ghost/assets/use-growth-stats-CC6xJqQS.js","params":{},"headers":{"host":"localhost:2368","user-agent":"Mozilla/5.0 (Macintosh; Intel Mac OS X 10.15; rv:148.0) Gecko/20100101 Firefox/148.0","accept":"*/*","accept-language":"en-US,en;q=0.9","accept-encoding":"gzip, deflate, br, zstd","sec-gpc":"1","connection":"keep-alive","referer":"http://localhost:2368/ghost/","cookie":"**REDACTED**","sec-fetch-dest":"script","sec-fetch-mode":"cors","sec-fetch-site":"same-origin","priority":"u=1"},"query":{}},"res":{"_headers":{"x-powered-by":"Express","accept-ranges":"bytes","cache-control":"public, max-age=0, immutable","last-modified":"Sat, 26 Oct 1985 08:15:00 GMT","etag":"W/\"1134-7438674ba0\"","content-type":"application/javascript; charset=UTF-8","vary":"Accept-Encoding","content-encoding":"br"},"statusCode":200,"responseTime":"6ms"},"msg":"","time":"2026-03-03T21:21:16.546Z","v":0}
{"name":"Log","hostname":"a275c7126250","pid":1,"level":30,"version":"6.19.4","req":{"meta":{"requestId":"4681219b-ede0-4ea2-ae6d-ff0bafa97416","userId":null},"url":"/_baseAssignValue-CXzPpz7b.js","method":"GET","originalUrl":"/ghost/assets/_baseAssignValue-CXzPpz7b.js","params":{},"headers":{"host":"localhost:2368","user-agent":"Mozilla/5.0 (Macintosh; Intel Mac OS X 10.15; rv:148.0) Gecko/20100101 Firefox/148.0","accept":"*/*","accept-language":"en-US,en;q=0.9","accept-encoding":"gzip, deflate, br, zstd","sec-gpc":"1","connection":"keep-alive","referer":"http://localhost:2368/ghost/","cookie":"**REDACTED**","sec-fetch-dest":"script","sec-fetch-mode":"cors","sec-fetch-site":"same-origin","priority":"u=1"},"query":{}},"res":{"_headers":{"x-powered-by":"Express","accept-ranges":"bytes","cache-control":"public, max-age=0, immutable","last-modified":"Sat, 26 Oct 1985 08:15:00 GMT","etag":"W/\"4316-7438674ba0\"","content-type":"application/javascript; charset=UTF-8","vary":"Accept-Encoding","content-encoding":"br"},"statusCode":200,"responseTime":"6ms"},"msg":"","time":"2026-03-03T21:21:16.547Z","v":0}
{"name":"Log","hostname":"a275c7126250","pid":1,"level":30,"version":"6.19.4","req":{"meta":{"requestId":"e4be502e-46a5-4d22-b65d-adfe0794bdc4","userId":null},"url":"/stats-ChuKHWH8.js","method":"GET","originalUrl":"/ghost/assets/stats-ChuKHWH8.js","params":{},"headers":{"host":"localhost:2368","user-agent":"Mozilla/5.0 (Macintosh; Intel Mac OS X 10.15; rv:148.0) Gecko/20100101 Firefox/148.0","accept":"*/*","accept-language":"en-US,en;q=0.9","accept-encoding":"gzip, deflate, br, zstd","sec-gpc":"1","connection":"keep-alive","referer":"http://localhost:2368/ghost/","cookie":"**REDACTED**","sec-fetch-dest":"script","sec-fetch-mode":"cors","sec-fetch-site":"same-origin","priority":"u=1"},"query":{}},"res":{"_headers":{"x-powered-by":"Express","accept-ranges":"bytes","cache-control":"public, max-age=0, immutable","last-modified":"Sat, 26 Oct 1985 08:15:00 GMT","etag":"W/\"480-7438674ba0\"","content-type":"application/javascript; charset=UTF-8","vary":"Accept-Encoding","content-encoding":"br"},"statusCode":200,"responseTime":"4ms"},"msg":"","time":"2026-03-03T21:21:16.548Z","v":0}
{"name":"Log","hostname":"a275c7126250","pid":1,"level":30,"version":"6.19.4","req":{"meta":{"requestId":"30942170-963f-476d-a06e-293950368efb","userId":null},"url":"/site/","method":"GET","originalUrl":"/ghost/api/admin/site/","params":{},"headers":{"host":"localhost:2368","user-agent":"Mozilla/5.0 (Macintosh; Intel Mac OS X 10.15; rv:148.0) Gecko/20100101 Firefox/148.0","accept":"*/*","accept-language":"en-US,en;q=0.9","accept-encoding":"gzip, deflate, br, zstd","referer":"http://localhost:2368/ghost/","app-pragma":"no-cache","sec-gpc":"1","connection":"keep-alive","cookie":"**REDACTED**","sec-fetch-dest":"empty","sec-fetch-mode":"cors","sec-fetch-site":"same-origin","priority":"u=4"},"query":{}},"res":{"_headers":{"x-powered-by":"Express","content-version":"v6.19","vary":"Accept-Version, Accept-Encoding","cache-control":"no-cache, private, no-store, must-revalidate, max-stale=0, post-check=0, pre-check=0","content-type":"application/json; charset=utf-8","content-length":"343","etag":"W/\"157-hgtaRemGZDkop9dMxlDl20/Txds\""},"statusCode":200,"responseTime":"1ms"},"msg":"","time":"2026-03-03T21:21:16.549Z","v":0}
{"name":"Log","hostname":"a275c7126250","pid":1,"level":30,"version":"6.19.4","req":{"meta":{"requestId":"220f8c95-d900-40df-922d-bdc8b4f36477","userId":null},"url":"/site/","method":"GET","originalUrl":"/ghost/api/admin/site/","params":{},"headers":{"host":"localhost:2368","user-agent":"Mozilla/5.0 (Macintosh; Intel Mac OS X 10.15; rv:148.0) Gecko/20100101 Firefox/148.0","accept":"*/*","accept-language":"en-US,en;q=0.9","accept-encoding":"gzip, deflate, br, zstd","referer":"http://localhost:2368/ghost/","sec-gpc":"1","connection":"keep-alive","cookie":"**REDACTED**","sec-fetch-dest":"empty","sec-fetch-mode":"cors","sec-fetch-site":"same-origin","priority":"u=4"},"query":{}},"res":{"_headers":{"x-powered-by":"Express","content-version":"v6.19","vary":"Accept-Version, Accept-Encoding","cache-control":"no-cache, private, no-store, must-revalidate, max-stale=0, post-check=0, pre-check=0","content-type":"application/json; charset=utf-8","content-length":"343","etag":"W/\"157-hgtaRemGZDkop9dMxlDl20/Txds\""},"statusCode":200,"responseTime":"0ms"},"msg":"","time":"2026-03-03T21:21:16.551Z","v":0}
{"name":"Log","hostname":"a275c7126250","pid":1,"level":30,"version":"6.19.4","req":{"meta":{"requestId":"ab54f7c2-be3e-4891-9656-005c7a7a6ef0","userId":null},"url":"/posts-CC_oYY1f.js","method":"GET","originalUrl":"/ghost/assets/posts-CC_oYY1f.js","params":{},"headers":{"host":"localhost:2368","user-agent":"Mozilla/5.0 (Macintosh; Intel Mac OS X 10.15; rv:148.0) Gecko/20100101 Firefox/148.0","accept":"*/*","accept-language":"en-US,en;q=0.9","accept-encoding":"gzip, deflate, br, zstd","sec-gpc":"1","connection":"keep-alive","referer":"http://localhost:2368/ghost/","cookie":"**REDACTED**","sec-fetch-dest":"script","sec-fetch-mode":"cors","sec-fetch-site":"same-origin","priority":"u=1"},"query":{}},"res":{"_headers":{"x-powered-by":"Express","accept-ranges":"bytes","cache-control":"public, max-age=0, immutable","last-modified":"Sat, 26 Oct 1985 08:15:00 GMT","etag":"W/\"11a-7438674ba0\"","content-type":"application/javascript; charset=UTF-8","content-length":282,"vary":"Accept-Encoding"},"statusCode":200,"responseTime":"9ms"},"msg":"","time":"2026-03-03T21:21:16.557Z","v":0}
{"name":"Log","hostname":"a275c7126250","pid":1,"level":30,"version":"6.19.4","req":{"meta":{"requestId":"8c0f83f7-82f5-4731-a222-ead05daaec95","userId":"69a74bc62ef78a0001b0912c"},"url":"/config/","method":"GET","originalUrl":"/ghost/api/admin/config/","params":{},"headers":{"host":"localhost:2368","user-agent":"Mozilla/5.0 (Macintosh; Intel Mac OS X 10.15; rv:148.0) Gecko/20100101 Firefox/148.0","accept":"*/*","accept-language":"en-US,en;q=0.9","accept-encoding":"gzip, deflate, br, zstd","referer":"http://localhost:2368/ghost/","app-pragma":"no-cache","sec-gpc":"1","connection":"keep-alive","cookie":"**REDACTED**","sec-fetch-dest":"empty","sec-fetch-mode":"cors","sec-fetch-site":"same-origin","priority":"u=4"},"query":{}},"res":{"_headers":{"x-powered-by":"Express","content-version":"v6.19","vary":"Accept-Version, Accept-Encoding","cache-control":"no-cache, private, no-store, must-revalidate, max-stale=0, post-check=0, pre-check=0","content-type":"application/json; charset=utf-8","content-length":"587","etag":"W/\"24b-9eRkvYLIOv2FFtI5wHaqw0EPYuU\""},"statusCode":200,"responseTime":"9ms"},"msg":"","time":"2026-03-03T21:21:16.561Z","v":0}
{"name":"Log","hostname":"a275c7126250","pid":1,"level":30,"version":"6.19.4","req":{"meta":{"requestId":"be575408-d27e-43b5-9a92-f2338fca136b","userId":null},"url":"/chart-DX-jufr_.js","method":"GET","originalUrl":"/ghost/assets/chart-DX-jufr_.js","params":{},"headers":{"host":"localhost:2368","user-agent":"Mozilla/5.0 (Macintosh; Intel Mac OS X 10.15; rv:148.0) Gecko/20100101 Firefox/148.0","accept":"*/*","accept-language":"en-US,en;q=0.9","accept-encoding":"gzip, deflate, br, zstd","sec-gpc":"1","connection":"keep-alive","referer":"http://localhost:2368/ghost/","cookie":"**REDACTED**","sec-fetch-dest":"script","sec-fetch-mode":"cors","sec-fetch-site":"same-origin","priority":"u=1"},"query":{}},"res":{"_headers":{"x-powered-by":"Express","accept-ranges":"bytes","cache-control":"public, max-age=0, immutable","last-modified":"Sat, 26 Oct 1985 08:15:00 GMT","etag":"W/\"54b51-7438674ba0\"","content-type":"application/javascript; charset=UTF-8","vary":"Accept-Encoding","content-encoding":"br"},"statusCode":200,"responseTime":"34ms"},"msg":"","time":"2026-03-03T21:21:16.575Z","v":0}
{"name":"Log","hostname":"a275c7126250","pid":1,"level":30,"version":"6.19.4","req":{"meta":{"requestId":"83d2ecee-7946-4502-be86-3628aa540464","userId":"69a74bc62ef78a0001b0912c"},"url":"/themes/active/","method":"GET","originalUrl":"/ghost/api/admin/themes/active/","params":{},"headers":{"host":"localhost:2368","user-agent":"Mozilla/5.0 (Macintosh; Intel Mac OS X 10.15; rv:148.0) Gecko/20100101 Firefox/148.0","accept":"*/*","accept-language":"en-US,en;q=0.9","accept-encoding":"gzip, deflate, br, zstd","referer":"http://localhost:2368/ghost/","app-pragma":"no-cache","sec-gpc":"1","connection":"keep-alive","cookie":"**REDACTED**","sec-fetch-dest":"empty","sec-fetch-mode":"cors","sec-fetch-site":"same-origin","priority":"u=4"},"query":{}},"res":{"_headers":{"x-powered-by":"Express","content-version":"v6.19","vary":"Accept-Version, Accept-Encoding","cache-control":"no-cache, private, no-store, must-revalidate, max-stale=0, post-check=0, pre-check=0","content-type":"application/json; charset=utf-8","etag":"W/\"e93-rJ65zfyElQqbqi/vH2pWLKGkojE\"","content-encoding":"br"},"statusCode":200,"responseTime":"28ms"},"msg":"","time":"2026-03-03T21:21:16.583Z","v":0}
{"name":"Log","hostname":"a275c7126250","pid":1,"level":30,"version":"6.19.4","req":{"meta":{"requestId":"efc6ede3-3dbf-4589-a4d2-22a8b1549dba","userId":"69a74bc62ef78a0001b0912c"},"url":"/members/?limit=1","method":"GET","originalUrl":"/ghost/api/admin/members/?limit=1","params":{},"headers":{"host":"localhost:2368","user-agent":"Mozilla/5.0 (Macintosh; Intel Mac OS X 10.15; rv:148.0) Gecko/20100101 Firefox/148.0","accept":"*/*","accept-language":"en-US,en;q=0.9","accept-encoding":"gzip, deflate, br, zstd","referer":"http://localhost:2368/ghost/","app-pragma":"no-cache","sec-gpc":"1","connection":"keep-alive","cookie":"**REDACTED**","sec-fetch-dest":"empty","sec-fetch-mode":"cors","sec-fetch-site":"same-origin","priority":"u=4"},"query":{"limit":"1"}},"res":{"_headers":{"x-powered-by":"Express","content-version":"v6.19","vary":"Accept-Version, Accept-Encoding","cache-control":"no-cache, private, no-store, must-revalidate, max-stale=0, post-check=0, pre-check=0","content-type":"application/json; charset=utf-8","content-length":"101","etag":"W/\"65-f6nBT1UI6bh1EnkUkUhaEXI/ziw\""},"statusCode":200,"responseTime":"36ms"},"msg":"","time":"2026-03-03T21:21:16.591Z","v":0}
{"name":"Log","hostname":"a275c7126250","pid":1,"level":30,"version":"6.19.4","req":{"meta":{"requestId":"1a450405-a507-460e-ba3d-d066c8d0c1ed","userId":"69a74bc62ef78a0001b0912c"},"url":"/users/me/?include=roles","method":"GET","originalUrl":"/ghost/api/admin/users/me/?include=roles","params":{"id":"me"},"headers":{"host":"localhost:2368","user-agent":"Mozilla/5.0 (Macintosh; Intel Mac OS X 10.15; rv:148.0) Gecko/20100101 Firefox/148.0","accept":"*/*","accept-language":"en-US,en;q=0.9","accept-encoding":"gzip, deflate, br, zstd","referer":"http://localhost:2368/ghost/","app-pragma":"no-cache","sec-gpc":"1","connection":"keep-alive","cookie":"**REDACTED**","sec-fetch-dest":"empty","sec-fetch-mode":"cors","sec-fetch-site":"same-origin","priority":"u=4"},"query":{"include":"roles"}},"res":{"_headers":{"x-powered-by":"Express","content-version":"v6.19","vary":"Accept-Version, Accept-Encoding","cache-control":"no-cache, private, no-store, must-revalidate, max-stale=0, post-check=0, pre-check=0","content-type":"application/json; charset=utf-8","etag":"W/\"46f-XuG7stXnH3ToACQat/fO4fe3dWA\"","content-encoding":"br"},"statusCode":200,"responseTime":"45ms"},"msg":"","time":"2026-03-03T21:21:16.637Z","v":0}
{"name":"Log","hostname":"a275c7126250","pid":1,"level":30,"version":"6.19.4","req":{"meta":{"requestId":"01b77fa1-c4dc-491b-9d8f-4d9e610d2a4a","userId":"69a74bc62ef78a0001b0912c"},"url":"/users/69a74bc62ef78a0001b0912c/?include=roles","method":"PUT","originalUrl":"/ghost/api/admin/users/69a74bc62ef78a0001b0912c/?include=roles","params":{"id":"69a74bc62ef78a0001b0912c"},"headers":{"host":"localhost:2368","user-agent":"Mozilla/5.0 (Macintosh; Intel Mac OS X 10.15; rv:148.0) Gecko/20100101 Firefox/148.0","accept":"*/*","accept-language":"en-US,en;q=0.9","accept-encoding":"gzip, deflate, br, zstd","referer":"http://localhost:2368/ghost/","app-pragma":"no-cache","content-type":"application/json","content-length":"1201","origin":"http://localhost:2368","sec-gpc":"1","connection":"keep-alive","cookie":"**REDACTED**","sec-fetch-dest":"empty","sec-fetch-mode":"cors","sec-fetch-site":"same-origin","priority":"u=4"},"query":{"include":"roles"}},"res":{"_headers":{"x-powered-by":"Express","content-version":"v6.19","vary":"Accept-Version, Origin, Accept-Encoding","cache-control":"no-cache, private, no-store, must-revalidate, max-stale=0, post-check=0, pre-check=0","access-control-allow-origin":"http://localhost:2368","content-type":"application/json; charset=utf-8","etag":"W/\"4b1-DJ+MmhD768c5BMkwNlHhXCNThm4\"","content-encoding":"br"},"statusCode":200,"responseTime":"112ms"},"msg":"","time":"2026-03-03T21:21:16.672Z","v":0}
{"name":"Log","hostname":"a275c7126250","pid":1,"level":30,"version":"6.19.4","req":{"meta":{"requestId":"479d5f2f-0394-4698-8ef0-e1f740813952","userId":"69a74bc62ef78a0001b0912c"},"url":"/identities/","method":"GET","originalUrl":"/ghost/api/admin/identities/","params":{},"headers":{"host":"localhost:2368","user-agent":"Mozilla/5.0 (Macintosh; Intel Mac OS X 10.15; rv:148.0) Gecko/20100101 Firefox/148.0","accept":"*/*","accept-language":"en-US,en;q=0.9","accept-encoding":"gzip, deflate, br, zstd","referer":"http://localhost:2368/ghost/","sec-gpc":"1","connection":"keep-alive","cookie":"**REDACTED**","sec-fetch-dest":"empty","sec-fetch-mode":"cors","sec-fetch-site":"same-origin","priority":"u=4"},"query":{}},"res":{"_headers":{"x-powered-by":"Express","content-version":"v6.19","vary":"Accept-Version, Accept-Encoding","cache-control":"no-cache, private, no-store, must-revalidate, max-stale=0, post-check=0, pre-check=0","content-type":"application/json; charset=utf-8","content-length":"475","etag":"W/\"1db-BRzQNdB6bd/RYMYd+Y1cclja39A\""},"statusCode":200,"responseTime":"40ms"},"msg":"","time":"2026-03-03T21:21:16.680Z","v":0}
{"name":"Log","hostname":"a275c7126250","pid":1,"level":30,"version":"6.19.4","req":{"meta":{"requestId":"2adccf36-1324-46c2-8402-8b1446dbc6b9","userId":"69a74bc62ef78a0001b0912c"},"url":"/users/69a74bc62ef78a0001b0912c/?include=roles","method":"PUT","originalUrl":"/ghost/api/admin/users/69a74bc62ef78a0001b0912c/?include=roles","params":{"id":"69a74bc62ef78a0001b0912c"},"headers":{"host":"localhost:2368","user-agent":"Mozilla/5.0 (Macintosh; Intel Mac OS X 10.15; rv:148.0) Gecko/20100101 Firefox/148.0","accept":"*/*","accept-language":"en-US,en;q=0.9","accept-encoding":"gzip, deflate, br, zstd","referer":"http://localhost:2368/ghost/","app-pragma":"no-cache","content-type":"application/json","content-length":"1201","origin":"http://localhost:2368","sec-gpc":"1","connection":"keep-alive","cookie":"**REDACTED**","sec-fetch-dest":"empty","sec-fetch-mode":"cors","sec-fetch-site":"same-origin","priority":"u=4"},"query":{"include":"roles"}},"res":{"_headers":{"x-powered-by":"Express","content-version":"v6.19","vary":"Accept-Version, Origin, Accept-Encoding","cache-control":"no-cache, private, no-store, must-revalidate, max-stale=0, post-check=0, pre-check=0","access-control-allow-origin":"http://localhost:2368","content-type":"application/json; charset=utf-8","etag":"W/\"4b1-i1tBIl9mtJkA4gmr+3C8I4MYL78\"","content-encoding":"br"},"statusCode":200,"responseTime":"127ms"},"msg":"","time":"2026-03-03T21:21:16.689Z","v":0}
{"name":"Log","hostname":"a275c7126250","pid":1,"level":30,"version":"6.19.4","req":{"meta":{"requestId":"983450e4-1c54-4faa-8888-1aeb6933ee2a","userId":"69a74bc62ef78a0001b0912c"},"url":"/users/69a74bc62ef78a0001b0912c/?include=roles","method":"PUT","originalUrl":"/ghost/api/admin/users/69a74bc62ef78a0001b0912c/?include=roles","params":{"id":"69a74bc62ef78a0001b0912c"},"headers":{"host":"localhost:2368","user-agent":"Mozilla/5.0 (Macintosh; Intel Mac OS X 10.15; rv:148.0) Gecko/20100101 Firefox/148.0","accept":"*/*","accept-language":"en-US,en;q=0.9","accept-encoding":"gzip, deflate, br, zstd","referer":"http://localhost:2368/ghost/","app-pragma":"no-cache","content-type":"application/json","content-length":"1201","origin":"http://localhost:2368","sec-gpc":"1","connection":"keep-alive","cookie":"**REDACTED**","sec-fetch-dest":"empty","sec-fetch-mode":"cors","sec-fetch-site":"same-origin","priority":"u=4"},"query":{"include":"roles"}},"res":{"_headers":{"x-powered-by":"Express","content-version":"v6.19","vary":"Accept-Version, Origin, Accept-Encoding","cache-control":"no-cache, private, no-store, must-revalidate, max-stale=0, post-check=0, pre-check=0","access-control-allow-origin":"http://localhost:2368","content-type":"application/json; charset=utf-8","etag":"W/\"4b1-i1tBIl9mtJkA4gmr+3C8I4MYL78\"","content-encoding":"br"},"statusCode":200,"responseTime":"117ms"},"msg":"","time":"2026-03-03T21:21:16.696Z","v":0}
{"name":"Log","hostname":"a275c7126250","pid":1,"level":30,"version":"6.19.4","req":{"meta":{"requestId":"25901df8-6d6b-47c8-bc2b-eda857953f5c","userId":"69a74bc62ef78a0001b0912c"},"url":"/users/69a74bc62ef78a0001b0912c/?include=roles","method":"PUT","originalUrl":"/ghost/api/admin/users/69a74bc62ef78a0001b0912c/?include=roles","params":{"id":"69a74bc62ef78a0001b0912c"},"headers":{"host":"localhost:2368","user-agent":"Mozilla/5.0 (Macintosh; Intel Mac OS X 10.15; rv:148.0) Gecko/20100101 Firefox/148.0","accept":"*/*","accept-language":"en-US,en;q=0.9","accept-encoding":"gzip, deflate, br, zstd","referer":"http://localhost:2368/ghost/","app-pragma":"no-cache","content-type":"application/json","content-length":"1201","origin":"http://localhost:2368","sec-gpc":"1","connection":"keep-alive","cookie":"**REDACTED**","sec-fetch-dest":"empty","sec-fetch-mode":"cors","sec-fetch-site":"same-origin","priority":"u=4"},"query":{"include":"roles"}},"res":{"_headers":{"x-powered-by":"Express","content-version":"v6.19","vary":"Accept-Version, Origin, Accept-Encoding","cache-control":"no-cache, private, no-store, must-revalidate, max-stale=0, post-check=0, pre-check=0","access-control-allow-origin":"http://localhost:2368","content-type":"application/json; charset=utf-8","etag":"W/\"4b1-i1tBIl9mtJkA4gmr+3C8I4MYL78\"","content-encoding":"br"},"statusCode":200,"responseTime":"117ms"},"msg":"","time":"2026-03-03T21:21:16.705Z","v":0}
{"name":"Log","hostname":"a275c7126250","pid":1,"level":40,"version":"6.19.4","msg":"Tinybird service not configured","time":"2026-03-03T21:21:16.707Z","v":0}
{"name":"Log","hostname":"a275c7126250","pid":1,"level":30,"version":"6.19.4","req":{"meta":{"requestId":"c4bda685-98ed-4084-9221-7f31acb449a6","userId":"69a74bc62ef78a0001b0912c"},"url":"/tinybird/token/","method":"GET","originalUrl":"/ghost/api/admin/tinybird/token/","params":{},"headers":{"host":"localhost:2368","user-agent":"Mozilla/5.0 (Macintosh; Intel Mac OS X 10.15; rv:148.0) Gecko/20100101 Firefox/148.0","accept":"*/*","accept-language":"en-US,en;q=0.9","accept-encoding":"gzip, deflate, br, zstd","referer":"http://localhost:2368/ghost/","app-pragma":"no-cache","sec-gpc":"1","connection":"keep-alive","cookie":"**REDACTED**","sec-fetch-dest":"empty","sec-fetch-mode":"cors","sec-fetch-site":"same-origin","priority":"u=4"},"query":{}},"res":{"_headers":{"x-powered-by":"Express","content-version":"v6.19","vary":"Accept-Version, Accept-Encoding","cache-control":"no-cache, private, no-store, must-revalidate, max-stale=0, post-check=0, pre-check=0","content-type":"application/json; charset=utf-8","content-length":"17","etag":"W/\"11-AB24g2bEE7IqxowgXNoqLYtroAA\""},"statusCode":200,"responseTime":"34ms"},"msg":"","time":"2026-03-03T21:21:16.708Z","v":0}
{"name":"Log","hostname":"a275c7126250","pid":1,"level":30,"version":"6.19.4","req":{"meta":{"requestId":"af7de93b-c432-48c3-ad75-46cece2e3d21","userId":null},"url":"/koenig-lexical/koenig-lexical.umd.js?v=4f30ce2003","method":"GET","originalUrl":"/ghost/assets/koenig-lexical/koenig-lexical.umd.js?v=4f30ce2003","params":{},"headers":{"host":"localhost:2368","user-agent":"Mozilla/5.0 (Macintosh; Intel Mac OS X 10.15; rv:148.0) Gecko/20100101 Firefox/148.0","accept":"*/*","accept-language":"en-US,en;q=0.9","accept-encoding":"gzip, deflate, br, zstd","sec-gpc":"1","connection":"keep-alive","referer":"http://localhost:2368/ghost/assets/ghost-eef6b29bd18fd35c3f9c885d64239a1d.js","cookie":"**REDACTED**","sec-fetch-dest":"script","sec-fetch-mode":"cors","sec-fetch-site":"same-origin"},"query":{"v":"4f30ce2003"}},"res":{"_headers":{"x-powered-by":"Express","accept-ranges":"bytes","cache-control":"public, max-age=0, immutable","last-modified":"Sat, 26 Oct 1985 08:15:00 GMT","etag":"W/\"2c79a8-7438674ba0\"","content-type":"application/javascript; charset=UTF-8","vary":"Accept-Encoding","content-encoding":"br"},"statusCode":200,"responseTime":"354ms"},"msg":"","time":"2026-03-03T21:21:16.710Z","v":0}
{"name":"Log","hostname":"a275c7126250","pid":1,"level":30,"version":"6.19.4","req":{"meta":{"requestId":"0d499320-9731-454d-aacd-bc20954805e1","userId":"69a74bc62ef78a0001b0912c"},"url":"/stats/member_count/?date_from=2026-02-01","method":"GET","originalUrl":"/ghost/api/admin/stats/member_count/?date_from=2026-02-01","params":{},"headers":{"host":"localhost:2368","user-agent":"Mozilla/5.0 (Macintosh; Intel Mac OS X 10.15; rv:148.0) Gecko/20100101 Firefox/148.0","accept":"*/*","accept-language":"en-US,en;q=0.9","accept-encoding":"gzip, deflate, br, zstd","referer":"http://localhost:2368/ghost/","app-pragma":"no-cache","sec-gpc":"1","connection":"keep-alive","cookie":"**REDACTED**","sec-fetch-dest":"empty","sec-fetch-mode":"cors","sec-fetch-site":"same-origin","priority":"u=4"},"query":{"date_from":"2026-02-01"}},"res":{"_headers":{"x-powered-by":"Express","content-version":"v6.19","vary":"Accept-Version, Accept-Encoding","cache-control":"no-cache, private, no-store, must-revalidate, max-stale=0, post-check=0, pre-check=0","content-type":"application/json; charset=utf-8","etag":"W/\"b03-rF9VVcQmcZFWa9/bjv1FcXcMkHs\"","content-encoding":"br"},"statusCode":200,"responseTime":"40ms"},"msg":"","time":"2026-03-03T21:21:16.721Z","v":0}
{"name":"Log","hostname":"a275c7126250","pid":1,"level":30,"version":"6.19.4","req":{"meta":{"requestId":"35da29b4-553e-455d-9c17-ab440c070867","userId":"69a74bc62ef78a0001b0912c"},"url":"/stats/mrr/?date_from=2026-02-01","method":"GET","originalUrl":"/ghost/api/admin/stats/mrr/?date_from=2026-02-01","params":{},"headers":{"host":"localhost:2368","user-agent":"Mozilla/5.0 (Macintosh; Intel Mac OS X 10.15; rv:148.0) Gecko/20100101 Firefox/148.0","accept":"*/*","accept-language":"en-US,en;q=0.9","accept-encoding":"gzip, deflate, br, zstd","referer":"http://localhost:2368/ghost/","app-pragma":"no-cache","sec-gpc":"1","connection":"keep-alive","cookie":"**REDACTED**","sec-fetch-dest":"empty","sec-fetch-mode":"cors","sec-fetch-site":"same-origin","priority":"u=4"},"query":{"date_from":"2026-02-01"}},"res":{"_headers":{"x-powered-by":"Express","content-version":"v6.19","vary":"Accept-Version, Accept-Encoding","cache-control":"no-cache, private, no-store, must-revalidate, max-stale=0, post-check=0, pre-check=0","content-type":"application/json; charset=utf-8","content-length":"105","etag":"W/\"69-OOp9BJE5aYgEr8k7HL+8vGy9iTo\""},"statusCode":200,"responseTime":"44ms"},"msg":"","time":"2026-03-03T21:21:16.736Z","v":0}
{"name":"Log","hostname":"a275c7126250","pid":1,"level":30,"version":"6.19.4","req":{"meta":{"requestId":"a0647133-f639-4cb9-8540-c7cb3e01254c","userId":"69a74bc62ef78a0001b0912c"},"url":"/stats/subscriptions/","method":"GET","originalUrl":"/ghost/api/admin/stats/subscriptions/","params":{},"headers":{"host":"localhost:2368","user-agent":"Mozilla/5.0 (Macintosh; Intel Mac OS X 10.15; rv:148.0) Gecko/20100101 Firefox/148.0","accept":"*/*","accept-language":"en-US,en;q=0.9","accept-encoding":"gzip, deflate, br, zstd","referer":"http://localhost:2368/ghost/","app-pragma":"no-cache","sec-gpc":"1","connection":"keep-alive","cookie":"**REDACTED**","sec-fetch-dest":"empty","sec-fetch-mode":"cors","sec-fetch-site":"same-origin","priority":"u=4"},"query":{}},"res":{"_headers":{"x-powered-by":"Express","content-version":"v6.19","vary":"Accept-Version, Accept-Encoding","cache-control":"no-cache, private, no-store, must-revalidate, max-stale=0, post-check=0, pre-check=0","content-type":"application/json; charset=utf-8","content-length":"58","etag":"W/\"3a-eJP2s8ITXLYqwEFE9w0xE8QKf5I\""},"statusCode":200,"responseTime":"62ms"},"msg":"","time":"2026-03-03T21:21:16.760Z","v":0}
{"name":"Log","hostname":"a275c7126250","pid":1,"level":30,"version":"6.19.4","req":{"meta":{"requestId":"5be1821b-6a38-4372-bb67-51f693e044d2","userId":"69a74bc62ef78a0001b0912c"},"url":"/posts/?filter=status%3A%5Bpublished%2Csent%5D&order=published_at+DESC&limit=1&include=authors%2Cemail%2Ccount.clicks","method":"GET","originalUrl":"/ghost/api/admin/posts/?filter=status%3A%5Bpublished%2Csent%5D&order=published_at+DESC&limit=1&include=authors%2Cemail%2Ccount.clicks","params":{},"headers":{"host":"localhost:2368","user-agent":"Mozilla/5.0 (Macintosh; Intel Mac OS X 10.15; rv:148.0) Gecko/20100101 Firefox/148.0","accept":"*/*","accept-language":"en-US,en;q=0.9","accept-encoding":"gzip, deflate, br, zstd","referer":"http://localhost:2368/ghost/","app-pragma":"no-cache","sec-gpc":"1","connection":"keep-alive","cookie":"**REDACTED**","sec-fetch-dest":"empty","sec-fetch-mode":"cors","sec-fetch-site":"same-origin","priority":"u=4"},"query":{"filter":"status:[published,sent]","order":"published_at DESC","limit":"1","include":"authors,email,count.clicks"}},"res":{"_headers":{"x-powered-by":"Express","content-version":"v6.19","vary":"Accept-Version, Accept-Encoding","cache-control":"no-cache, private, no-store, must-revalidate, max-stale=0, post-check=0, pre-check=0","content-type":"application/json; charset=utf-8","etag":"W/\"f2b-4JV+AROBxx/GcQcwdGvvRkCam0k\"","content-encoding":"br"},"statusCode":200,"responseTime":"79ms"},"msg":"","time":"2026-03-03T21:21:16.791Z","v":0}
{"name":"Log","hostname":"a275c7126250","pid":1,"level":30,"version":"6.19.4","req":{"meta":{"requestId":"2082fd55-2c45-4a4a-b447-0ab3e93ce6e8","userId":"69a74bc62ef78a0001b0912c"},"url":"/stats/top-posts-views/?date_from=2026-02-01&date_to=2026-03-03&limit=5&timezone=America%2FToronto","method":"GET","originalUrl":"/ghost/api/admin/stats/top-posts-views/?date_from=2026-02-01&date_to=2026-03-03&limit=5&timezone=America%2FToronto","params":{},"headers":{"host":"localhost:2368","user-agent":"Mozilla/5.0 (Macintosh; Intel Mac OS X 10.15; rv:148.0) Gecko/20100101 Firefox/148.0","accept":"*/*","accept-language":"en-US,en;q=0.9","accept-encoding":"gzip, deflate, br, zstd","referer":"http://localhost:2368/ghost/","app-pragma":"no-cache","sec-gpc":"1","connection":"keep-alive","cookie":"**REDACTED**","sec-fetch-dest":"empty","sec-fetch-mode":"cors","sec-fetch-site":"same-origin","priority":"u=4"},"query":{"date_from":"2026-02-01","date_to":"2026-03-03","limit":"5","timezone":"America/Toronto"}},"res":{"_headers":{"x-powered-by":"Express","content-version":"v6.19","vary":"Accept-Version, Accept-Encoding","cache-control":"no-cache, private, no-store, must-revalidate, max-stale=0, post-check=0, pre-check=0","content-type":"application/json; charset=utf-8","content-length":"386","etag":"W/\"182-8a7GRNvQQwtbPoZc9+1Jx/mqk8Q\""},"statusCode":200,"responseTime":"80ms"},"msg":"","time":"2026-03-03T21:21:16.794Z","v":0}
{"name":"Log","hostname":"a275c7126250","pid":1,"level":30,"version":"6.19.4","req":{"meta":{"requestId":"14604a0e-16a5-46bc-a3a0-c84795189dea","userId":null},"url":"/.ghost/activitypub/v1/notifications/unread/count","method":"GET","originalUrl":"/.ghost/activitypub/v1/notifications/unread/count","params":{},"headers":{"host":"localhost:2368","user-agent":"Mozilla/5.0 (Macintosh; Intel Mac OS X 10.15; rv:148.0) Gecko/20100101 Firefox/148.0","accept":"application/activity+json","accept-language":"en-US,en;q=0.9","accept-encoding":"gzip, deflate, br, zstd","referer":"http://localhost:2368/ghost/","authorization":"**REDACTED**","sec-gpc":"1","connection":"keep-alive","cookie":"**REDACTED**","sec-fetch-dest":"empty","sec-fetch-mode":"cors","sec-fetch-site":"same-origin","priority":"u=4"},"query":{}},"res":{"_headers":{"x-powered-by":"Express","cache-control":"public, max-age=31536000","location":"/.ghost/activitypub/v1/notifications/unread/count/"},"statusCode":301,"responseTime":"3ms"},"msg":"","time":"2026-03-03T21:21:16.800Z","v":0}
{"name":"Log","hostname":"a275c7126250","pid":1,"level":30,"version":"6.19.4","req":{"meta":{"requestId":"6a88d0ed-37b5-46f2-8630-b475dd711a43","userId":"69a74bc62ef78a0001b0912c"},"url":"/users/69a74bc62ef78a0001b0912c/?include=roles","method":"PUT","originalUrl":"/ghost/api/admin/users/69a74bc62ef78a0001b0912c/?include=roles","params":{"id":"69a74bc62ef78a0001b0912c"},"headers":{"host":"localhost:2368","user-agent":"Mozilla/5.0 (Macintosh; Intel Mac OS X 10.15; rv:148.0) Gecko/20100101 Firefox/148.0","accept":"*/*","accept-language":"en-US,en;q=0.9","accept-encoding":"gzip, deflate, br, zstd","referer":"http://localhost:2368/ghost/","app-pragma":"no-cache","content-type":"application/json","content-length":"1271","origin":"http://localhost:2368","sec-gpc":"1","connection":"keep-alive","cookie":"**REDACTED**","sec-fetch-dest":"empty","sec-fetch-mode":"cors","sec-fetch-site":"same-origin","priority":"u=4"},"query":{"include":"roles"}},"res":{"_headers":{"x-powered-by":"Express","content-version":"v6.19","vary":"Accept-Version, Origin, Accept-Encoding","cache-control":"no-cache, private, no-store, must-revalidate, max-stale=0, post-check=0, pre-check=0","access-control-allow-origin":"http://localhost:2368","content-type":"application/json; charset=utf-8","etag":"W/\"4f7-hfz/LoRGdieuBId5ClBFvHCbsDg\"","content-encoding":"br"},"statusCode":200,"responseTime":"123ms"},"msg":"","time":"2026-03-03T21:21:16.840Z","v":0}
{"name":"Log","hostname":"a275c7126250","pid":1,"level":30,"version":"6.19.4","req":{"meta":{"requestId":"be4a9799-3e6d-474f-b237-1ceb7c56afc9","userId":"69a74bc62ef78a0001b0912c"},"url":"/users/69a74bc62ef78a0001b0912c/?include=roles","method":"PUT","originalUrl":"/ghost/api/admin/users/69a74bc62ef78a0001b0912c/?include=roles","params":{"id":"69a74bc62ef78a0001b0912c"},"headers":{"host":"localhost:2368","user-agent":"Mozilla/5.0 (Macintosh; Intel Mac OS X 10.15; rv:148.0) Gecko/20100101 Firefox/148.0","accept":"*/*","accept-language":"en-US,en;q=0.9","accept-encoding":"gzip, deflate, br, zstd","referer":"http://localhost:2368/ghost/","app-pragma":"no-cache","content-type":"application/json","content-length":"1271","origin":"http://localhost:2368","sec-gpc":"1","connection":"keep-alive","cookie":"**REDACTED**","sec-fetch-dest":"empty","sec-fetch-mode":"cors","sec-fetch-site":"same-origin","priority":"u=4"},"query":{"include":"roles"}},"res":{"_headers":{"x-powered-by":"Express","content-version":"v6.19","vary":"Accept-Version, Origin, Accept-Encoding","cache-control":"no-cache, private, no-store, must-revalidate, max-stale=0, post-check=0, pre-check=0","access-control-allow-origin":"http://localhost:2368","content-type":"application/json; charset=utf-8","etag":"W/\"4f7-hfz/LoRGdieuBId5ClBFvHCbsDg\"","content-encoding":"br"},"statusCode":200,"responseTime":"118ms"},"msg":"","time":"2026-03-03T21:21:16.841Z","v":0}
{"name":"Log","hostname":"a275c7126250","pid":1,"level":30,"version":"6.19.4","req":{"meta":{"requestId":"611d1996-05ab-4e97-aacf-89a6820c9077","userId":"69a74bc62ef78a0001b0912c"},"url":"/users/69a74bc62ef78a0001b0912c/?include=roles","method":"PUT","originalUrl":"/ghost/api/admin/users/69a74bc62ef78a0001b0912c/?include=roles","params":{"id":"69a74bc62ef78a0001b0912c"},"headers":{"host":"localhost:2368","user-agent":"Mozilla/5.0 (Macintosh; Intel Mac OS X 10.15; rv:148.0) Gecko/20100101 Firefox/148.0","accept":"*/*","accept-language":"en-US,en;q=0.9","accept-encoding":"gzip, deflate, br, zstd","referer":"http://localhost:2368/ghost/","app-pragma":"no-cache","content-type":"application/json","content-length":"1271","origin":"http://localhost:2368","sec-gpc":"1","connection":"keep-alive","cookie":"**REDACTED**","sec-fetch-dest":"empty","sec-fetch-mode":"cors","sec-fetch-site":"same-origin","priority":"u=4"},"query":{"include":"roles"}},"res":{"_headers":{"x-powered-by":"Express","content-version":"v6.19","vary":"Accept-Version, Origin, Accept-Encoding","cache-control":"no-cache, private, no-store, must-revalidate, max-stale=0, post-check=0, pre-check=0","access-control-allow-origin":"http://localhost:2368","content-type":"application/json; charset=utf-8","etag":"W/\"4f7-hfz/LoRGdieuBId5ClBFvHCbsDg\"","content-encoding":"br"},"statusCode":200,"responseTime":"105ms"},"msg":"","time":"2026-03-03T21:21:16.843Z","v":0}
{"name":"Log","hostname":"a275c7126250","pid":1,"level":30,"version":"6.19.4","req":{"meta":{"requestId":"5b8ea06c-1ece-4642-a92d-6e7be939ce99","userId":"69a74bc62ef78a0001b0912c"},"url":"/users/69a74bc62ef78a0001b0912c/?include=roles","method":"PUT","originalUrl":"/ghost/api/admin/users/69a74bc62ef78a0001b0912c/?include=roles","params":{"id":"69a74bc62ef78a0001b0912c"},"headers":{"host":"localhost:2368","user-agent":"Mozilla/5.0 (Macintosh; Intel Mac OS X 10.15; rv:148.0) Gecko/20100101 Firefox/148.0","accept":"*/*","accept-language":"en-US,en;q=0.9","accept-encoding":"gzip, deflate, br, zstd","referer":"http://localhost:2368/ghost/","app-pragma":"no-cache","content-type":"application/json","content-length":"1271","origin":"http://localhost:2368","sec-gpc":"1","connection":"keep-alive","cookie":"**REDACTED**","sec-fetch-dest":"empty","sec-fetch-mode":"cors","sec-fetch-site":"same-origin","priority":"u=4"},"query":{"include":"roles"}},"res":{"_headers":{"x-powered-by":"Express","content-version":"v6.19","vary":"Accept-Version, Origin, Accept-Encoding","cache-control":"no-cache, private, no-store, must-revalidate, max-stale=0, post-check=0, pre-check=0","access-control-allow-origin":"http://localhost:2368","content-type":"application/json; charset=utf-8","etag":"W/\"4f7-hfz/LoRGdieuBId5ClBFvHCbsDg\"","content-encoding":"br"},"statusCode":200,"responseTime":"80ms"},"msg":"","time":"2026-03-03T21:21:16.849Z","v":0}
{"name":"Log","hostname":"a275c7126250","pid":1,"level":30,"version":"6.19.4","req":{"meta":{"requestId":"2a7bb261-33ba-4969-a0b1-9a998a4be97c","userId":null},"url":"/.ghost/activitypub/v1/notifications/unread/count/","method":"GET","originalUrl":"/.ghost/activitypub/v1/notifications/unread/count/","params":{},"headers":{"host":"localhost:2368","user-agent":"Mozilla/5.0 (Macintosh; Intel Mac OS X 10.15; rv:148.0) Gecko/20100101 Firefox/148.0","accept":"application/activity+json","accept-language":"en-US,en;q=0.9","accept-encoding":"gzip, deflate, br, zstd","authorization":"**REDACTED**","referer":"http://localhost:2368/ghost/","sec-gpc":"1","connection":"keep-alive","cookie":"**REDACTED**","sec-fetch-dest":"empty","sec-fetch-mode":"cors","sec-fetch-site":"same-origin","priority":"u=4"},"query":{}},"res":{"_headers":{"x-powered-by":"Express","cache-control":"no-cache, private, no-store, must-revalidate, max-stale=0, post-check=0, pre-check=0","content-type":"text/html; charset=utf-8","etag":"W/\"481-fmTWE9pgzpG1aw4ibRG858leQeQ\"","vary":"Accept-Encoding","content-encoding":"br"},"statusCode":404,"responseTime":"10ms"},"msg":"","time":"2026-03-03T21:21:16.874Z","v":0}
{"name":"Log","hostname":"a275c7126250","pid":1,"level":30,"version":"6.19.4","req":{"meta":{"requestId":"2db5c7f1-9f07-4312-8a74-3415efedea8b","userId":"69a74bc62ef78a0001b0912c"},"url":"/stats/posts/69a74bc62ef78a0001b091bc/stats/","method":"GET","originalUrl":"/ghost/api/admin/stats/posts/69a74bc62ef78a0001b091bc/stats/","params":{"id":"69a74bc62ef78a0001b091bc"},"headers":{"host":"localhost:2368","user-agent":"Mozilla/5.0 (Macintosh; Intel Mac OS X 10.15; rv:148.0) Gecko/20100101 Firefox/148.0","accept":"*/*","accept-language":"en-US,en;q=0.9","accept-encoding":"gzip, deflate, br, zstd","referer":"http://localhost:2368/ghost/","app-pragma":"no-cache","sec-gpc":"1","connection":"keep-alive","cookie":"**REDACTED**","sec-fetch-dest":"empty","sec-fetch-mode":"cors","sec-fetch-site":"same-origin","priority":"u=4"},"query":{}},"res":{"_headers":{"x-powered-by":"Express","content-version":"v6.19","vary":"Accept-Version, Accept-Encoding","cache-control":"no-cache, private, no-store, must-revalidate, max-stale=0, post-check=0, pre-check=0","content-type":"application/json; charset=utf-8","content-length":"169","etag":"W/\"a9-yb33YU9bS6JXp1Y9fW3lMoiByXk\""},"statusCode":200,"responseTime":"17ms"},"msg":"","time":"2026-03-03T21:21:16.895Z","v":0}
{"name":"Log","hostname":"a275c7126250","pid":1,"level":30,"version":"6.19.4","req":{"meta":{"requestId":"c7eb20df-91f0-4af5-a11d-540da5274fd9","userId":null},"url":"/","method":"GET","originalUrl":"/","params":{},"headers":{"host":"localhost:2368","user-agent":"Mozilla/5.0 (Macintosh; Intel Mac OS X 10.15; rv:148.0) Gecko/20100101 Firefox/148.0","accept":"text/html,application/xhtml+xml,application/xml;q=0.9,*/*;q=0.8","accept-language":"en-US,en;q=0.9","accept-encoding":"gzip, deflate, br, zstd","sec-gpc":"1","connection":"keep-alive","cookie":"**REDACTED**","upgrade-insecure-requests":"1","sec-fetch-dest":"document","sec-fetch-mode":"navigate","sec-fetch-site":"none","sec-fetch-user":"?1","dnt":"1","priority":"u=0, i"},"query":{}},"res":{"_headers":{"x-powered-by":"Express","cache-control":"public, max-age=0","content-type":"text/html; charset=utf-8","etag":"W/\"43fe-ZYYJhUOa3cy8wP8eDkobzpRccbc\"","vary":"Accept-Encoding","content-encoding":"br"},"statusCode":200,"responseTime":"48ms"},"msg":"","time":"2026-03-03T21:21:28.012Z","v":0}
{"name":"Log","hostname":"a275c7126250","pid":1,"level":30,"version":"6.19.4","req":{"meta":{"requestId":"96f7425b-4333-45c1-afe2-761dbd0ae230","userId":null},"url":"/assets/fonts/inter-roman.woff2?v=f6325171dd","method":"GET","originalUrl":"/assets/fonts/inter-roman.woff2?v=f6325171dd","params":{},"headers":{"host":"localhost:2368","user-agent":"Mozilla/5.0 (Macintosh; Intel Mac OS X 10.15; rv:148.0) Gecko/20100101 Firefox/148.0","accept":"application/font-woff2;q=1.0,application/font-woff;q=0.9,*/*;q=0.8","accept-language":"en-US,en;q=0.9","accept-encoding":"gzip, deflate, br, zstd","referer":"http://localhost:2368/","sec-gpc":"1","connection":"keep-alive","cookie":"**REDACTED**","sec-fetch-dest":"font","sec-fetch-mode":"cors","sec-fetch-site":"same-origin","priority":"u=2"},"query":{"v":"f6325171dd"}},"res":{"_headers":{"x-powered-by":"Express","accept-ranges":"bytes","cache-control":"public, max-age=0","last-modified":"Sat, 26 Oct 1985 08:15:00 GMT","etag":"W/\"9394-7438674ba0\"","content-type":"font/woff2","content-length":37780},"statusCode":200,"responseTime":"4ms"},"msg":"","time":"2026-03-03T21:21:28.042Z","v":0}
{"name":"Log","hostname":"a275c7126250","pid":1,"level":30,"version":"6.19.4","req":{"meta":{"requestId":"7a28ce35-a11f-4d02-a042-d07292e54f7b","userId":null},"url":"/public/cards.min.css?v=f6325171dd","method":"GET","originalUrl":"/public/cards.min.css?v=f6325171dd","params":{},"headers":{"host":"localhost:2368","user-agent":"Mozilla/5.0 (Macintosh; Intel Mac OS X 10.15; rv:148.0) Gecko/20100101 Firefox/148.0","accept":"text/css,*/*;q=0.1","accept-language":"en-US,en;q=0.9","accept-encoding":"gzip, deflate, br, zstd","referer":"http://localhost:2368/","sec-gpc":"1","connection":"keep-alive","cookie":"**REDACTED**","sec-fetch-dest":"style","sec-fetch-mode":"no-cors","sec-fetch-site":"same-origin","priority":"u=2"},"query":{"v":"f6325171dd"}},"res":{"_headers":{"x-powered-by":"Express","content-type":"text/css","etag":"\"781668c539d7a83eb1aa862009ffeb96\"","cache-control":"public, max-age=31536000","vary":"Accept-Encoding","content-encoding":"br"},"statusCode":200,"responseTime":"4ms"},"msg":"","time":"2026-03-03T21:21:28.044Z","v":0}
{"name":"Log","hostname":"a275c7126250","pid":1,"level":30,"version":"6.19.4","req":{"meta":{"requestId":"268a9a5c-2277-49eb-a15b-9ed774a417f4","userId":null},"url":"/public/member-attribution.min.js?v=f6325171dd","method":"GET","originalUrl":"/public/member-attribution.min.js?v=f6325171dd","params":{},"headers":{"host":"localhost:2368","user-agent":"Mozilla/5.0 (Macintosh; Intel Mac OS X 10.15; rv:148.0) Gecko/20100101 Firefox/148.0","accept":"*/*","accept-language":"en-US,en;q=0.9","accept-encoding":"gzip, deflate, br, zstd","referer":"http://localhost:2368/","sec-gpc":"1","connection":"keep-alive","cookie":"**REDACTED**","sec-fetch-dest":"script","sec-fetch-mode":"no-cors","sec-fetch-site":"same-origin"},"query":{"v":"f6325171dd"}},"res":{"_headers":{"x-powered-by":"Express","content-type":"application/javascript","etag":"\"76d7f9c7c5c4b0f99bca6af29aaaa4df\"","cache-control":"public, max-age=31536000","vary":"Accept-Encoding","content-encoding":"br"},"statusCode":200,"responseTime":"4ms"},"msg":"","time":"2026-03-03T21:21:28.045Z","v":0}
{"name":"Log","hostname":"a275c7126250","pid":1,"level":30,"version":"6.19.4","req":{"meta":{"requestId":"bc7ecb16-0e1d-48ac-a4b8-64cc95d1829d","userId":null},"url":"/assets/built/screen.css?v=f6325171dd","method":"GET","originalUrl":"/assets/built/screen.css?v=f6325171dd","params":{},"headers":{"host":"localhost:2368","user-agent":"Mozilla/5.0 (Macintosh; Intel Mac OS X 10.15; rv:148.0) Gecko/20100101 Firefox/148.0","accept":"text/css,*/*;q=0.1","accept-language":"en-US,en;q=0.9","accept-encoding":"gzip, deflate, br, zstd","sec-gpc":"1","connection":"keep-alive","referer":"http://localhost:2368/","cookie":"**REDACTED**","sec-fetch-dest":"style","sec-fetch-mode":"no-cors","sec-fetch-site":"same-origin","priority":"u=0"},"query":{"v":"f6325171dd"}},"res":{"_headers":{"x-powered-by":"Express","accept-ranges":"bytes","cache-control":"public, max-age=0","last-modified":"Sat, 26 Oct 1985 08:15:00 GMT","etag":"W/\"d1bb-7438674ba0\"","content-type":"text/css; charset=UTF-8","vary":"Accept-Encoding","content-encoding":"br"},"statusCode":200,"responseTime":"9ms"},"msg":"","time":"2026-03-03T21:21:28.046Z","v":0}
{"name":"Log","hostname":"a275c7126250","pid":1,"level":30,"version":"6.19.4","req":{"meta":{"requestId":"b00d1a12-6285-47c7-a52a-368419bce76f","userId":null},"url":"/public/cards.min.js?v=f6325171dd","method":"GET","originalUrl":"/public/cards.min.js?v=f6325171dd","params":{},"headers":{"host":"localhost:2368","user-agent":"Mozilla/5.0 (Macintosh; Intel Mac OS X 10.15; rv:148.0) Gecko/20100101 Firefox/148.0","accept":"*/*","accept-language":"en-US,en;q=0.9","accept-encoding":"gzip, deflate, br, zstd","referer":"http://localhost:2368/","sec-gpc":"1","connection":"keep-alive","cookie":"**REDACTED**","sec-fetch-dest":"script","sec-fetch-mode":"no-cors","sec-fetch-site":"same-origin"},"query":{"v":"f6325171dd"}},"res":{"_headers":{"x-powered-by":"Express","content-type":"application/javascript","etag":"\"91fcf6fd1c2761b582cda90883e5ff94\"","cache-control":"public, max-age=31536000","vary":"Accept-Encoding","content-encoding":"br"},"statusCode":200,"responseTime":"6ms"},"msg":"","time":"2026-03-03T21:21:28.047Z","v":0}
{"name":"Log","hostname":"a275c7126250","pid":1,"level":30,"version":"6.19.4","req":{"meta":{"requestId":"63341fc7-bff6-4593-a147-0c5c372db9c5","userId":null},"url":"/assets/built/source.js?v=f6325171dd","method":"GET","originalUrl":"/assets/built/source.js?v=f6325171dd","params":{},"headers":{"host":"localhost:2368","user-agent":"Mozilla/5.0 (Macintosh; Intel Mac OS X 10.15; rv:148.0) Gecko/20100101 Firefox/148.0","accept":"*/*","accept-language":"en-US,en;q=0.9","accept-encoding":"gzip, deflate, br, zstd","sec-gpc":"1","connection":"keep-alive","referer":"http://localhost:2368/","cookie":"**REDACTED**","sec-fetch-dest":"script","sec-fetch-mode":"no-cors","sec-fetch-site":"same-origin","priority":"u=1"},"query":{"v":"f6325171dd"}},"res":{"_headers":{"x-powered-by":"Express","accept-ranges":"bytes","cache-control":"public, max-age=0","last-modified":"Sat, 26 Oct 1985 08:15:00 GMT","etag":"W/\"cde1-7438674ba0\"","content-type":"application/javascript; charset=UTF-8","vary":"Accept-Encoding","content-encoding":"br"},"statusCode":200,"responseTime":"10ms"},"msg":"","time":"2026-03-03T21:21:28.048Z","v":0}
{"name":"Log","hostname":"a275c7126250","pid":1,"level":30,"version":"6.19.4","req":{"meta":{"requestId":"3be4ec57-c2ab-4bbf-bd5f-298a4bf9952a","userId":null},"url":"/api/member/","method":"GET","originalUrl":"/members/api/member/","params":{},"headers":{"host":"localhost:2368","user-agent":"Mozilla/5.0 (Macintosh; Intel Mac OS X 10.15; rv:148.0) Gecko/20100101 Firefox/148.0","accept":"*/*","accept-language":"en-US,en;q=0.9","accept-encoding":"gzip, deflate, br, zstd","referer":"http://localhost:2368/","sec-gpc":"1","connection":"keep-alive","cookie":"**REDACTED**","sec-fetch-dest":"empty","sec-fetch-mode":"cors","sec-fetch-site":"same-origin","priority":"u=4"},"query":{}},"res":{"_headers":{"x-powered-by":"Express","cache-control":"no-cache, private, no-store, must-revalidate, max-stale=0, post-check=0, pre-check=0","access-control-allow-origin":"*"},"statusCode":204,"responseTime":"1ms"},"msg":"","time":"2026-03-03T21:21:28.404Z","v":0}
{"name":"Log","hostname":"a275c7126250","pid":1,"level":30,"version":"6.19.4","req":{"meta":{"requestId":"53acbd91-261d-4317-baaa-2e6e99b743e5","userId":null},"url":"/tiers/?limit=100&include=monthly_price%2Cyearly_price%2Cbenefits&key=9b6b47e860c80342be94a5ae88","method":"GET","originalUrl":"/ghost/api/content/tiers/?limit=100&include=monthly_price%2Cyearly_price%2Cbenefits&key=9b6b47e860c80342be94a5ae88","params":{},"headers":{"host":"localhost:2368","user-agent":"Mozilla/5.0 (Macintosh; Intel Mac OS X 10.15; rv:148.0) Gecko/20100101 Firefox/148.0","accept":"*/*","accept-language":"en-US,en;q=0.9","accept-encoding":"gzip, deflate, br, zstd","referer":"http://localhost:2368/","content-type":"application/json","sec-gpc":"1","connection":"keep-alive","cookie":"**REDACTED**","sec-fetch-dest":"empty","sec-fetch-mode":"cors","sec-fetch-site":"same-origin","priority":"u=4"},"query":{"limit":"100","include":"monthly_price,yearly_price,benefits","key":"**REDACTED**"}},"res":{"_headers":{"x-powered-by":"Express","content-version":"v6.19","vary":"Accept-Version, Accept-Encoding","cache-control":"public, max-age=0","access-control-allow-origin":"*","content-type":"application/json; charset=utf-8","content-length":"699","etag":"W/\"2bb-xU7jy7Oz6ZFrL9bBMaor3tIAoU4\""},"statusCode":200,"responseTime":"20ms"},"msg":"","time":"2026-03-03T21:21:28.444Z","v":0}
{"name":"Log","hostname":"a275c7126250","pid":1,"level":30,"version":"6.19.4","req":{"meta":{"requestId":"1b4e8fb9-a560-4355-a2ac-01cbda268402","userId":null},"url":"/settings/?key=9b6b47e860c80342be94a5ae88","method":"GET","originalUrl":"/ghost/api/content/settings/?key=9b6b47e860c80342be94a5ae88","params":{},"headers":{"host":"localhost:2368","user-agent":"Mozilla/5.0 (Macintosh; Intel Mac OS X 10.15; rv:148.0) Gecko/20100101 Firefox/148.0","accept":"*/*","accept-language":"en-US,en;q=0.9","accept-encoding":"gzip, deflate, br, zstd","referer":"http://localhost:2368/","content-type":"application/json","sec-gpc":"1","connection":"keep-alive","cookie":"**REDACTED**","sec-fetch-dest":"empty","sec-fetch-mode":"cors","sec-fetch-site":"same-origin","priority":"u=4"},"query":{"key":"**REDACTED**"}},"res":{"_headers":{"x-powered-by":"Express","content-version":"v6.19","vary":"Accept-Version, Accept-Encoding","cache-control":"public, max-age=0","access-control-allow-origin":"*","content-type":"application/json; charset=utf-8","etag":"W/\"74d-zW/+/FgpqxEel8MiWwu13+Ng08s\"","content-encoding":"br"},"statusCode":200,"responseTime":"25ms"},"msg":"","time":"2026-03-03T21:21:28.445Z","v":0}
{"name":"Log","hostname":"a275c7126250","pid":1,"level":30,"version":"6.19.4","req":{"meta":{"requestId":"2e30de47-4086-4584-ae57-34dc167b774c","userId":null},"url":"/newsletters/?limit=100&key=9b6b47e860c80342be94a5ae88","method":"GET","originalUrl":"/ghost/api/content/newsletters/?limit=100&key=9b6b47e860c80342be94a5ae88","params":{},"headers":{"host":"localhost:2368","user-agent":"Mozilla/5.0 (Macintosh; Intel Mac OS X 10.15; rv:148.0) Gecko/20100101 Firefox/148.0","accept":"*/*","accept-language":"en-US,en;q=0.9","accept-encoding":"gzip, deflate, br, zstd","referer":"http://localhost:2368/","content-type":"application/json","sec-gpc":"1","connection":"keep-alive","cookie":"**REDACTED**","sec-fetch-dest":"empty","sec-fetch-mode":"cors","sec-fetch-site":"same-origin","priority":"u=4"},"query":{"limit":"100","key":"**REDACTED**"}},"res":{"_headers":{"x-powered-by":"Express","content-version":"v6.19","vary":"Accept-Version, Accept-Encoding","cache-control":"public, max-age=0","access-control-allow-origin":"*","content-type":"application/json; charset=utf-8","content-length":"417","etag":"W/\"1a1-n3RLIl7fbJc7TXxm6szZLvPS5dc\""},"statusCode":200,"responseTime":"25ms"},"msg":"","time":"2026-03-03T21:21:28.448Z","v":0}
{"name":"Log","hostname":"a275c7126250","pid":1,"level":30,"version":"6.19.4","req":{"meta":{"requestId":"f2cf8696-254b-40cf-bbc4-516291b13a6d","userId":null},"url":"/favicon.ico","method":"GET","originalUrl":"/favicon.ico","params":{"0":"ico"},"headers":{"host":"localhost:2368","user-agent":"Mozilla/5.0 (Macintosh; Intel Mac OS X 10.15; rv:148.0) Gecko/20100101 Firefox/148.0","accept":"image/avif,image/jxl,image/webp,image/png,image/svg+xml,image/*;q=0.8,*/*;q=0.5","accept-language":"en-US,en;q=0.9","accept-encoding":"gzip, deflate, br, zstd","referer":"http://localhost:2368/","sec-gpc":"1","connection":"keep-alive","cookie":"**REDACTED**","sec-fetch-dest":"image","sec-fetch-mode":"no-cors","sec-fetch-site":"same-origin","priority":"u=6"},"query":{}},"res":{"_headers":{"x-powered-by":"Express","content-type":"image/x-icon","etag":"\"a9c6dbdcdc3ae568f4e0dad92149a0e3\"","cache-control":"public, max-age=86400","vary":"Accept-Encoding","content-encoding":"br"},"statusCode":200,"responseTime":"3ms"},"msg":"","time":"2026-03-03T21:21:28.451Z","v":0}
{"name":"Log","hostname":"a275c7126250","pid":1,"level":30,"version":"6.19.4","worker":{"resourceLimits":{"maxYoungGenerationSizeMb":48,"maxOldGenerationSizeMb":2048,"codeRangeSizeMb":0,"stackSizeMb":4},"threadId":6},"msg":"Worker for job \"process-outbox\" online","time":"2026-03-03T21:25:35.847Z","v":0}
{"name":"Log","hostname":"a275c7126250","pid":1,"level":30,"version":"6.19.4","msg":"Worker for job process-outbox sent a message: done","time":"2026-03-03T21:25:35.853Z","v":0}
{"name":"Log","hostname":"a275c7126250","pid":1,"level":30,"version":"6.19.4","msg":"[OUTBOX] No pending outbox entries to process","time":"2026-03-03T21:25:35.859Z","v":0}
{"name":"Log","hostname":"a275c7126250","pid":1,"level":30,"version":"6.19.4","worker":{"resourceLimits":{"maxYoungGenerationSizeMb":48,"maxOldGenerationSizeMb":2048,"codeRangeSizeMb":0,"stackSizeMb":4},"threadId":7},"msg":"Worker for job \"process-outbox\" online","time":"2026-03-03T21:30:35.886Z","v":0}
{"name":"Log","hostname":"a275c7126250","pid":1,"level":30,"version":"6.19.4","msg":"Worker for job process-outbox sent a message: done","time":"2026-03-03T21:30:35.888Z","v":0}
{"name":"Log","hostname":"a275c7126250","pid":1,"level":30,"version":"6.19.4","msg":"[OUTBOX] No pending outbox entries to process","time":"2026-03-03T21:30:35.896Z","v":0}
{"name":"Log","hostname":"a275c7126250","pid":1,"level":30,"version":"6.19.4","req":{"meta":{"requestId":"42be8311-7bbc-4bed-aa86-e058abae5318","userId":null},"url":"/","method":"GET","originalUrl":"/","params":{},"headers":{"host":"localhost:2368","user-agent":"Mozilla/5.0 (Macintosh; Intel Mac OS X 10.15; rv:148.0) Gecko/20100101 Firefox/148.0","accept":"text/html,application/xhtml+xml,application/xml;q=0.9,*/*;q=0.8","accept-language":"en-US,en;q=0.9","accept-encoding":"gzip, deflate, br, zstd","referer":"http://localhost:2368/","sec-gpc":"1","connection":"keep-alive","cookie":"**REDACTED**","upgrade-insecure-requests":"1","sec-fetch-dest":"document","sec-fetch-mode":"navigate","sec-fetch-site":"same-origin","sec-fetch-user":"?1","priority":"u=0, i"},"query":{}},"res":{"_headers":{"x-powered-by":"Express","cache-control":"public, max-age=0","content-type":"text/html; charset=utf-8","etag":"W/\"43fe-ZYYJhUOa3cy8wP8eDkobzpRccbc\"","vary":"Accept-Encoding","content-encoding":"br"},"statusCode":200,"responseTime":"76ms"},"msg":"","time":"2026-03-03T21:31:02.730Z","v":0}
{"name":"Log","hostname":"a275c7126250","pid":1,"level":30,"version":"6.19.4","req":{"meta":{"requestId":"fa2c90f4-7670-47b5-9a5a-44d06447b0ee","userId":null},"url":"/assets/fonts/inter-roman.woff2?v=f6325171dd","method":"GET","originalUrl":"/assets/fonts/inter-roman.woff2?v=f6325171dd","params":{},"headers":{"host":"localhost:2368","user-agent":"Mozilla/5.0 (Macintosh; Intel Mac OS X 10.15; rv:148.0) Gecko/20100101 Firefox/148.0","accept":"application/font-woff2;q=1.0,application/font-woff;q=0.9,*/*;q=0.8","accept-language":"en-US,en;q=0.9","accept-encoding":"gzip, deflate, br, zstd","referer":"http://localhost:2368/","sec-gpc":"1","connection":"keep-alive","cookie":"**REDACTED**","sec-fetch-dest":"font","sec-fetch-mode":"cors","sec-fetch-site":"same-origin","priority":"u=2"},"query":{"v":"f6325171dd"}},"res":{"_headers":{"x-powered-by":"Express","accept-ranges":"bytes","cache-control":"public, max-age=0","last-modified":"Sat, 26 Oct 1985 08:15:00 GMT","etag":"W/\"9394-7438674ba0\"","content-type":"font/woff2","content-length":37780},"statusCode":200,"responseTime":"6ms"},"msg":"","time":"2026-03-03T21:31:02.774Z","v":0}
{"name":"Log","hostname":"a275c7126250","pid":1,"level":30,"version":"6.19.4","req":{"meta":{"requestId":"d7c88e02-ad58-4ca8-be8e-782134174661","userId":null},"url":"/public/cards.min.js?v=f6325171dd","method":"GET","originalUrl":"/public/cards.min.js?v=f6325171dd","params":{},"headers":{"host":"localhost:2368","user-agent":"Mozilla/5.0 (Macintosh; Intel Mac OS X 10.15; rv:148.0) Gecko/20100101 Firefox/148.0","accept":"*/*","accept-language":"en-US,en;q=0.9","accept-encoding":"gzip, deflate, br, zstd","referer":"http://localhost:2368/","sec-gpc":"1","connection":"keep-alive","cookie":"**REDACTED**","sec-fetch-dest":"script","sec-fetch-mode":"no-cors","sec-fetch-site":"same-origin"},"query":{"v":"f6325171dd"}},"res":{"_headers":{"x-powered-by":"Express","content-type":"application/javascript","etag":"\"91fcf6fd1c2761b582cda90883e5ff94\"","cache-control":"public, max-age=31536000","vary":"Accept-Encoding","content-encoding":"br"},"statusCode":200,"responseTime":"7ms"},"msg":"","time":"2026-03-03T21:31:02.778Z","v":0}
{"name":"Log","hostname":"a275c7126250","pid":1,"level":30,"version":"6.19.4","req":{"meta":{"requestId":"85b91f21-0a68-4304-a025-39a257465960","userId":null},"url":"/assets/built/screen.css?v=f6325171dd","method":"GET","originalUrl":"/assets/built/screen.css?v=f6325171dd","params":{},"headers":{"host":"localhost:2368","user-agent":"Mozilla/5.0 (Macintosh; Intel Mac OS X 10.15; rv:148.0) Gecko/20100101 Firefox/148.0","accept":"text/css,*/*;q=0.1","accept-language":"en-US,en;q=0.9","accept-encoding":"gzip, deflate, br, zstd","sec-gpc":"1","connection":"keep-alive","referer":"http://localhost:2368/","cookie":"**REDACTED**","sec-fetch-dest":"style","sec-fetch-mode":"no-cors","sec-fetch-site":"same-origin","priority":"u=0"},"query":{"v":"f6325171dd"}},"res":{"_headers":{"x-powered-by":"Express","accept-ranges":"bytes","cache-control":"public, max-age=0","last-modified":"Sat, 26 Oct 1985 08:15:00 GMT","etag":"W/\"d1bb-7438674ba0\"","content-type":"text/css; charset=UTF-8","vary":"Accept-Encoding","content-encoding":"br"},"statusCode":200,"responseTime":"13ms"},"msg":"","time":"2026-03-03T21:31:02.780Z","v":0}
{"name":"Log","hostname":"a275c7126250","pid":1,"level":30,"version":"6.19.4","req":{"meta":{"requestId":"7eb3e85e-74e1-4a3c-b450-2375046546c2","userId":null},"url":"/public/member-attribution.min.js?v=f6325171dd","method":"GET","originalUrl":"/public/member-attribution.min.js?v=f6325171dd","params":{},"headers":{"host":"localhost:2368","user-agent":"Mozilla/5.0 (Macintosh; Intel Mac OS X 10.15; rv:148.0) Gecko/20100101 Firefox/148.0","accept":"*/*","accept-language":"en-US,en;q=0.9","accept-encoding":"gzip, deflate, br, zstd","referer":"http://localhost:2368/","sec-gpc":"1","connection":"keep-alive","cookie":"**REDACTED**","sec-fetch-dest":"script","sec-fetch-mode":"no-cors","sec-fetch-site":"same-origin"},"query":{"v":"f6325171dd"}},"res":{"_headers":{"x-powered-by":"Express","content-type":"application/javascript","etag":"\"76d7f9c7c5c4b0f99bca6af29aaaa4df\"","cache-control":"public, max-age=31536000","vary":"Accept-Encoding","content-encoding":"br"},"statusCode":200,"responseTime":"8ms"},"msg":"","time":"2026-03-03T21:31:02.781Z","v":0}
{"name":"Log","hostname":"a275c7126250","pid":1,"level":30,"version":"6.19.4","req":{"meta":{"requestId":"dcb75c3d-9356-4bff-a24b-6ce485d379e4","userId":null},"url":"/assets/built/source.js?v=f6325171dd","method":"GET","originalUrl":"/assets/built/source.js?v=f6325171dd","params":{},"headers":{"host":"localhost:2368","user-agent":"Mozilla/5.0 (Macintosh; Intel Mac OS X 10.15; rv:148.0) Gecko/20100101 Firefox/148.0","accept":"*/*","accept-language":"en-US,en;q=0.9","accept-encoding":"gzip, deflate, br, zstd","sec-gpc":"1","connection":"keep-alive","referer":"http://localhost:2368/","cookie":"**REDACTED**","sec-fetch-dest":"script","sec-fetch-mode":"no-cors","sec-fetch-site":"same-origin","priority":"u=1"},"query":{"v":"f6325171dd"}},"res":{"_headers":{"x-powered-by":"Express","accept-ranges":"bytes","cache-control":"public, max-age=0","last-modified":"Sat, 26 Oct 1985 08:15:00 GMT","etag":"W/\"cde1-7438674ba0\"","content-type":"application/javascript; charset=UTF-8","vary":"Accept-Encoding","content-encoding":"br"},"statusCode":200,"responseTime":"16ms"},"msg":"","time":"2026-03-03T21:31:02.784Z","v":0}
{"name":"Log","hostname":"a275c7126250","pid":1,"level":30,"version":"6.19.4","req":{"meta":{"requestId":"03566fe7-ae0b-4d47-b54a-41971eddf0df","userId":null},"url":"/api/member/","method":"GET","originalUrl":"/members/api/member/","params":{},"headers":{"host":"localhost:2368","user-agent":"Mozilla/5.0 (Macintosh; Intel Mac OS X 10.15; rv:148.0) Gecko/20100101 Firefox/148.0","accept":"*/*","accept-language":"en-US,en;q=0.9","accept-encoding":"gzip, deflate, br, zstd","referer":"http://localhost:2368/","sec-gpc":"1","connection":"keep-alive","cookie":"**REDACTED**","sec-fetch-dest":"empty","sec-fetch-mode":"cors","sec-fetch-site":"same-origin","priority":"u=4"},"query":{}},"res":{"_headers":{"x-powered-by":"Express","cache-control":"no-cache, private, no-store, must-revalidate, max-stale=0, post-check=0, pre-check=0","access-control-allow-origin":"*"},"statusCode":204,"responseTime":"1ms"},"msg":"","time":"2026-03-03T21:31:02.881Z","v":0}
{"name":"Log","hostname":"a275c7126250","pid":1,"level":30,"version":"6.19.4","req":{"meta":{"requestId":"561f028d-c07b-42a7-b94a-13e1dd6bd4e1","userId":null},"url":"/tiers/?limit=100&include=monthly_price%2Cyearly_price%2Cbenefits&key=9b6b47e860c80342be94a5ae88","method":"GET","originalUrl":"/ghost/api/content/tiers/?limit=100&include=monthly_price%2Cyearly_price%2Cbenefits&key=9b6b47e860c80342be94a5ae88","params":{},"headers":{"host":"localhost:2368","user-agent":"Mozilla/5.0 (Macintosh; Intel Mac OS X 10.15; rv:148.0) Gecko/20100101 Firefox/148.0","accept":"*/*","accept-language":"en-US,en;q=0.9","accept-encoding":"gzip, deflate, br, zstd","referer":"http://localhost:2368/","content-type":"application/json","sec-gpc":"1","connection":"keep-alive","cookie":"**REDACTED**","sec-fetch-dest":"empty","sec-fetch-mode":"cors","sec-fetch-site":"same-origin","priority":"u=4"},"query":{"limit":"100","include":"monthly_price,yearly_price,benefits","key":"**REDACTED**"}},"res":{"_headers":{"x-powered-by":"Express","content-version":"v6.19","vary":"Accept-Version, Accept-Encoding","cache-control":"public, max-age=0","access-control-allow-origin":"*","content-type":"application/json; charset=utf-8","content-length":"699","etag":"W/\"2bb-xU7jy7Oz6ZFrL9bBMaor3tIAoU4\""},"statusCode":200,"responseTime":"11ms"},"msg":"","time":"2026-03-03T21:31:02.910Z","v":0}
{"name":"Log","hostname":"a275c7126250","pid":1,"level":30,"version":"6.19.4","req":{"meta":{"requestId":"7ee66efb-bc61-4a2f-ac74-348e17ec8131","userId":null},"url":"/newsletters/?limit=100&key=9b6b47e860c80342be94a5ae88","method":"GET","originalUrl":"/ghost/api/content/newsletters/?limit=100&key=9b6b47e860c80342be94a5ae88","params":{},"headers":{"host":"localhost:2368","user-agent":"Mozilla/5.0 (Macintosh; Intel Mac OS X 10.15; rv:148.0) Gecko/20100101 Firefox/148.0","accept":"*/*","accept-language":"en-US,en;q=0.9","accept-encoding":"gzip, deflate, br, zstd","referer":"http://localhost:2368/","content-type":"application/json","sec-gpc":"1","connection":"keep-alive","cookie":"**REDACTED**","sec-fetch-dest":"empty","sec-fetch-mode":"cors","sec-fetch-site":"same-origin","priority":"u=4"},"query":{"limit":"100","key":"**REDACTED**"}},"res":{"_headers":{"x-powered-by":"Express","content-version":"v6.19","vary":"Accept-Version, Accept-Encoding","cache-control":"public, max-age=0","access-control-allow-origin":"*","content-type":"application/json; charset=utf-8","content-length":"417","etag":"W/\"1a1-n3RLIl7fbJc7TXxm6szZLvPS5dc\""},"statusCode":200,"responseTime":"14ms"},"msg":"","time":"2026-03-03T21:31:02.912Z","v":0}
{"name":"Log","hostname":"a275c7126250","pid":1,"level":30,"version":"6.19.4","req":{"meta":{"requestId":"1808961b-c1e2-4d4d-b089-9d43e335efb7","userId":null},"url":"/settings/?key=9b6b47e860c80342be94a5ae88","method":"GET","originalUrl":"/ghost/api/content/settings/?key=9b6b47e860c80342be94a5ae88","params":{},"headers":{"host":"localhost:2368","user-agent":"Mozilla/5.0 (Macintosh; Intel Mac OS X 10.15; rv:148.0) Gecko/20100101 Firefox/148.0","accept":"*/*","accept-language":"en-US,en;q=0.9","accept-encoding":"gzip, deflate, br, zstd","referer":"http://localhost:2368/","content-type":"application/json","sec-gpc":"1","connection":"keep-alive","cookie":"**REDACTED**","sec-fetch-dest":"empty","sec-fetch-mode":"cors","sec-fetch-site":"same-origin","priority":"u=4"},"query":{"key":"**REDACTED**"}},"res":{"_headers":{"x-powered-by":"Express","content-version":"v6.19","vary":"Accept-Version, Accept-Encoding","cache-control":"public, max-age=0","access-control-allow-origin":"*","content-type":"application/json; charset=utf-8","etag":"W/\"74d-zW/+/FgpqxEel8MiWwu13+Ng08s\"","content-encoding":"br"},"statusCode":200,"responseTime":"17ms"},"msg":"","time":"2026-03-03T21:31:02.913Z","v":0}
{"name":"Log","hostname":"a275c7126250","pid":1,"level":30,"version":"6.19.4","req":{"meta":{"requestId":"edc4470d-5d02-46f7-83d1-9d48700ec564","userId":null},"url":"/favicon.ico","method":"GET","originalUrl":"/favicon.ico","params":{"0":"ico"},"headers":{"host":"localhost:2368","user-agent":"Mozilla/5.0 (Macintosh; Intel Mac OS X 10.15; rv:148.0) Gecko/20100101 Firefox/148.0","accept":"image/avif,image/jxl,image/webp,image/png,image/svg+xml,image/*;q=0.8,*/*;q=0.5","accept-language":"en-US,en;q=0.9","accept-encoding":"gzip, deflate, br, zstd","referer":"http://localhost:2368/","sec-gpc":"1","connection":"keep-alive","cookie":"**REDACTED**","sec-fetch-dest":"image","sec-fetch-mode":"no-cors","sec-fetch-site":"same-origin","priority":"u=6"},"query":{}},"res":{"_headers":{"x-powered-by":"Express","content-type":"image/x-icon","etag":"\"a9c6dbdcdc3ae568f4e0dad92149a0e3\"","cache-control":"public, max-age=86400","vary":"Accept-Encoding","content-encoding":"br"},"statusCode":200,"responseTime":"1ms"},"msg":"","time":"2026-03-03T21:31:02.916Z","v":0}
{"name":"Log","hostname":"a275c7126250","pid":1,"level":30,"version":"6.19.4","req":{"meta":{"requestId":"a41a0280-9fa0-4e2a-b2a4-4e0e858d0cff","userId":null},"url":"/about/","method":"GET","originalUrl":"/about/","params":{"slug":"about"},"headers":{"host":"localhost:2368","user-agent":"Mozilla/5.0 (Macintosh; Intel Mac OS X 10.15; rv:148.0) Gecko/20100101 Firefox/148.0","accept":"text/html,application/xhtml+xml,application/xml;q=0.9,*/*;q=0.8","accept-language":"en-US,en;q=0.9","accept-encoding":"gzip, deflate, br, zstd","referer":"http://localhost:2368/","sec-gpc":"1","connection":"keep-alive","cookie":"**REDACTED**","upgrade-insecure-requests":"1","sec-fetch-dest":"document","sec-fetch-mode":"navigate","sec-fetch-site":"same-origin","sec-fetch-user":"?1","priority":"u=0, i"},"query":{}},"res":{"_headers":{"x-powered-by":"Express","cache-control":"public, max-age=0","content-type":"text/html; charset=utf-8","etag":"W/\"42bd-5N91HVY5cWtnowyPi9uUtf/tQO8\"","vary":"Accept-Encoding","content-encoding":"br"},"statusCode":200,"responseTime":"52ms"},"msg":"","time":"2026-03-03T21:31:26.561Z","v":0}
{"name":"Log","hostname":"a275c7126250","pid":1,"level":30,"version":"6.19.4","req":{"meta":{"requestId":"d7ff511f-b287-4776-8558-c39d9473531e","userId":null},"url":"/assets/built/screen.css?v=f6325171dd","method":"GET","originalUrl":"/assets/built/screen.css?v=f6325171dd","params":{},"headers":{"host":"localhost:2368","user-agent":"Mozilla/5.0 (Macintosh; Intel Mac OS X 10.15; rv:148.0) Gecko/20100101 Firefox/148.0","accept":"text/css,*/*;q=0.1","accept-language":"en-US,en;q=0.9","accept-encoding":"gzip, deflate, br, zstd","sec-gpc":"1","connection":"keep-alive","referer":"http://localhost:2368/about/","cookie":"**REDACTED**","sec-fetch-dest":"style","sec-fetch-mode":"no-cors","sec-fetch-site":"same-origin","priority":"u=0"},"query":{"v":"f6325171dd"}},"res":{"_headers":{"x-powered-by":"Express","accept-ranges":"bytes","cache-control":"public, max-age=0","last-modified":"Sat, 26 Oct 1985 08:15:00 GMT","etag":"W/\"d1bb-7438674ba0\"","content-type":"text/css; charset=UTF-8","vary":"Accept-Encoding","content-encoding":"br"},"statusCode":200,"responseTime":"5ms"},"msg":"","time":"2026-03-03T21:31:26.603Z","v":0}
{"name":"Log","hostname":"a275c7126250","pid":1,"level":30,"version":"6.19.4","req":{"meta":{"requestId":"85a3bf32-b3cf-41fd-800c-f0dd9091c90e","userId":null},"url":"/assets/fonts/inter-roman.woff2?v=f6325171dd","method":"GET","originalUrl":"/assets/fonts/inter-roman.woff2?v=f6325171dd","params":{},"headers":{"host":"localhost:2368","user-agent":"Mozilla/5.0 (Macintosh; Intel Mac OS X 10.15; rv:148.0) Gecko/20100101 Firefox/148.0","accept":"application/font-woff2;q=1.0,application/font-woff;q=0.9,*/*;q=0.8","accept-language":"en-US,en;q=0.9","accept-encoding":"gzip, deflate, br, zstd","referer":"http://localhost:2368/about/","sec-gpc":"1","connection":"keep-alive","cookie":"**REDACTED**","sec-fetch-dest":"font","sec-fetch-mode":"cors","sec-fetch-site":"same-origin","priority":"u=2"},"query":{"v":"f6325171dd"}},"res":{"_headers":{"x-powered-by":"Express","accept-ranges":"bytes","cache-control":"public, max-age=0","last-modified":"Sat, 26 Oct 1985 08:15:00 GMT","etag":"W/\"9394-7438674ba0\"","content-type":"font/woff2","content-length":37780},"statusCode":200,"responseTime":"5ms"},"msg":"","time":"2026-03-03T21:31:26.604Z","v":0}
{"name":"Log","hostname":"a275c7126250","pid":1,"level":30,"version":"6.19.4","req":{"meta":{"requestId":"99cb4866-874a-4ce8-bfcb-8f81b9367176","userId":null},"url":"/public/member-attribution.min.js?v=f6325171dd","method":"GET","originalUrl":"/public/member-attribution.min.js?v=f6325171dd","params":{},"headers":{"host":"localhost:2368","user-agent":"Mozilla/5.0 (Macintosh; Intel Mac OS X 10.15; rv:148.0) Gecko/20100101 Firefox/148.0","accept":"*/*","accept-language":"en-US,en;q=0.9","accept-encoding":"gzip, deflate, br, zstd","referer":"http://localhost:2368/about/","sec-gpc":"1","connection":"keep-alive","cookie":"**REDACTED**","sec-fetch-dest":"script","sec-fetch-mode":"no-cors","sec-fetch-site":"same-origin"},"query":{"v":"f6325171dd"}},"res":{"_headers":{"x-powered-by":"Express","content-type":"application/javascript","etag":"\"76d7f9c7c5c4b0f99bca6af29aaaa4df\"","cache-control":"public, max-age=31536000","vary":"Accept-Encoding","content-encoding":"br"},"statusCode":200,"responseTime":"5ms"},"msg":"","time":"2026-03-03T21:31:26.604Z","v":0}
{"name":"Log","hostname":"a275c7126250","pid":1,"level":30,"version":"6.19.4","req":{"meta":{"requestId":"bf10d642-bdc3-4624-b928-c9ceea884979","userId":null},"url":"/public/cards.min.js?v=f6325171dd","method":"GET","originalUrl":"/public/cards.min.js?v=f6325171dd","params":{},"headers":{"host":"localhost:2368","user-agent":"Mozilla/5.0 (Macintosh; Intel Mac OS X 10.15; rv:148.0) Gecko/20100101 Firefox/148.0","accept":"*/*","accept-language":"en-US,en;q=0.9","accept-encoding":"gzip, deflate, br, zstd","referer":"http://localhost:2368/about/","sec-gpc":"1","connection":"keep-alive","cookie":"**REDACTED**","sec-fetch-dest":"script","sec-fetch-mode":"no-cors","sec-fetch-site":"same-origin"},"query":{"v":"f6325171dd"}},"res":{"_headers":{"x-powered-by":"Express","content-type":"application/javascript","etag":"\"91fcf6fd1c2761b582cda90883e5ff94\"","cache-control":"public, max-age=31536000","vary":"Accept-Encoding","content-encoding":"br"},"statusCode":200,"responseTime":"6ms"},"msg":"","time":"2026-03-03T21:31:26.605Z","v":0}
{"name":"Log","hostname":"a275c7126250","pid":1,"level":30,"version":"6.19.4","req":{"meta":{"requestId":"0b6c295c-98cf-4768-8fa5-617ccef9ed68","userId":null},"url":"/assets/built/source.js?v=f6325171dd","method":"GET","originalUrl":"/assets/built/source.js?v=f6325171dd","params":{},"headers":{"host":"localhost:2368","user-agent":"Mozilla/5.0 (Macintosh; Intel Mac OS X 10.15; rv:148.0) Gecko/20100101 Firefox/148.0","accept":"*/*","accept-language":"en-US,en;q=0.9","accept-encoding":"gzip, deflate, br, zstd","sec-gpc":"1","connection":"keep-alive","referer":"http://localhost:2368/about/","cookie":"**REDACTED**","sec-fetch-dest":"script","sec-fetch-mode":"no-cors","sec-fetch-site":"same-origin","priority":"u=1"},"query":{"v":"f6325171dd"}},"res":{"_headers":{"x-powered-by":"Express","accept-ranges":"bytes","cache-control":"public, max-age=0","last-modified":"Sat, 26 Oct 1985 08:15:00 GMT","etag":"W/\"cde1-7438674ba0\"","content-type":"application/javascript; charset=UTF-8","vary":"Accept-Encoding","content-encoding":"br"},"statusCode":200,"responseTime":"7ms"},"msg":"","time":"2026-03-03T21:31:26.605Z","v":0}
{"name":"Log","hostname":"a275c7126250","pid":1,"level":30,"version":"6.19.4","req":{"meta":{"requestId":"fe80592e-d384-4af7-81e8-cb4ad693e148","userId":null},"url":"/api/member/","method":"GET","originalUrl":"/members/api/member/","params":{},"headers":{"host":"localhost:2368","user-agent":"Mozilla/5.0 (Macintosh; Intel Mac OS X 10.15; rv:148.0) Gecko/20100101 Firefox/148.0","accept":"*/*","accept-language":"en-US,en;q=0.9","accept-encoding":"gzip, deflate, br, zstd","referer":"http://localhost:2368/about/","sec-gpc":"1","connection":"keep-alive","cookie":"**REDACTED**","sec-fetch-dest":"empty","sec-fetch-mode":"cors","sec-fetch-site":"same-origin","priority":"u=4"},"query":{}},"res":{"_headers":{"x-powered-by":"Express","cache-control":"no-cache, private, no-store, must-revalidate, max-stale=0, post-check=0, pre-check=0","access-control-allow-origin":"*"},"statusCode":204,"responseTime":"1ms"},"msg":"","time":"2026-03-03T21:31:26.734Z","v":0}
{"name":"Log","hostname":"a275c7126250","pid":1,"level":30,"version":"6.19.4","req":{"meta":{"requestId":"f7a1062c-8c8d-4255-9e83-7e4a8a85d3bc","userId":null},"url":"/tiers/?limit=100&include=monthly_price%2Cyearly_price%2Cbenefits&key=9b6b47e860c80342be94a5ae88","method":"GET","originalUrl":"/ghost/api/content/tiers/?limit=100&include=monthly_price%2Cyearly_price%2Cbenefits&key=9b6b47e860c80342be94a5ae88","params":{},"headers":{"host":"localhost:2368","user-agent":"Mozilla/5.0 (Macintosh; Intel Mac OS X 10.15; rv:148.0) Gecko/20100101 Firefox/148.0","accept":"*/*","accept-language":"en-US,en;q=0.9","accept-encoding":"gzip, deflate, br, zstd","referer":"http://localhost:2368/about/","content-type":"application/json","sec-gpc":"1","connection":"keep-alive","cookie":"**REDACTED**","sec-fetch-dest":"empty","sec-fetch-mode":"cors","sec-fetch-site":"same-origin","priority":"u=4"},"query":{"limit":"100","include":"monthly_price,yearly_price,benefits","key":"**REDACTED**"}},"res":{"_headers":{"x-powered-by":"Express","content-version":"v6.19","vary":"Accept-Version, Accept-Encoding","cache-control":"public, max-age=0","access-control-allow-origin":"*","content-type":"application/json; charset=utf-8","content-length":"699","etag":"W/\"2bb-xU7jy7Oz6ZFrL9bBMaor3tIAoU4\""},"statusCode":200,"responseTime":"19ms"},"msg":"","time":"2026-03-03T21:31:26.770Z","v":0}
{"name":"Log","hostname":"a275c7126250","pid":1,"level":30,"version":"6.19.4","req":{"meta":{"requestId":"90bd7e41-c7a7-48bb-a000-1b45539d6cd8","userId":null},"url":"/settings/?key=9b6b47e860c80342be94a5ae88","method":"GET","originalUrl":"/ghost/api/content/settings/?key=9b6b47e860c80342be94a5ae88","params":{},"headers":{"host":"localhost:2368","user-agent":"Mozilla/5.0 (Macintosh; Intel Mac OS X 10.15; rv:148.0) Gecko/20100101 Firefox/148.0","accept":"*/*","accept-language":"en-US,en;q=0.9","accept-encoding":"gzip, deflate, br, zstd","referer":"http://localhost:2368/about/","content-type":"application/json","sec-gpc":"1","connection":"keep-alive","cookie":"**REDACTED**","sec-fetch-dest":"empty","sec-fetch-mode":"cors","sec-fetch-site":"same-origin","priority":"u=4"},"query":{"key":"**REDACTED**"}},"res":{"_headers":{"x-powered-by":"Express","content-version":"v6.19","vary":"Accept-Version, Accept-Encoding","cache-control":"public, max-age=0","access-control-allow-origin":"*","content-type":"application/json; charset=utf-8","etag":"W/\"74d-zW/+/FgpqxEel8MiWwu13+Ng08s\"","content-encoding":"br"},"statusCode":200,"responseTime":"28ms"},"msg":"","time":"2026-03-03T21:31:26.774Z","v":0}
{"name":"Log","hostname":"a275c7126250","pid":1,"level":30,"version":"6.19.4","req":{"meta":{"requestId":"39a238b5-4eac-4d91-91c4-87907cc48f0c","userId":null},"url":"/newsletters/?limit=100&key=9b6b47e860c80342be94a5ae88","method":"GET","originalUrl":"/ghost/api/content/newsletters/?limit=100&key=9b6b47e860c80342be94a5ae88","params":{},"headers":{"host":"localhost:2368","user-agent":"Mozilla/5.0 (Macintosh; Intel Mac OS X 10.15; rv:148.0) Gecko/20100101 Firefox/148.0","accept":"*/*","accept-language":"en-US,en;q=0.9","accept-encoding":"gzip, deflate, br, zstd","referer":"http://localhost:2368/about/","content-type":"application/json","sec-gpc":"1","connection":"keep-alive","cookie":"**REDACTED**","sec-fetch-dest":"empty","sec-fetch-mode":"cors","sec-fetch-site":"same-origin","priority":"u=4"},"query":{"limit":"100","key":"**REDACTED**"}},"res":{"_headers":{"x-powered-by":"Express","content-version":"v6.19","vary":"Accept-Version, Accept-Encoding","cache-control":"public, max-age=0","access-control-allow-origin":"*","content-type":"application/json; charset=utf-8","content-length":"417","etag":"W/\"1a1-n3RLIl7fbJc7TXxm6szZLvPS5dc\""},"statusCode":200,"responseTime":"28ms"},"msg":"","time":"2026-03-03T21:31:26.775Z","v":0}
{"name":"Log","hostname":"a275c7126250","pid":1,"level":30,"version":"6.19.4","req":{"meta":{"requestId":"78b2f499-2d45-4f2a-a0c3-342302aa0995","userId":null},"url":"/favicon.ico","method":"GET","originalUrl":"/favicon.ico","params":{"0":"ico"},"headers":{"host":"localhost:2368","user-agent":"Mozilla/5.0 (Macintosh; Intel Mac OS X 10.15; rv:148.0) Gecko/20100101 Firefox/148.0","accept":"image/avif,image/jxl,image/webp,image/png,image/svg+xml,image/*;q=0.8,*/*;q=0.5","accept-language":"en-US,en;q=0.9","accept-encoding":"gzip, deflate, br, zstd","referer":"http://localhost:2368/about/","sec-gpc":"1","connection":"keep-alive","cookie":"**REDACTED**","sec-fetch-dest":"image","sec-fetch-mode":"no-cors","sec-fetch-site":"same-origin","priority":"u=6"},"query":{}},"res":{"_headers":{"x-powered-by":"Express","content-type":"image/x-icon","etag":"\"a9c6dbdcdc3ae568f4e0dad92149a0e3\"","cache-control":"public, max-age=86400","vary":"Accept-Encoding","content-encoding":"br"},"statusCode":200,"responseTime":"1ms"},"msg":"","time":"2026-03-03T21:31:26.777Z","v":0}
{"name":"Log","hostname":"a275c7126250","pid":1,"level":30,"version":"6.19.4","worker":{"resourceLimits":{"maxYoungGenerationSizeMb":48,"maxOldGenerationSizeMb":2048,"codeRangeSizeMb":0,"stackSizeMb":4},"threadId":8},"msg":"Worker for job \"process-outbox\" online","time":"2026-03-03T21:35:35.922Z","v":0}
{"name":"Log","hostname":"a275c7126250","pid":1,"level":30,"version":"6.19.4","msg":"Worker for job process-outbox sent a message: done","time":"2026-03-03T21:35:35.926Z","v":0}
{"name":"Log","hostname":"a275c7126250","pid":1,"level":30,"version":"6.19.4","msg":"[OUTBOX] No pending outbox entries to process","time":"2026-03-03T21:35:35.934Z","v":0}
{"name":"Log","hostname":"a275c7126250","pid":1,"level":30,"version":"6.19.4","req":{"meta":{"requestId":"e500e4bf-b56d-4279-af28-0f67bd631af0","userId":"69a74bc62ef78a0001b0912c"},"url":"/pages/?formats=mobiledoc%2Clexical&limit=30&page=1&allFilter=status%3A%5Bdraft%2Cscheduled%2Cpublished%2Csent%5D&order=published_at%20desc&filter=status%3Ascheduled","method":"GET","originalUrl":"/ghost/api/admin/pages/?formats=mobiledoc%2Clexical&limit=30&page=1&allFilter=status%3A%5Bdraft%2Cscheduled%2Cpublished%2Csent%5D&order=published_at%20desc&filter=status%3Ascheduled","params":{},"headers":{"host":"localhost:2368","user-agent":"Mozilla/5.0 (Macintosh; Intel Mac OS X 10.15; rv:148.0) Gecko/20100101 Firefox/148.0","accept":"application/json, text/javascript, */*; q=0.01","accept-language":"en-US,en;q=0.9","accept-encoding":"gzip, deflate, br, zstd","content-type":"application/json; charset=UTF-8","app-pragma":"no-cache","x-requested-with":"XMLHttpRequest","sec-gpc":"1","connection":"keep-alive","referer":"http://localhost:2368/ghost/","cookie":"**REDACTED**","sec-fetch-dest":"empty","sec-fetch-mode":"cors","sec-fetch-site":"same-origin"},"query":{"formats":"mobiledoc,lexical","limit":"30","page":"1","allFilter":"status:[draft,scheduled,published,sent]","order":"published_at desc","filter":"status:scheduled"}},"res":{"_headers":{"x-powered-by":"Express","content-version":"v6.19","vary":"Accept-Version, Accept-Encoding","cache-control":"no-cache, private, no-store, must-revalidate, max-stale=0, post-check=0, pre-check=0","content-type":"application/json; charset=utf-8","content-length":"100","etag":"W/\"64-Sob9W3UE22w25wetuyhNCQVZMNI\""},"statusCode":200,"responseTime":"56ms"},"msg":"","time":"2026-03-03T21:39:28.662Z","v":0}
{"name":"Log","hostname":"a275c7126250","pid":1,"level":30,"version":"6.19.4","req":{"meta":{"requestId":"f6517031-86f5-40d3-933c-c760818bdbfa","userId":"69a74bc62ef78a0001b0912c"},"url":"/pages/?formats=mobiledoc%2Clexical&limit=30&page=1&allFilter=status%3A%5Bdraft%2Cscheduled%2Cpublished%2Csent%5D&order=updated_at%20desc&filter=status%3Adraft","method":"GET","originalUrl":"/ghost/api/admin/pages/?formats=mobiledoc%2Clexical&limit=30&page=1&allFilter=status%3A%5Bdraft%2Cscheduled%2Cpublished%2Csent%5D&order=updated_at%20desc&filter=status%3Adraft","params":{},"headers":{"host":"localhost:2368","user-agent":"Mozilla/5.0 (Macintosh; Intel Mac OS X 10.15; rv:148.0) Gecko/20100101 Firefox/148.0","accept":"application/json, text/javascript, */*; q=0.01","accept-language":"en-US,en;q=0.9","accept-encoding":"gzip, deflate, br, zstd","content-type":"application/json; charset=UTF-8","app-pragma":"no-cache","x-requested-with":"XMLHttpRequest","sec-gpc":"1","connection":"keep-alive","referer":"http://localhost:2368/ghost/","cookie":"**REDACTED**","sec-fetch-dest":"empty","sec-fetch-mode":"cors","sec-fetch-site":"same-origin"},"query":{"formats":"mobiledoc,lexical","limit":"30","page":"1","allFilter":"status:[draft,scheduled,published,sent]","order":"updated_at desc","filter":"status:draft"}},"res":{"_headers":{"x-powered-by":"Express","content-version":"v6.19","vary":"Accept-Version, Accept-Encoding","cache-control":"no-cache, private, no-store, must-revalidate, max-stale=0, post-check=0, pre-check=0","content-type":"application/json; charset=utf-8","content-length":"100","etag":"W/\"64-Sob9W3UE22w25wetuyhNCQVZMNI\""},"statusCode":200,"responseTime":"56ms"},"msg":"","time":"2026-03-03T21:39:28.666Z","v":0}
{"name":"Log","hostname":"a275c7126250","pid":1,"level":30,"version":"6.19.4","req":{"meta":{"requestId":"396a0636-93ff-4cd6-b794-565be45a4a77","userId":"69a74bc62ef78a0001b0912c"},"url":"/pages/?formats=mobiledoc%2Clexical&limit=30&page=1&allFilter=status%3A%5Bdraft%2Cscheduled%2Cpublished%2Csent%5D&order=published_at%20desc&filter=status%3A%5Bpublished%2Csent%5D","method":"GET","originalUrl":"/ghost/api/admin/pages/?formats=mobiledoc%2Clexical&limit=30&page=1&allFilter=status%3A%5Bdraft%2Cscheduled%2Cpublished%2Csent%5D&order=published_at%20desc&filter=status%3A%5Bpublished%2Csent%5D","params":{},"headers":{"host":"localhost:2368","user-agent":"Mozilla/5.0 (Macintosh; Intel Mac OS X 10.15; rv:148.0) Gecko/20100101 Firefox/148.0","accept":"application/json, text/javascript, */*; q=0.01","accept-language":"en-US,en;q=0.9","accept-encoding":"gzip, deflate, br, zstd","content-type":"application/json; charset=UTF-8","app-pragma":"no-cache","x-requested-with":"XMLHttpRequest","sec-gpc":"1","connection":"keep-alive","referer":"http://localhost:2368/ghost/","cookie":"**REDACTED**","sec-fetch-dest":"empty","sec-fetch-mode":"cors","sec-fetch-site":"same-origin"},"query":{"formats":"mobiledoc,lexical","limit":"30","page":"1","allFilter":"status:[draft,scheduled,published,sent]","order":"published_at desc","filter":"status:[published,sent]"}},"res":{"_headers":{"x-powered-by":"Express","content-version":"v6.19","vary":"Accept-Version, Accept-Encoding","cache-control":"no-cache, private, no-store, must-revalidate, max-stale=0, post-check=0, pre-check=0","content-type":"application/json; charset=utf-8","etag":"W/\"1846-BmzoL/k8nQNjzprbyOo/qUe4BLc\"","content-encoding":"br"},"statusCode":200,"responseTime":"70ms"},"msg":"","time":"2026-03-03T21:39:28.667Z","v":0}
{"name":"Log","hostname":"a275c7126250","pid":1,"level":30,"version":"6.19.4","req":{"meta":{"requestId":"68243445-8b7f-4943-9209-c2060386aa21","userId":"69a74bc62ef78a0001b0912c"},"url":"/stats/posts-member-counts/","method":"POST","originalUrl":"/ghost/api/admin/stats/posts-member-counts/","params":{},"headers":{"host":"localhost:2368","user-agent":"Mozilla/5.0 (Macintosh; Intel Mac OS X 10.15; rv:148.0) Gecko/20100101 Firefox/148.0","accept":"application/json, text/javascript, */*; q=0.01","accept-language":"en-US,en;q=0.9","accept-encoding":"gzip, deflate, br, zstd","content-type":"application/json","app-pragma":"no-cache","x-requested-with":"XMLHttpRequest","content-length":"40","origin":"http://localhost:2368","sec-gpc":"1","connection":"keep-alive","referer":"http://localhost:2368/ghost/","cookie":"**REDACTED**","sec-fetch-dest":"empty","sec-fetch-mode":"cors","sec-fetch-site":"same-origin"},"query":{}},"res":{"_headers":{"x-powered-by":"Express","content-version":"v6.19","vary":"Accept-Version, Origin, Accept-Encoding","cache-control":"no-cache, private, no-store, must-revalidate, max-stale=0, post-check=0, pre-check=0","access-control-allow-origin":"http://localhost:2368","content-type":"application/json; charset=utf-8","content-length":"76","etag":"W/\"4c-YGa3Ywal/HHoacHs4tQ1fhAagkw\""},"statusCode":200,"responseTime":"7ms"},"msg":"","time":"2026-03-03T21:39:28.682Z","v":0}
{"name":"Log","hostname":"a275c7126250","pid":1,"level":30,"version":"6.19.4","req":{"meta":{"requestId":"044840ca-cd07-44f1-8a27-1bce2200bd22","userId":"69a74bc62ef78a0001b0912c"},"url":"/users/?limit=100&page=1&include=roles","method":"GET","originalUrl":"/ghost/api/admin/users/?limit=100&page=1&include=roles","params":{},"headers":{"host":"localhost:2368","user-agent":"Mozilla/5.0 (Macintosh; Intel Mac OS X 10.15; rv:148.0) Gecko/20100101 Firefox/148.0","accept":"application/json, text/javascript, */*; q=0.01","accept-language":"en-US,en;q=0.9","accept-encoding":"gzip, deflate, br, zstd","content-type":"application/json; charset=UTF-8","app-pragma":"no-cache","x-requested-with":"XMLHttpRequest","sec-gpc":"1","connection":"keep-alive","referer":"http://localhost:2368/ghost/","cookie":"**REDACTED**","sec-fetch-dest":"empty","sec-fetch-mode":"cors","sec-fetch-site":"same-origin"},"query":{"limit":"100","page":"1","include":"roles"}},"res":{"_headers":{"x-powered-by":"Express","content-version":"v6.19","vary":"Accept-Version, Accept-Encoding","cache-control":"no-cache, private, no-store, must-revalidate, max-stale=0, post-check=0, pre-check=0","content-type":"application/json; charset=utf-8","etag":"W/\"550-+aiQlvmAIpbFH3YH3s+QT+3OFe4\"","content-encoding":"br"},"statusCode":200,"responseTime":"13ms"},"msg":"","time":"2026-03-03T21:39:28.698Z","v":0}
{"name":"Log","hostname":"a275c7126250","pid":1,"level":30,"version":"6.19.4","req":{"meta":{"requestId":"09e47bf5-7b53-483e-a9f6-301e72e71fc2","userId":null},"url":"/deleted-feed-item-DTI3_b51.js","method":"GET","originalUrl":"/ghost/assets/deleted-feed-item-DTI3_b51.js","params":{},"headers":{"host":"localhost:2368","user-agent":"Mozilla/5.0 (Macintosh; Intel Mac OS X 10.15; rv:148.0) Gecko/20100101 Firefox/148.0","accept":"*/*","accept-language":"en-US,en;q=0.9","accept-encoding":"gzip, deflate, br, zstd","sec-gpc":"1","connection":"keep-alive","referer":"http://localhost:2368/ghost/","cookie":"**REDACTED**","sec-fetch-dest":"script","sec-fetch-mode":"cors","sec-fetch-site":"same-origin","priority":"u=1"},"query":{}},"res":{"_headers":{"x-powered-by":"Express","accept-ranges":"bytes","cache-control":"public, max-age=0, immutable","last-modified":"Sat, 26 Oct 1985 08:15:00 GMT","etag":"W/\"b40-7438674ba0\"","content-type":"application/javascript; charset=UTF-8","vary":"Accept-Encoding","content-encoding":"br"},"statusCode":200,"responseTime":"9ms"},"msg":"","time":"2026-03-03T21:39:29.604Z","v":0}
{"name":"Log","hostname":"a275c7126250","pid":1,"level":30,"version":"6.19.4","req":{"meta":{"requestId":"aa7360c8-3758-463e-b735-92b850b08183","userId":null},"url":"/topic-filter-C9vreppj.js","method":"GET","originalUrl":"/ghost/assets/topic-filter-C9vreppj.js","params":{},"headers":{"host":"localhost:2368","user-agent":"Mozilla/5.0 (Macintosh; Intel Mac OS X 10.15; rv:148.0) Gecko/20100101 Firefox/148.0","accept":"*/*","accept-language":"en-US,en;q=0.9","accept-encoding":"gzip, deflate, br, zstd","sec-gpc":"1","connection":"keep-alive","referer":"http://localhost:2368/ghost/","cookie":"**REDACTED**","sec-fetch-dest":"script","sec-fetch-mode":"cors","sec-fetch-site":"same-origin","priority":"u=1"},"query":{}},"res":{"_headers":{"x-powered-by":"Express","accept-ranges":"bytes","cache-control":"public, max-age=0, immutable","last-modified":"Sat, 26 Oct 1985 08:15:00 GMT","etag":"W/\"45b-7438674ba0\"","content-type":"application/javascript; charset=UTF-8","vary":"Accept-Encoding","content-encoding":"br"},"statusCode":200,"responseTime":"12ms"},"msg":"","time":"2026-03-03T21:39:29.607Z","v":0}
{"name":"Log","hostname":"a275c7126250","pid":1,"level":30,"version":"6.19.4","req":{"meta":{"requestId":"17af322b-1a8e-4f09-832e-ab796bf58fd7","userId":null},"url":"/index-DUIcxsv7.js","method":"GET","originalUrl":"/ghost/assets/index-DUIcxsv7.js","params":{},"headers":{"host":"localhost:2368","user-agent":"Mozilla/5.0 (Macintosh; Intel Mac OS X 10.15; rv:148.0) Gecko/20100101 Firefox/148.0","accept":"*/*","accept-language":"en-US,en;q=0.9","accept-encoding":"gzip, deflate, br, zstd","sec-gpc":"1","connection":"keep-alive","referer":"http://localhost:2368/ghost/","cookie":"**REDACTED**","sec-fetch-dest":"script","sec-fetch-mode":"cors","sec-fetch-site":"same-origin","priority":"u=1"},"query":{}},"res":{"_headers":{"x-powered-by":"Express","accept-ranges":"bytes","cache-control":"public, max-age=0, immutable","last-modified":"Sat, 26 Oct 1985 08:15:00 GMT","etag":"W/\"1ed5e-7438674ba0\"","content-type":"application/javascript; charset=UTF-8","vary":"Accept-Encoding","content-encoding":"br"},"statusCode":200,"responseTime":"19ms"},"msg":"","time":"2026-03-03T21:39:29.613Z","v":0}
{"name":"Log","hostname":"a275c7126250","pid":1,"level":30,"version":"6.19.4","req":{"meta":{"requestId":"ff4df1f5-ede3-4bc0-9944-8ec27c4410e3","userId":null},"url":"/step-1-DaZxdLGz.js","method":"GET","originalUrl":"/ghost/assets/step-1-DaZxdLGz.js","params":{},"headers":{"host":"localhost:2368","user-agent":"Mozilla/5.0 (Macintosh; Intel Mac OS X 10.15; rv:148.0) Gecko/20100101 Firefox/148.0","accept":"*/*","accept-language":"en-US,en;q=0.9","accept-encoding":"gzip, deflate, br, zstd","sec-gpc":"1","connection":"keep-alive","referer":"http://localhost:2368/ghost/","cookie":"**REDACTED**","sec-fetch-dest":"script","sec-fetch-mode":"cors","sec-fetch-site":"same-origin","priority":"u=1"},"query":{}},"res":{"_headers":{"x-powered-by":"Express","accept-ranges":"bytes","cache-control":"public, max-age=0, immutable","last-modified":"Sat, 26 Oct 1985 08:15:00 GMT","etag":"W/\"12dc-7438674ba0\"","content-type":"application/javascript; charset=UTF-8","vary":"Accept-Encoding","content-encoding":"br"},"statusCode":200,"responseTime":"28ms"},"msg":"","time":"2026-03-03T21:39:29.666Z","v":0}
{"name":"Log","hostname":"a275c7126250","pid":1,"level":30,"version":"6.19.4","req":{"meta":{"requestId":"de826525-6b8e-4a4d-9416-05f87893bed9","userId":"69a74bc62ef78a0001b0912c"},"url":"/identities/","method":"GET","originalUrl":"/ghost/api/admin/identities/","params":{},"headers":{"host":"localhost:2368","user-agent":"Mozilla/5.0 (Macintosh; Intel Mac OS X 10.15; rv:148.0) Gecko/20100101 Firefox/148.0","accept":"*/*","accept-language":"en-US,en;q=0.9","accept-encoding":"gzip, deflate, br, zstd","referer":"http://localhost:2368/ghost/","sec-gpc":"1","connection":"keep-alive","cookie":"**REDACTED**","sec-fetch-dest":"empty","sec-fetch-mode":"cors","sec-fetch-site":"same-origin","priority":"u=4"},"query":{}},"res":{"_headers":{"x-powered-by":"Express","content-version":"v6.19","vary":"Accept-Version, Accept-Encoding","cache-control":"no-cache, private, no-store, must-revalidate, max-stale=0, post-check=0, pre-check=0","content-type":"application/json; charset=utf-8","content-length":"475","etag":"W/\"1db-cqAagu5a3syPB6+J+qqdc/zrCgE\""},"statusCode":200,"responseTime":"48ms"},"msg":"","time":"2026-03-03T21:39:29.686Z","v":0}
{"name":"Log","hostname":"a275c7126250","pid":1,"level":30,"version":"6.19.4","req":{"meta":{"requestId":"c69ce38b-cd15-4286-9b8e-94462146821a","userId":null},"url":"/ap-nodes-DIK5QLrT.png","method":"GET","originalUrl":"/ghost/assets/ap-nodes-DIK5QLrT.png","params":{},"headers":{"host":"localhost:2368","user-agent":"Mozilla/5.0 (Macintosh; Intel Mac OS X 10.15; rv:148.0) Gecko/20100101 Firefox/148.0","accept":"image/avif,image/jxl,image/webp,image/png,image/svg+xml,image/*;q=0.8,*/*;q=0.5","accept-language":"en-US,en;q=0.9","accept-encoding":"gzip, deflate, br, zstd","sec-gpc":"1","connection":"keep-alive","referer":"http://localhost:2368/ghost/","cookie":"**REDACTED**","sec-fetch-dest":"image","sec-fetch-mode":"no-cors","sec-fetch-site":"same-origin","priority":"u=4, i"},"query":{}},"res":{"_headers":{"x-powered-by":"Express","accept-ranges":"bytes","cache-control":"public, max-age=0, immutable","last-modified":"Sat, 26 Oct 1985 08:15:00 GMT","etag":"W/\"f977-7438674ba0\"","content-type":"image/png","content-length":63863},"statusCode":200,"responseTime":"8ms"},"msg":"","time":"2026-03-03T21:39:29.687Z","v":0}
{"name":"Log","hostname":"a275c7126250","pid":1,"level":30,"version":"6.19.4","req":{"meta":{"requestId":"61bc96f7-d7e0-46bd-b758-d10a750bd357","userId":"69a74bc62ef78a0001b0912c"},"url":"/users/me/?include=roles","method":"GET","originalUrl":"/ghost/api/admin/users/me/?include=roles","params":{"id":"me"},"headers":{"host":"localhost:2368","user-agent":"Mozilla/5.0 (Macintosh; Intel Mac OS X 10.15; rv:148.0) Gecko/20100101 Firefox/148.0","accept":"*/*","accept-language":"en-US,en;q=0.9","accept-encoding":"gzip, deflate, br, zstd","referer":"http://localhost:2368/ghost/","app-pragma":"no-cache","sec-gpc":"1","connection":"keep-alive","cookie":"**REDACTED**","sec-fetch-dest":"empty","sec-fetch-mode":"cors","sec-fetch-site":"same-origin","priority":"u=4"},"query":{"include":"roles"}},"res":{"_headers":{"x-powered-by":"Express","content-version":"v6.19","vary":"Accept-Version, Accept-Encoding","cache-control":"no-cache, private, no-store, must-revalidate, max-stale=0, post-check=0, pre-check=0","content-type":"application/json; charset=utf-8","etag":"W/\"4f7-hfz/LoRGdieuBId5ClBFvHCbsDg\"","content-encoding":"br"},"statusCode":200,"responseTime":"59ms"},"msg":"","time":"2026-03-03T21:39:29.693Z","v":0}
{"name":"Log","hostname":"a275c7126250","pid":1,"level":30,"version":"6.19.4","req":{"meta":{"requestId":"60cfbcc4-dfc0-43ed-ab74-7aea742c82b3","userId":null},"url":"/.ghost/activitypub/v1/topics","method":"GET","originalUrl":"/.ghost/activitypub/v1/topics","params":{},"headers":{"host":"localhost:2368","user-agent":"Mozilla/5.0 (Macintosh; Intel Mac OS X 10.15; rv:148.0) Gecko/20100101 Firefox/148.0","accept":"application/activity+json","accept-language":"en-US,en;q=0.9","accept-encoding":"gzip, deflate, br, zstd","referer":"http://localhost:2368/ghost/","authorization":"**REDACTED**","sec-gpc":"1","connection":"keep-alive","cookie":"**REDACTED**","sec-fetch-dest":"empty","sec-fetch-mode":"cors","sec-fetch-site":"same-origin","priority":"u=4"},"query":{}},"res":{"_headers":{"x-powered-by":"Express","cache-control":"public, max-age=31536000","location":"/.ghost/activitypub/v1/topics/"},"statusCode":301,"responseTime":"4ms"},"msg":"","time":"2026-03-03T21:39:29.695Z","v":0}
{"name":"Log","hostname":"a275c7126250","pid":1,"level":30,"version":"6.19.4","req":{"meta":{"requestId":"6f1e2ebc-6f63-45f8-8556-ade5e3c7743e","userId":null},"url":"/ap-nodes-dark-D9sQN0W4.png","method":"GET","originalUrl":"/ghost/assets/ap-nodes-dark-D9sQN0W4.png","params":{},"headers":{"host":"localhost:2368","user-agent":"Mozilla/5.0 (Macintosh; Intel Mac OS X 10.15; rv:148.0) Gecko/20100101 Firefox/148.0","accept":"image/avif,image/jxl,image/webp,image/png,image/svg+xml,image/*;q=0.8,*/*;q=0.5","accept-language":"en-US,en;q=0.9","accept-encoding":"gzip, deflate, br, zstd","sec-gpc":"1","connection":"keep-alive","referer":"http://localhost:2368/ghost/","cookie":"**REDACTED**","sec-fetch-dest":"image","sec-fetch-mode":"no-cors","sec-fetch-site":"same-origin","priority":"u=5, i"},"query":{}},"res":{"_headers":{"x-powered-by":"Express","accept-ranges":"bytes","cache-control":"public, max-age=0, immutable","last-modified":"Sat, 26 Oct 1985 08:15:00 GMT","etag":"W/\"10d1a-7438674ba0\"","content-type":"image/png","content-length":68890},"statusCode":200,"responseTime":"13ms"},"msg":"","time":"2026-03-03T21:39:29.696Z","v":0}
{"name":"Log","hostname":"a275c7126250","pid":1,"level":30,"version":"6.19.4","req":{"meta":{"requestId":"b922e841-0e8e-48a7-a4b9-629e17c966a9","userId":"69a74bc62ef78a0001b0912c"},"url":"/identities/","method":"GET","originalUrl":"/ghost/api/admin/identities/","params":{},"headers":{"host":"localhost:2368","user-agent":"Mozilla/5.0 (Macintosh; Intel Mac OS X 10.15; rv:148.0) Gecko/20100101 Firefox/148.0","accept":"*/*","accept-language":"en-US,en;q=0.9","accept-encoding":"gzip, deflate, br, zstd","referer":"http://localhost:2368/ghost/","sec-gpc":"1","connection":"keep-alive","cookie":"**REDACTED**","sec-fetch-dest":"empty","sec-fetch-mode":"cors","sec-fetch-site":"same-origin","priority":"u=4"},"query":{}},"res":{"_headers":{"x-powered-by":"Express","content-version":"v6.19","vary":"Accept-Version, Accept-Encoding","cache-control":"no-cache, private, no-store, must-revalidate, max-stale=0, post-check=0, pre-check=0","content-type":"application/json; charset=utf-8","content-length":"475","etag":"W/\"1db-cqAagu5a3syPB6+J+qqdc/zrCgE\""},"statusCode":200,"responseTime":"25ms"},"msg":"","time":"2026-03-03T21:39:29.716Z","v":0}
{"name":"Log","hostname":"a275c7126250","pid":1,"level":30,"version":"6.19.4","req":{"meta":{"requestId":"67fd6e78-a52c-44a6-965c-a3c38ff0eae6","userId":"69a74bc62ef78a0001b0912c"},"url":"/users/?limit=100&include=roles","method":"GET","originalUrl":"/ghost/api/admin/users/?limit=100&include=roles","params":{},"headers":{"host":"localhost:2368","user-agent":"Mozilla/5.0 (Macintosh; Intel Mac OS X 10.15; rv:148.0) Gecko/20100101 Firefox/148.0","accept":"*/*","accept-language":"en-US,en;q=0.9","accept-encoding":"gzip, deflate, br, zstd","referer":"http://localhost:2368/ghost/","app-pragma":"no-cache","sec-gpc":"1","connection":"keep-alive","cookie":"**REDACTED**","sec-fetch-dest":"empty","sec-fetch-mode":"cors","sec-fetch-site":"same-origin","priority":"u=4"},"query":{"limit":"100","include":"roles"}},"res":{"_headers":{"x-powered-by":"Express","content-version":"v6.19","vary":"Accept-Version, Accept-Encoding","cache-control":"no-cache, private, no-store, must-revalidate, max-stale=0, post-check=0, pre-check=0","content-type":"application/json; charset=utf-8","etag":"W/\"550-+aiQlvmAIpbFH3YH3s+QT+3OFe4\"","content-encoding":"br"},"statusCode":200,"responseTime":"38ms"},"msg":"","time":"2026-03-03T21:39:29.718Z","v":0}
{"name":"Log","hostname":"a275c7126250","pid":1,"level":30,"version":"6.19.4","req":{"meta":{"requestId":"9d7f1d92-523e-427a-8b17-7c6b8b39cc50","userId":null},"url":"/.ghost/activitypub/v1/feed/reader","method":"GET","originalUrl":"/.ghost/activitypub/v1/feed/reader","params":{},"headers":{"host":"localhost:2368","user-agent":"Mozilla/5.0 (Macintosh; Intel Mac OS X 10.15; rv:148.0) Gecko/20100101 Firefox/148.0","accept":"application/activity+json","accept-language":"en-US,en;q=0.9","accept-encoding":"gzip, deflate, br, zstd","referer":"http://localhost:2368/ghost/","authorization":"**REDACTED**","sec-gpc":"1","connection":"keep-alive","cookie":"**REDACTED**","sec-fetch-dest":"empty","sec-fetch-mode":"cors","sec-fetch-site":"same-origin","priority":"u=4"},"query":{}},"res":{"_headers":{"x-powered-by":"Express","cache-control":"public, max-age=31536000","location":"/.ghost/activitypub/v1/feed/reader/"},"statusCode":301,"responseTime":"4ms"},"msg":"","time":"2026-03-03T21:39:29.722Z","v":0}
{"name":"Log","hostname":"a275c7126250","pid":1,"level":30,"version":"6.19.4","req":{"meta":{"requestId":"4d6e7fc7-6518-4b3b-9703-a9c57c5ddbeb","userId":"69a74bc62ef78a0001b0912c"},"url":"/identities/","method":"GET","originalUrl":"/ghost/api/admin/identities/","params":{},"headers":{"host":"localhost:2368","user-agent":"Mozilla/5.0 (Macintosh; Intel Mac OS X 10.15; rv:148.0) Gecko/20100101 Firefox/148.0","accept":"*/*","accept-language":"en-US,en;q=0.9","accept-encoding":"gzip, deflate, br, zstd","referer":"http://localhost:2368/ghost/","sec-gpc":"1","connection":"keep-alive","cookie":"**REDACTED**","sec-fetch-dest":"empty","sec-fetch-mode":"cors","sec-fetch-site":"same-origin","priority":"u=4"},"query":{}},"res":{"_headers":{"x-powered-by":"Express","content-version":"v6.19","vary":"Accept-Version, Accept-Encoding","cache-control":"no-cache, private, no-store, must-revalidate, max-stale=0, post-check=0, pre-check=0","content-type":"application/json; charset=utf-8","content-length":"475","etag":"W/\"1db-cqAagu5a3syPB6+J+qqdc/zrCgE\""},"statusCode":200,"responseTime":"32ms"},"msg":"","time":"2026-03-03T21:39:29.726Z","v":0}
{"name":"Log","hostname":"a275c7126250","pid":1,"level":30,"version":"6.19.4","req":{"meta":{"requestId":"618b1b0d-e0cc-4733-a986-b642468ebc5a","userId":null},"url":"/.ghost/activitypub/v1/topics/","method":"GET","originalUrl":"/.ghost/activitypub/v1/topics/","params":{},"headers":{"host":"localhost:2368","user-agent":"Mozilla/5.0 (Macintosh; Intel Mac OS X 10.15; rv:148.0) Gecko/20100101 Firefox/148.0","accept":"application/activity+json","accept-language":"en-US,en;q=0.9","accept-encoding":"gzip, deflate, br, zstd","authorization":"**REDACTED**","referer":"http://localhost:2368/ghost/","sec-gpc":"1","connection":"keep-alive","cookie":"**REDACTED**","sec-fetch-dest":"empty","sec-fetch-mode":"cors","sec-fetch-site":"same-origin","priority":"u=4"},"query":{}},"res":{"_headers":{"x-powered-by":"Express","cache-control":"no-cache, private, no-store, must-revalidate, max-stale=0, post-check=0, pre-check=0","content-type":"text/html; charset=utf-8","etag":"W/\"481-fmTWE9pgzpG1aw4ibRG858leQeQ\"","vary":"Accept-Encoding","content-encoding":"br"},"statusCode":404,"responseTime":"27ms"},"msg":"","time":"2026-03-03T21:39:29.726Z","v":0}
{"name":"Log","hostname":"a275c7126250","pid":1,"level":30,"version":"6.19.4","req":{"meta":{"requestId":"2d0d903f-4f65-46f8-a9c7-c8936e05e6f9","userId":null},"url":"/.ghost/activitypub/v1/account/me","method":"GET","originalUrl":"/.ghost/activitypub/v1/account/me","params":{},"headers":{"host":"localhost:2368","user-agent":"Mozilla/5.0 (Macintosh; Intel Mac OS X 10.15; rv:148.0) Gecko/20100101 Firefox/148.0","accept":"application/activity+json","accept-language":"en-US,en;q=0.9","accept-encoding":"gzip, deflate, br, zstd","referer":"http://localhost:2368/ghost/","authorization":"**REDACTED**","sec-gpc":"1","connection":"keep-alive","cookie":"**REDACTED**","sec-fetch-dest":"empty","sec-fetch-mode":"cors","sec-fetch-site":"same-origin","priority":"u=4"},"query":{}},"res":{"_headers":{"x-powered-by":"Express","cache-control":"public, max-age=31536000","location":"/.ghost/activitypub/v1/account/me/"},"statusCode":301,"responseTime":"1ms"},"msg":"","time":"2026-03-03T21:39:29.729Z","v":0}
{"name":"Log","hostname":"a275c7126250","pid":1,"level":30,"version":"6.19.4","req":{"meta":{"requestId":"2a08e965-3fb8-448d-b159-08ac99e90e2d","userId":null},"url":"/.ghost/activitypub/v1/feed/reader/","method":"GET","originalUrl":"/.ghost/activitypub/v1/feed/reader/","params":{},"headers":{"host":"localhost:2368","user-agent":"Mozilla/5.0 (Macintosh; Intel Mac OS X 10.15; rv:148.0) Gecko/20100101 Firefox/148.0","accept":"application/activity+json","accept-language":"en-US,en;q=0.9","accept-encoding":"gzip, deflate, br, zstd","authorization":"**REDACTED**","referer":"http://localhost:2368/ghost/","sec-gpc":"1","connection":"keep-alive","cookie":"**REDACTED**","sec-fetch-dest":"empty","sec-fetch-mode":"cors","sec-fetch-site":"same-origin","priority":"u=4"},"query":{}},"res":{"_headers":{"x-powered-by":"Express","cache-control":"no-cache, private, no-store, must-revalidate, max-stale=0, post-check=0, pre-check=0","content-type":"text/html; charset=utf-8","etag":"W/\"481-fmTWE9pgzpG1aw4ibRG858leQeQ\"","vary":"Accept-Encoding","content-encoding":"br"},"statusCode":404,"responseTime":"9ms"},"msg":"","time":"2026-03-03T21:39:29.735Z","v":0}
{"name":"Log","hostname":"a275c7126250","pid":1,"level":30,"version":"6.19.4","req":{"meta":{"requestId":"d8c77880-3fa6-45bb-aa68-50c0eab73f74","userId":null},"url":"/.ghost/activitypub/v1/account/me/","method":"GET","originalUrl":"/.ghost/activitypub/v1/account/me/","params":{},"headers":{"host":"localhost:2368","user-agent":"Mozilla/5.0 (Macintosh; Intel Mac OS X 10.15; rv:148.0) Gecko/20100101 Firefox/148.0","accept":"application/activity+json","accept-language":"en-US,en;q=0.9","accept-encoding":"gzip, deflate, br, zstd","authorization":"**REDACTED**","referer":"http://localhost:2368/ghost/","sec-gpc":"1","connection":"keep-alive","cookie":"**REDACTED**","sec-fetch-dest":"empty","sec-fetch-mode":"cors","sec-fetch-site":"same-origin","priority":"u=4"},"query":{}},"res":{"_headers":{"x-powered-by":"Express","cache-control":"no-cache, private, no-store, must-revalidate, max-stale=0, post-check=0, pre-check=0","content-type":"text/html; charset=utf-8","etag":"W/\"481-fmTWE9pgzpG1aw4ibRG858leQeQ\"","vary":"Accept-Encoding","content-encoding":"br"},"statusCode":404,"responseTime":"7ms"},"msg":"","time":"2026-03-03T21:39:29.738Z","v":0}
{"name":"Log","hostname":"a275c7126250","pid":1,"level":30,"version":"6.19.4","req":{"meta":{"requestId":"abcb2f46-df2e-404a-9964-56c0c57b8d8c","userId":null},"url":"/?v=1772573978805","method":"GET","originalUrl":"/?v=1772573978805","params":{},"headers":{"host":"localhost:2368","user-agent":"Mozilla/5.0 (Macintosh; Intel Mac OS X 10.15; rv:148.0) Gecko/20100101 Firefox/148.0","accept":"text/html,application/xhtml+xml,application/xml;q=0.9,*/*;q=0.8","accept-language":"en-US,en;q=0.9","accept-encoding":"gzip, deflate, br, zstd","sec-gpc":"1","connection":"keep-alive","referer":"http://localhost:2368/ghost/","cookie":"**REDACTED**","upgrade-insecure-requests":"1","sec-fetch-dest":"iframe","sec-fetch-mode":"navigate","sec-fetch-site":"same-origin","priority":"u=4"},"query":{"v":"1772573978805"}},"res":{"_headers":{"x-powered-by":"Express","cache-control":"public, max-age=0","content-type":"text/html; charset=utf-8","etag":"W/\"43fe-ZYYJhUOa3cy8wP8eDkobzpRccbc\"","vary":"Accept-Encoding","content-encoding":"br"},"statusCode":200,"responseTime":"77ms"},"msg":"","time":"2026-03-03T21:39:38.907Z","v":0}
{"name":"Log","hostname":"a275c7126250","pid":1,"level":30,"version":"6.19.4","req":{"meta":{"requestId":"ffb98049-7122-4c6c-9ff4-b2b6e4c3546d","userId":null},"url":"/assets/fonts/inter-roman.woff2?v=f6325171dd","method":"GET","originalUrl":"/assets/fonts/inter-roman.woff2?v=f6325171dd","params":{},"headers":{"host":"localhost:2368","user-agent":"Mozilla/5.0 (Macintosh; Intel Mac OS X 10.15; rv:148.0) Gecko/20100101 Firefox/148.0","accept":"application/font-woff2;q=1.0,application/font-woff;q=0.9,*/*;q=0.8","accept-language":"en-US,en;q=0.9","accept-encoding":"gzip, deflate, br, zstd","referer":"http://localhost:2368/?v=1772573978805","sec-gpc":"1","connection":"keep-alive","cookie":"**REDACTED**","sec-fetch-dest":"font","sec-fetch-mode":"cors","sec-fetch-site":"same-origin","priority":"u=2"},"query":{"v":"f6325171dd"}},"res":{"_headers":{"x-powered-by":"Express","accept-ranges":"bytes","cache-control":"public, max-age=0","last-modified":"Sat, 26 Oct 1985 08:15:00 GMT","etag":"W/\"9394-7438674ba0\"","content-type":"font/woff2","content-length":37780},"statusCode":200,"responseTime":"2ms"},"msg":"","time":"2026-03-03T21:39:38.916Z","v":0}
{"name":"Log","hostname":"a275c7126250","pid":1,"level":30,"version":"6.19.4","req":{"meta":{"requestId":"e1dbc7ab-8f4b-40d3-af81-3666d933b017","userId":null},"url":"/assets/built/screen.css?v=f6325171dd","method":"GET","originalUrl":"/assets/built/screen.css?v=f6325171dd","params":{},"headers":{"host":"localhost:2368","user-agent":"Mozilla/5.0 (Macintosh; Intel Mac OS X 10.15; rv:148.0) Gecko/20100101 Firefox/148.0","accept":"text/css,*/*;q=0.1","accept-language":"en-US,en;q=0.9","accept-encoding":"gzip, deflate, br, zstd","sec-gpc":"1","connection":"keep-alive","referer":"http://localhost:2368/?v=1772573978805","cookie":"**REDACTED**","sec-fetch-dest":"style","sec-fetch-mode":"no-cors","sec-fetch-site":"same-origin","priority":"u=0"},"query":{"v":"f6325171dd"}},"res":{"_headers":{"x-powered-by":"Express","accept-ranges":"bytes","cache-control":"public, max-age=0","last-modified":"Sat, 26 Oct 1985 08:15:00 GMT","etag":"W/\"d1bb-7438674ba0\"","content-type":"text/css; charset=UTF-8","vary":"Accept-Encoding","content-encoding":"br"},"statusCode":200,"responseTime":"5ms"},"msg":"","time":"2026-03-03T21:39:38.918Z","v":0}
{"name":"Log","hostname":"a275c7126250","pid":1,"level":30,"version":"6.19.4","req":{"meta":{"requestId":"ab252b96-b856-48b2-8dc4-4abfc36b9613","userId":null},"url":"/assets/built/source.js?v=f6325171dd","method":"GET","originalUrl":"/assets/built/source.js?v=f6325171dd","params":{},"headers":{"host":"localhost:2368","user-agent":"Mozilla/5.0 (Macintosh; Intel Mac OS X 10.15; rv:148.0) Gecko/20100101 Firefox/148.0","accept":"*/*","accept-language":"en-US,en;q=0.9","accept-encoding":"gzip, deflate, br, zstd","sec-gpc":"1","connection":"keep-alive","referer":"http://localhost:2368/?v=1772573978805","cookie":"**REDACTED**","sec-fetch-dest":"script","sec-fetch-mode":"no-cors","sec-fetch-site":"same-origin","priority":"u=1"},"query":{"v":"f6325171dd"}},"res":{"_headers":{"x-powered-by":"Express","accept-ranges":"bytes","cache-control":"public, max-age=0","last-modified":"Sat, 26 Oct 1985 08:15:00 GMT","etag":"W/\"cde1-7438674ba0\"","content-type":"application/javascript; charset=UTF-8","vary":"Accept-Encoding","content-encoding":"br"},"statusCode":200,"responseTime":"7ms"},"msg":"","time":"2026-03-03T21:39:38.922Z","v":0}
{"name":"Log","hostname":"a275c7126250","pid":1,"level":30,"version":"6.19.4","req":{"meta":{"requestId":"e46d76a0-5c21-49d0-8ec3-a5e43d6973b0","userId":null},"url":"/public/cards.min.js?v=f6325171dd","method":"GET","originalUrl":"/public/cards.min.js?v=f6325171dd","params":{},"headers":{"host":"localhost:2368","user-agent":"Mozilla/5.0 (Macintosh; Intel Mac OS X 10.15; rv:148.0) Gecko/20100101 Firefox/148.0","accept":"*/*","accept-language":"en-US,en;q=0.9","accept-encoding":"gzip, deflate, br, zstd","referer":"http://localhost:2368/?v=1772573978805","sec-gpc":"1","connection":"keep-alive","cookie":"**REDACTED**","sec-fetch-dest":"script","sec-fetch-mode":"no-cors","sec-fetch-site":"same-origin"},"query":{"v":"f6325171dd"}},"res":{"_headers":{"x-powered-by":"Express","content-type":"application/javascript","etag":"\"91fcf6fd1c2761b582cda90883e5ff94\"","cache-control":"public, max-age=31536000","vary":"Accept-Encoding","content-encoding":"br"},"statusCode":200,"responseTime":"2ms"},"msg":"","time":"2026-03-03T21:39:38.926Z","v":0}
{"name":"Log","hostname":"a275c7126250","pid":1,"level":30,"version":"6.19.4","req":{"meta":{"requestId":"6d0c7c12-e1fa-4478-9cd8-3dcb3a0a881d","userId":null},"url":"/public/member-attribution.min.js?v=f6325171dd","method":"GET","originalUrl":"/public/member-attribution.min.js?v=f6325171dd","params":{},"headers":{"host":"localhost:2368","user-agent":"Mozilla/5.0 (Macintosh; Intel Mac OS X 10.15; rv:148.0) Gecko/20100101 Firefox/148.0","accept":"*/*","accept-language":"en-US,en;q=0.9","accept-encoding":"gzip, deflate, br, zstd","referer":"http://localhost:2368/?v=1772573978805","sec-gpc":"1","connection":"keep-alive","cookie":"**REDACTED**","sec-fetch-dest":"script","sec-fetch-mode":"no-cors","sec-fetch-site":"same-origin"},"query":{"v":"f6325171dd"}},"res":{"_headers":{"x-powered-by":"Express","content-type":"application/javascript","etag":"\"76d7f9c7c5c4b0f99bca6af29aaaa4df\"","cache-control":"public, max-age=31536000","vary":"Accept-Encoding","content-encoding":"br"},"statusCode":200,"responseTime":"2ms"},"msg":"","time":"2026-03-03T21:39:38.926Z","v":0}
{"name":"Log","hostname":"a275c7126250","pid":1,"level":30,"version":"6.19.4","req":{"meta":{"requestId":"425c379e-eb5b-45d0-97bf-a6a457cb1827","userId":null},"url":"/public/cards.min.css?v=f6325171dd","method":"GET","originalUrl":"/public/cards.min.css?v=f6325171dd","params":{},"headers":{"host":"localhost:2368","user-agent":"Mozilla/5.0 (Macintosh; Intel Mac OS X 10.15; rv:148.0) Gecko/20100101 Firefox/148.0","accept":"text/css,*/*;q=0.1","accept-language":"en-US,en;q=0.9","accept-encoding":"gzip, deflate, br, zstd","referer":"http://localhost:2368/?v=1772573978805","sec-gpc":"1","connection":"keep-alive","cookie":"**REDACTED**","sec-fetch-dest":"style","sec-fetch-mode":"no-cors","sec-fetch-site":"same-origin","priority":"u=2"},"query":{"v":"f6325171dd"}},"res":{"_headers":{"x-powered-by":"Express","content-type":"text/css","etag":"\"781668c539d7a83eb1aa862009ffeb96\"","cache-control":"public, max-age=31536000","vary":"Accept-Encoding","content-encoding":"br"},"statusCode":200,"responseTime":"1ms"},"msg":"","time":"2026-03-03T21:39:38.936Z","v":0}
{"name":"Log","hostname":"a275c7126250","pid":1,"level":30,"version":"6.19.4","req":{"meta":{"requestId":"da957e2c-1f12-47ee-a8a1-c239dd801c34","userId":null},"url":"/api/member/","method":"GET","originalUrl":"/members/api/member/","params":{},"headers":{"host":"localhost:2368","user-agent":"Mozilla/5.0 (Macintosh; Intel Mac OS X 10.15; rv:148.0) Gecko/20100101 Firefox/148.0","accept":"*/*","accept-language":"en-US,en;q=0.9","accept-encoding":"gzip, deflate, br, zstd","referer":"http://localhost:2368/?v=1772573978805","sec-gpc":"1","connection":"keep-alive","cookie":"**REDACTED**","sec-fetch-dest":"empty","sec-fetch-mode":"cors","sec-fetch-site":"same-origin","priority":"u=4"},"query":{}},"res":{"_headers":{"x-powered-by":"Express","cache-control":"no-cache, private, no-store, must-revalidate, max-stale=0, post-check=0, pre-check=0","access-control-allow-origin":"*"},"statusCode":204,"responseTime":"1ms"},"msg":"","time":"2026-03-03T21:39:39.319Z","v":0}
{"name":"Log","hostname":"a275c7126250","pid":1,"level":30,"version":"6.19.4","req":{"meta":{"requestId":"33672868-b71c-4ed2-8b9a-d85610d8cf40","userId":null},"url":"/tiers/?limit=100&include=monthly_price%2Cyearly_price%2Cbenefits&key=9b6b47e860c80342be94a5ae88","method":"GET","originalUrl":"/ghost/api/content/tiers/?limit=100&include=monthly_price%2Cyearly_price%2Cbenefits&key=9b6b47e860c80342be94a5ae88","params":{},"headers":{"host":"localhost:2368","user-agent":"Mozilla/5.0 (Macintosh; Intel Mac OS X 10.15; rv:148.0) Gecko/20100101 Firefox/148.0","accept":"*/*","accept-language":"en-US,en;q=0.9","accept-encoding":"gzip, deflate, br, zstd","referer":"http://localhost:2368/?v=1772573978805","content-type":"application/json","sec-gpc":"1","connection":"keep-alive","cookie":"**REDACTED**","sec-fetch-dest":"empty","sec-fetch-mode":"cors","sec-fetch-site":"same-origin","priority":"u=4"},"query":{"limit":"100","include":"monthly_price,yearly_price,benefits","key":"**REDACTED**"}},"res":{"_headers":{"x-powered-by":"Express","content-version":"v6.19","vary":"Accept-Version, Accept-Encoding","cache-control":"public, max-age=0","access-control-allow-origin":"*","content-type":"application/json; charset=utf-8","content-length":"699","etag":"W/\"2bb-xU7jy7Oz6ZFrL9bBMaor3tIAoU4\""},"statusCode":200,"responseTime":"14ms"},"msg":"","time":"2026-03-03T21:39:39.337Z","v":0}
{"name":"Log","hostname":"a275c7126250","pid":1,"level":30,"version":"6.19.4","req":{"meta":{"requestId":"f1d10d56-f475-4859-9e83-b304853867e8","userId":null},"url":"/newsletters/?limit=100&key=9b6b47e860c80342be94a5ae88","method":"GET","originalUrl":"/ghost/api/content/newsletters/?limit=100&key=9b6b47e860c80342be94a5ae88","params":{},"headers":{"host":"localhost:2368","user-agent":"Mozilla/5.0 (Macintosh; Intel Mac OS X 10.15; rv:148.0) Gecko/20100101 Firefox/148.0","accept":"*/*","accept-language":"en-US,en;q=0.9","accept-encoding":"gzip, deflate, br, zstd","referer":"http://localhost:2368/?v=1772573978805","content-type":"application/json","sec-gpc":"1","connection":"keep-alive","cookie":"**REDACTED**","sec-fetch-dest":"empty","sec-fetch-mode":"cors","sec-fetch-site":"same-origin","priority":"u=4"},"query":{"limit":"100","key":"**REDACTED**"}},"res":{"_headers":{"x-powered-by":"Express","content-version":"v6.19","vary":"Accept-Version, Accept-Encoding","cache-control":"public, max-age=0","access-control-allow-origin":"*","content-type":"application/json; charset=utf-8","content-length":"417","etag":"W/\"1a1-n3RLIl7fbJc7TXxm6szZLvPS5dc\""},"statusCode":200,"responseTime":"18ms"},"msg":"","time":"2026-03-03T21:39:39.342Z","v":0}
{"name":"Log","hostname":"a275c7126250","pid":1,"level":30,"version":"6.19.4","req":{"meta":{"requestId":"9c902d3c-b545-45ed-9751-ce2eb92f3d6a","userId":null},"url":"/settings/?key=9b6b47e860c80342be94a5ae88","method":"GET","originalUrl":"/ghost/api/content/settings/?key=9b6b47e860c80342be94a5ae88","params":{},"headers":{"host":"localhost:2368","user-agent":"Mozilla/5.0 (Macintosh; Intel Mac OS X 10.15; rv:148.0) Gecko/20100101 Firefox/148.0","accept":"*/*","accept-language":"en-US,en;q=0.9","accept-encoding":"gzip, deflate, br, zstd","referer":"http://localhost:2368/?v=1772573978805","content-type":"application/json","sec-gpc":"1","connection":"keep-alive","cookie":"**REDACTED**","sec-fetch-dest":"empty","sec-fetch-mode":"cors","sec-fetch-site":"same-origin","priority":"u=4"},"query":{"key":"**REDACTED**"}},"res":{"_headers":{"x-powered-by":"Express","content-version":"v6.19","vary":"Accept-Version, Accept-Encoding","cache-control":"public, max-age=0","access-control-allow-origin":"*","content-type":"application/json; charset=utf-8","etag":"W/\"74d-zW/+/FgpqxEel8MiWwu13+Ng08s\"","content-encoding":"br"},"statusCode":200,"responseTime":"23ms"},"msg":"","time":"2026-03-03T21:39:39.343Z","v":0}
{"name":"Log","hostname":"a275c7126250","pid":1,"level":30,"version":"6.19.4","req":{"meta":{"requestId":"043e1a3f-7406-495e-bae2-b2c8c4d76705","userId":"69a74bc62ef78a0001b0912c"},"url":"/pages/?formats=mobiledoc%2Clexical&limit=30&page=1&allFilter=status%3A%5Bdraft%2Cscheduled%2Cpublished%2Csent%5D&order=updated_at%20desc&filter=status%3Adraft","method":"GET","originalUrl":"/ghost/api/admin/pages/?formats=mobiledoc%2Clexical&limit=30&page=1&allFilter=status%3A%5Bdraft%2Cscheduled%2Cpublished%2Csent%5D&order=updated_at%20desc&filter=status%3Adraft","params":{},"headers":{"host":"localhost:2368","user-agent":"Mozilla/5.0 (Macintosh; Intel Mac OS X 10.15; rv:148.0) Gecko/20100101 Firefox/148.0","accept":"application/json, text/javascript, */*; q=0.01","accept-language":"en-US,en;q=0.9","accept-encoding":"gzip, deflate, br, zstd","content-type":"application/json; charset=UTF-8","app-pragma":"no-cache","x-requested-with":"XMLHttpRequest","sec-gpc":"1","connection":"keep-alive","referer":"http://localhost:2368/ghost/","cookie":"**REDACTED**","sec-fetch-dest":"empty","sec-fetch-mode":"cors","sec-fetch-site":"same-origin"},"query":{"formats":"mobiledoc,lexical","limit":"30","page":"1","allFilter":"status:[draft,scheduled,published,sent]","order":"updated_at desc","filter":"status:draft"}},"res":{"_headers":{"x-powered-by":"Express","content-version":"v6.19","vary":"Accept-Version, Accept-Encoding","cache-control":"no-cache, private, no-store, must-revalidate, max-stale=0, post-check=0, pre-check=0","content-type":"application/json; charset=utf-8","content-length":"100","etag":"W/\"64-Sob9W3UE22w25wetuyhNCQVZMNI\""},"statusCode":200,"responseTime":"54ms"},"msg":"","time":"2026-03-03T21:39:45.838Z","v":0}
{"name":"Log","hostname":"a275c7126250","pid":1,"level":30,"version":"6.19.4","req":{"meta":{"requestId":"9b9dbb3c-5347-4ee7-a0ae-175fe25996b1","userId":"69a74bc62ef78a0001b0912c"},"url":"/pages/?formats=mobiledoc%2Clexical&limit=30&page=1&allFilter=status%3A%5Bdraft%2Cscheduled%2Cpublished%2Csent%5D&order=published_at%20desc&filter=status%3Ascheduled","method":"GET","originalUrl":"/ghost/api/admin/pages/?formats=mobiledoc%2Clexical&limit=30&page=1&allFilter=status%3A%5Bdraft%2Cscheduled%2Cpublished%2Csent%5D&order=published_at%20desc&filter=status%3Ascheduled","params":{},"headers":{"host":"localhost:2368","user-agent":"Mozilla/5.0 (Macintosh; Intel Mac OS X 10.15; rv:148.0) Gecko/20100101 Firefox/148.0","accept":"application/json, text/javascript, */*; q=0.01","accept-language":"en-US,en;q=0.9","accept-encoding":"gzip, deflate, br, zstd","content-type":"application/json; charset=UTF-8","app-pragma":"no-cache","x-requested-with":"XMLHttpRequest","sec-gpc":"1","connection":"keep-alive","referer":"http://localhost:2368/ghost/","cookie":"**REDACTED**","sec-fetch-dest":"empty","sec-fetch-mode":"cors","sec-fetch-site":"same-origin"},"query":{"formats":"mobiledoc,lexical","limit":"30","page":"1","allFilter":"status:[draft,scheduled,published,sent]","order":"published_at desc","filter":"status:scheduled"}},"res":{"_headers":{"x-powered-by":"Express","content-version":"v6.19","vary":"Accept-Version, Accept-Encoding","cache-control":"no-cache, private, no-store, must-revalidate, max-stale=0, post-check=0, pre-check=0","content-type":"application/json; charset=utf-8","content-length":"100","etag":"W/\"64-Sob9W3UE22w25wetuyhNCQVZMNI\""},"statusCode":200,"responseTime":"56ms"},"msg":"","time":"2026-03-03T21:39:45.846Z","v":0}
{"name":"Log","hostname":"a275c7126250","pid":1,"level":30,"version":"6.19.4","req":{"meta":{"requestId":"36425bb6-2a0e-460f-ab02-d4e9cc597f97","userId":"69a74bc62ef78a0001b0912c"},"url":"/pages/?formats=mobiledoc%2Clexical&limit=30&page=1&allFilter=status%3A%5Bdraft%2Cscheduled%2Cpublished%2Csent%5D&order=published_at%20desc&filter=status%3A%5Bpublished%2Csent%5D","method":"GET","originalUrl":"/ghost/api/admin/pages/?formats=mobiledoc%2Clexical&limit=30&page=1&allFilter=status%3A%5Bdraft%2Cscheduled%2Cpublished%2Csent%5D&order=published_at%20desc&filter=status%3A%5Bpublished%2Csent%5D","params":{},"headers":{"host":"localhost:2368","user-agent":"Mozilla/5.0 (Macintosh; Intel Mac OS X 10.15; rv:148.0) Gecko/20100101 Firefox/148.0","accept":"application/json, text/javascript, */*; q=0.01","accept-language":"en-US,en;q=0.9","accept-encoding":"gzip, deflate, br, zstd","content-type":"application/json; charset=UTF-8","app-pragma":"no-cache","x-requested-with":"XMLHttpRequest","sec-gpc":"1","connection":"keep-alive","referer":"http://localhost:2368/ghost/","cookie":"**REDACTED**","sec-fetch-dest":"empty","sec-fetch-mode":"cors","sec-fetch-site":"same-origin"},"query":{"formats":"mobiledoc,lexical","limit":"30","page":"1","allFilter":"status:[draft,scheduled,published,sent]","order":"published_at desc","filter":"status:[published,sent]"}},"res":{"_headers":{"x-powered-by":"Express","content-version":"v6.19","vary":"Accept-Version, Accept-Encoding","cache-control":"no-cache, private, no-store, must-revalidate, max-stale=0, post-check=0, pre-check=0","content-type":"application/json; charset=utf-8","etag":"W/\"1846-3PYN6idK02VLETpKwfVZqXnfLpk\"","content-encoding":"br"},"statusCode":200,"responseTime":"66ms"},"msg":"","time":"2026-03-03T21:39:45.851Z","v":0}
{"name":"Log","hostname":"a275c7126250","pid":1,"level":30,"version":"6.19.4","req":{"meta":{"requestId":"a3a04cdf-60c9-45d8-ba3f-058e40993db0","userId":"69a74bc62ef78a0001b0912c"},"url":"/stats/posts-member-counts/","method":"POST","originalUrl":"/ghost/api/admin/stats/posts-member-counts/","params":{},"headers":{"host":"localhost:2368","user-agent":"Mozilla/5.0 (Macintosh; Intel Mac OS X 10.15; rv:148.0) Gecko/20100101 Firefox/148.0","accept":"application/json, text/javascript, */*; q=0.01","accept-language":"en-US,en;q=0.9","accept-encoding":"gzip, deflate, br, zstd","content-type":"application/json","app-pragma":"no-cache","x-requested-with":"XMLHttpRequest","content-length":"40","origin":"http://localhost:2368","sec-gpc":"1","connection":"keep-alive","referer":"http://localhost:2368/ghost/","cookie":"**REDACTED**","sec-fetch-dest":"empty","sec-fetch-mode":"cors","sec-fetch-site":"same-origin"},"query":{}},"res":{"_headers":{"x-powered-by":"Express","content-version":"v6.19","vary":"Accept-Version, Origin, Accept-Encoding","cache-control":"no-cache, private, no-store, must-revalidate, max-stale=0, post-check=0, pre-check=0","access-control-allow-origin":"http://localhost:2368","content-type":"application/json; charset=utf-8","content-length":"76","etag":"W/\"4c-YGa3Ywal/HHoacHs4tQ1fhAagkw\""},"statusCode":200,"responseTime":"11ms"},"msg":"","time":"2026-03-03T21:39:45.867Z","v":0}
{"name":"Log","hostname":"a275c7126250","pid":1,"level":30,"version":"6.19.4","req":{"meta":{"requestId":"7a23be4c-f111-4a3b-9a8d-ec4b5818e715","userId":"69a74bc62ef78a0001b0912c"},"url":"/posts/?formats=mobiledoc%2Clexical&limit=30&page=1&allFilter=status%3A%5Bdraft%2Cscheduled%2Cpublished%2Csent%5D&order=updated_at%20desc&filter=status%3Adraft","method":"GET","originalUrl":"/ghost/api/admin/posts/?formats=mobiledoc%2Clexical&limit=30&page=1&allFilter=status%3A%5Bdraft%2Cscheduled%2Cpublished%2Csent%5D&order=updated_at%20desc&filter=status%3Adraft","params":{},"headers":{"host":"localhost:2368","user-agent":"Mozilla/5.0 (Macintosh; Intel Mac OS X 10.15; rv:148.0) Gecko/20100101 Firefox/148.0","accept":"application/json, text/javascript, */*; q=0.01","accept-language":"en-US,en;q=0.9","accept-encoding":"gzip, deflate, br, zstd","content-type":"application/json; charset=UTF-8","app-pragma":"no-cache","x-requested-with":"XMLHttpRequest","sec-gpc":"1","connection":"keep-alive","referer":"http://localhost:2368/ghost/","cookie":"**REDACTED**","sec-fetch-dest":"empty","sec-fetch-mode":"cors","sec-fetch-site":"same-origin"},"query":{"formats":"mobiledoc,lexical","limit":"30","page":"1","allFilter":"status:[draft,scheduled,published,sent]","order":"updated_at desc","filter":"status:draft"}},"res":{"_headers":{"x-powered-by":"Express","content-version":"v6.19","vary":"Accept-Version, Accept-Encoding","cache-control":"no-cache, private, no-store, must-revalidate, max-stale=0, post-check=0, pre-check=0","content-type":"application/json; charset=utf-8","content-length":"100","etag":"W/\"64-LHOPE4eAetLKcAFGzaqV/r6lmZI\""},"statusCode":200,"responseTime":"47ms"},"msg":"","time":"2026-03-03T21:39:47.718Z","v":0}
{"name":"Log","hostname":"a275c7126250","pid":1,"level":30,"version":"6.19.4","req":{"meta":{"requestId":"11f1836e-191d-483f-aef2-ad0fbff351ae","userId":"69a74bc62ef78a0001b0912c"},"url":"/posts/?formats=mobiledoc%2Clexical&limit=30&page=1&allFilter=status%3A%5Bdraft%2Cscheduled%2Cpublished%2Csent%5D&order=published_at%20desc&filter=status%3Ascheduled","method":"GET","originalUrl":"/ghost/api/admin/posts/?formats=mobiledoc%2Clexical&limit=30&page=1&allFilter=status%3A%5Bdraft%2Cscheduled%2Cpublished%2Csent%5D&order=published_at%20desc&filter=status%3Ascheduled","params":{},"headers":{"host":"localhost:2368","user-agent":"Mozilla/5.0 (Macintosh; Intel Mac OS X 10.15; rv:148.0) Gecko/20100101 Firefox/148.0","accept":"application/json, text/javascript, */*; q=0.01","accept-language":"en-US,en;q=0.9","accept-encoding":"gzip, deflate, br, zstd","content-type":"application/json; charset=UTF-8","app-pragma":"no-cache","x-requested-with":"XMLHttpRequest","sec-gpc":"1","connection":"keep-alive","referer":"http://localhost:2368/ghost/","cookie":"**REDACTED**","sec-fetch-dest":"empty","sec-fetch-mode":"cors","sec-fetch-site":"same-origin"},"query":{"formats":"mobiledoc,lexical","limit":"30","page":"1","allFilter":"status:[draft,scheduled,published,sent]","order":"published_at desc","filter":"status:scheduled"}},"res":{"_headers":{"x-powered-by":"Express","content-version":"v6.19","vary":"Accept-Version, Accept-Encoding","cache-control":"no-cache, private, no-store, must-revalidate, max-stale=0, post-check=0, pre-check=0","content-type":"application/json; charset=utf-8","content-length":"100","etag":"W/\"64-LHOPE4eAetLKcAFGzaqV/r6lmZI\""},"statusCode":200,"responseTime":"49ms"},"msg":"","time":"2026-03-03T21:39:47.718Z","v":0}
{"name":"Log","hostname":"a275c7126250","pid":1,"level":30,"version":"6.19.4","req":{"meta":{"requestId":"8cfbb9e1-6c29-4d52-a3e8-b57146f34fca","userId":"69a74bc62ef78a0001b0912c"},"url":"/posts/?formats=mobiledoc%2Clexical&limit=30&page=1&allFilter=status%3A%5Bdraft%2Cscheduled%2Cpublished%2Csent%5D&order=published_at%20desc&filter=status%3A%5Bpublished%2Csent%5D","method":"GET","originalUrl":"/ghost/api/admin/posts/?formats=mobiledoc%2Clexical&limit=30&page=1&allFilter=status%3A%5Bdraft%2Cscheduled%2Cpublished%2Csent%5D&order=published_at%20desc&filter=status%3A%5Bpublished%2Csent%5D","params":{},"headers":{"host":"localhost:2368","user-agent":"Mozilla/5.0 (Macintosh; Intel Mac OS X 10.15; rv:148.0) Gecko/20100101 Firefox/148.0","accept":"application/json, text/javascript, */*; q=0.01","accept-language":"en-US,en;q=0.9","accept-encoding":"gzip, deflate, br, zstd","content-type":"application/json; charset=UTF-8","app-pragma":"no-cache","x-requested-with":"XMLHttpRequest","sec-gpc":"1","connection":"keep-alive","referer":"http://localhost:2368/ghost/","cookie":"**REDACTED**","sec-fetch-dest":"empty","sec-fetch-mode":"cors","sec-fetch-site":"same-origin"},"query":{"formats":"mobiledoc,lexical","limit":"30","page":"1","allFilter":"status:[draft,scheduled,published,sent]","order":"published_at desc","filter":"status:[published,sent]"}},"res":{"_headers":{"x-powered-by":"Express","content-version":"v6.19","vary":"Accept-Version, Accept-Encoding","cache-control":"no-cache, private, no-store, must-revalidate, max-stale=0, post-check=0, pre-check=0","content-type":"application/json; charset=utf-8","etag":"W/\"17f7-tXzlW+h+ifmt0NwK8bX4t35a9c8\"","content-encoding":"br"},"statusCode":200,"responseTime":"60ms"},"msg":"","time":"2026-03-03T21:39:47.734Z","v":0}
{"name":"Log","hostname":"a275c7126250","pid":1,"level":30,"version":"6.19.4","req":{"meta":{"requestId":"51a071db-4702-4bb9-ae43-7ef9a992729a","userId":"69a74bc62ef78a0001b0912c"},"url":"/stats/posts-member-counts/","method":"POST","originalUrl":"/ghost/api/admin/stats/posts-member-counts/","params":{},"headers":{"host":"localhost:2368","user-agent":"Mozilla/5.0 (Macintosh; Intel Mac OS X 10.15; rv:148.0) Gecko/20100101 Firefox/148.0","accept":"application/json, text/javascript, */*; q=0.01","accept-language":"en-US,en;q=0.9","accept-encoding":"gzip, deflate, br, zstd","content-type":"application/json","app-pragma":"no-cache","x-requested-with":"XMLHttpRequest","content-length":"40","origin":"http://localhost:2368","sec-gpc":"1","connection":"keep-alive","referer":"http://localhost:2368/ghost/","cookie":"**REDACTED**","sec-fetch-dest":"empty","sec-fetch-mode":"cors","sec-fetch-site":"same-origin"},"query":{}},"res":{"_headers":{"x-powered-by":"Express","content-version":"v6.19","vary":"Accept-Version, Origin, Accept-Encoding","cache-control":"no-cache, private, no-store, must-revalidate, max-stale=0, post-check=0, pre-check=0","access-control-allow-origin":"http://localhost:2368","content-type":"application/json; charset=utf-8","content-length":"76","etag":"W/\"4c-cyMo9qBAd/BK1e+c/RSP1YQ8klo\""},"statusCode":200,"responseTime":"9ms"},"msg":"","time":"2026-03-03T21:39:47.752Z","v":0}
{"name":"Log","hostname":"a275c7126250","pid":1,"level":30,"version":"6.19.4","req":{"meta":{"requestId":"8602c705-1248-4750-8d34-0baa505a0185","userId":"69a74bc62ef78a0001b0912c"},"url":"/users/?limit=100&page=1&include=roles","method":"GET","originalUrl":"/ghost/api/admin/users/?limit=100&page=1&include=roles","params":{},"headers":{"host":"localhost:2368","user-agent":"Mozilla/5.0 (Macintosh; Intel Mac OS X 10.15; rv:148.0) Gecko/20100101 Firefox/148.0","accept":"application/json, text/javascript, */*; q=0.01","accept-language":"en-US,en;q=0.9","accept-encoding":"gzip, deflate, br, zstd","content-type":"application/json; charset=UTF-8","app-pragma":"no-cache","x-requested-with":"XMLHttpRequest","sec-gpc":"1","connection":"keep-alive","referer":"http://localhost:2368/ghost/","cookie":"**REDACTED**","sec-fetch-dest":"empty","sec-fetch-mode":"cors","sec-fetch-site":"same-origin"},"query":{"limit":"100","page":"1","include":"roles"}},"res":{"_headers":{"x-powered-by":"Express","content-version":"v6.19","vary":"Accept-Version, Accept-Encoding","cache-control":"no-cache, private, no-store, must-revalidate, max-stale=0, post-check=0, pre-check=0","content-type":"application/json; charset=utf-8","etag":"W/\"550-+aiQlvmAIpbFH3YH3s+QT+3OFe4\"","content-encoding":"br"},"statusCode":200,"responseTime":"15ms"},"msg":"","time":"2026-03-03T21:39:47.772Z","v":0}
{"name":"Log","hostname":"a275c7126250","pid":1,"level":30,"version":"6.19.4","req":{"meta":{"requestId":"874c682c-9710-4fd5-8615-04a174a97159","userId":"69a74bc62ef78a0001b0912c"},"url":"/posts/?formats=mobiledoc%2Clexical&limit=30&page=1&allFilter=status%3Adraft&order=updated_at%20desc&filter=status%3Adraft","method":"GET","originalUrl":"/ghost/api/admin/posts/?formats=mobiledoc%2Clexical&limit=30&page=1&allFilter=status%3Adraft&order=updated_at%20desc&filter=status%3Adraft","params":{},"headers":{"host":"localhost:2368","user-agent":"Mozilla/5.0 (Macintosh; Intel Mac OS X 10.15; rv:148.0) Gecko/20100101 Firefox/148.0","accept":"application/json, text/javascript, */*; q=0.01","accept-language":"en-US,en;q=0.9","accept-encoding":"gzip, deflate, br, zstd","content-type":"application/json; charset=UTF-8","app-pragma":"no-cache","x-requested-with":"XMLHttpRequest","sec-gpc":"1","connection":"keep-alive","referer":"http://localhost:2368/ghost/","cookie":"**REDACTED**","sec-fetch-dest":"empty","sec-fetch-mode":"cors","sec-fetch-site":"same-origin"},"query":{"formats":"mobiledoc,lexical","limit":"30","page":"1","allFilter":"status:draft","order":"updated_at desc","filter":"status:draft"}},"res":{"_headers":{"x-powered-by":"Express","content-version":"v6.19","vary":"Accept-Version, Accept-Encoding","cache-control":"no-cache, private, no-store, must-revalidate, max-stale=0, post-check=0, pre-check=0","content-type":"application/json; charset=utf-8","content-length":"100","etag":"W/\"64-LHOPE4eAetLKcAFGzaqV/r6lmZI\""},"statusCode":200,"responseTime":"26ms"},"msg":"","time":"2026-03-03T21:39:49.091Z","v":0}
{"name":"Log","hostname":"a275c7126250","pid":1,"level":30,"version":"6.19.4","req":{"meta":{"requestId":"84e6786e-db55-4859-b686-f8f2126a80a9","userId":"69a74bc62ef78a0001b0912c"},"url":"/posts/?formats=mobiledoc%2Clexical&limit=30&page=1&allFilter=status%3Ascheduled&order=published_at%20desc&filter=status%3Ascheduled","method":"GET","originalUrl":"/ghost/api/admin/posts/?formats=mobiledoc%2Clexical&limit=30&page=1&allFilter=status%3Ascheduled&order=published_at%20desc&filter=status%3Ascheduled","params":{},"headers":{"host":"localhost:2368","user-agent":"Mozilla/5.0 (Macintosh; Intel Mac OS X 10.15; rv:148.0) Gecko/20100101 Firefox/148.0","accept":"application/json, text/javascript, */*; q=0.01","accept-language":"en-US,en;q=0.9","accept-encoding":"gzip, deflate, br, zstd","content-type":"application/json; charset=UTF-8","app-pragma":"no-cache","x-requested-with":"XMLHttpRequest","sec-gpc":"1","connection":"keep-alive","referer":"http://localhost:2368/ghost/","cookie":"**REDACTED**","sec-fetch-dest":"empty","sec-fetch-mode":"cors","sec-fetch-site":"same-origin"},"query":{"formats":"mobiledoc,lexical","limit":"30","page":"1","allFilter":"status:scheduled","order":"published_at desc","filter":"status:scheduled"}},"res":{"_headers":{"x-powered-by":"Express","content-version":"v6.19","vary":"Accept-Version, Accept-Encoding","cache-control":"no-cache, private, no-store, must-revalidate, max-stale=0, post-check=0, pre-check=0","content-type":"application/json; charset=utf-8","content-length":"100","etag":"W/\"64-LHOPE4eAetLKcAFGzaqV/r6lmZI\""},"statusCode":200,"responseTime":"26ms"},"msg":"","time":"2026-03-03T21:39:49.753Z","v":0}
{"name":"Log","hostname":"a275c7126250","pid":1,"level":30,"version":"6.19.4","req":{"meta":{"requestId":"f9c5ea8e-f5d8-42ec-ad69-6496798718cd","userId":"69a74bc62ef78a0001b0912c"},"url":"/posts/?formats=mobiledoc%2Clexical&limit=30&page=1&allFilter=status%3Apublished&order=published_at%20desc&filter=status%3Apublished","method":"GET","originalUrl":"/ghost/api/admin/posts/?formats=mobiledoc%2Clexical&limit=30&page=1&allFilter=status%3Apublished&order=published_at%20desc&filter=status%3Apublished","params":{},"headers":{"host":"localhost:2368","user-agent":"Mozilla/5.0 (Macintosh; Intel Mac OS X 10.15; rv:148.0) Gecko/20100101 Firefox/148.0","accept":"application/json, text/javascript, */*; q=0.01","accept-language":"en-US,en;q=0.9","accept-encoding":"gzip, deflate, br, zstd","content-type":"application/json; charset=UTF-8","app-pragma":"no-cache","x-requested-with":"XMLHttpRequest","sec-gpc":"1","connection":"keep-alive","referer":"http://localhost:2368/ghost/","cookie":"**REDACTED**","sec-fetch-dest":"empty","sec-fetch-mode":"cors","sec-fetch-site":"same-origin"},"query":{"formats":"mobiledoc,lexical","limit":"30","page":"1","allFilter":"status:published","order":"published_at desc","filter":"status:published"}},"res":{"_headers":{"x-powered-by":"Express","content-version":"v6.19","vary":"Accept-Version, Accept-Encoding","cache-control":"no-cache, private, no-store, must-revalidate, max-stale=0, post-check=0, pre-check=0","content-type":"application/json; charset=utf-8","etag":"W/\"17f7-tXzlW+h+ifmt0NwK8bX4t35a9c8\"","content-encoding":"br"},"statusCode":200,"responseTime":"39ms"},"msg":"","time":"2026-03-03T21:39:50.912Z","v":0}
{"name":"Log","hostname":"a275c7126250","pid":1,"level":30,"version":"6.19.4","req":{"meta":{"requestId":"e6ea6123-ed72-43c5-882f-a5b836caf1c7","userId":"69a74bc62ef78a0001b0912c"},"url":"/stats/posts-member-counts/","method":"POST","originalUrl":"/ghost/api/admin/stats/posts-member-counts/","params":{},"headers":{"host":"localhost:2368","user-agent":"Mozilla/5.0 (Macintosh; Intel Mac OS X 10.15; rv:148.0) Gecko/20100101 Firefox/148.0","accept":"application/json, text/javascript, */*; q=0.01","accept-language":"en-US,en;q=0.9","accept-encoding":"gzip, deflate, br, zstd","content-type":"application/json","app-pragma":"no-cache","x-requested-with":"XMLHttpRequest","content-length":"40","origin":"http://localhost:2368","sec-gpc":"1","connection":"keep-alive","referer":"http://localhost:2368/ghost/","cookie":"**REDACTED**","sec-fetch-dest":"empty","sec-fetch-mode":"cors","sec-fetch-site":"same-origin"},"query":{}},"res":{"_headers":{"x-powered-by":"Express","content-version":"v6.19","vary":"Accept-Version, Origin, Accept-Encoding","cache-control":"no-cache, private, no-store, must-revalidate, max-stale=0, post-check=0, pre-check=0","access-control-allow-origin":"http://localhost:2368","content-type":"application/json; charset=utf-8","content-length":"76","etag":"W/\"4c-cyMo9qBAd/BK1e+c/RSP1YQ8klo\""},"statusCode":200,"responseTime":"11ms"},"msg":"","time":"2026-03-03T21:39:50.930Z","v":0}
{"name":"Log","hostname":"a275c7126250","pid":1,"level":30,"version":"6.19.4","req":{"meta":{"requestId":"e2a2c1cc-f52b-461d-ae36-35b707048663","userId":"69a74bc62ef78a0001b0912c"},"url":"/pages/?formats=mobiledoc%2Clexical&limit=30&page=1&allFilter=status%3A%5Bdraft%2Cscheduled%2Cpublished%2Csent%5D&order=updated_at%20desc&filter=status%3Adraft","method":"GET","originalUrl":"/ghost/api/admin/pages/?formats=mobiledoc%2Clexical&limit=30&page=1&allFilter=status%3A%5Bdraft%2Cscheduled%2Cpublished%2Csent%5D&order=updated_at%20desc&filter=status%3Adraft","params":{},"headers":{"host":"localhost:2368","user-agent":"Mozilla/5.0 (Macintosh; Intel Mac OS X 10.15; rv:148.0) Gecko/20100101 Firefox/148.0","accept":"application/json, text/javascript, */*; q=0.01","accept-language":"en-US,en;q=0.9","accept-encoding":"gzip, deflate, br, zstd","content-type":"application/json; charset=UTF-8","app-pragma":"no-cache","x-requested-with":"XMLHttpRequest","sec-gpc":"1","connection":"keep-alive","referer":"http://localhost:2368/ghost/","cookie":"**REDACTED**","sec-fetch-dest":"empty","sec-fetch-mode":"cors","sec-fetch-site":"same-origin"},"query":{"formats":"mobiledoc,lexical","limit":"30","page":"1","allFilter":"status:[draft,scheduled,published,sent]","order":"updated_at desc","filter":"status:draft"}},"res":{"_headers":{"x-powered-by":"Express","content-version":"v6.19","vary":"Accept-Version, Accept-Encoding","cache-control":"no-cache, private, no-store, must-revalidate, max-stale=0, post-check=0, pre-check=0","content-type":"application/json; charset=utf-8","content-length":"100","etag":"W/\"64-Sob9W3UE22w25wetuyhNCQVZMNI\""},"statusCode":200,"responseTime":"46ms"},"msg":"","time":"2026-03-03T21:39:51.931Z","v":0}
{"name":"Log","hostname":"a275c7126250","pid":1,"level":30,"version":"6.19.4","req":{"meta":{"requestId":"e1295421-9200-4963-ac55-f7eb2232aebe","userId":"69a74bc62ef78a0001b0912c"},"url":"/pages/?formats=mobiledoc%2Clexical&limit=30&page=1&allFilter=status%3A%5Bdraft%2Cscheduled%2Cpublished%2Csent%5D&order=published_at%20desc&filter=status%3Ascheduled","method":"GET","originalUrl":"/ghost/api/admin/pages/?formats=mobiledoc%2Clexical&limit=30&page=1&allFilter=status%3A%5Bdraft%2Cscheduled%2Cpublished%2Csent%5D&order=published_at%20desc&filter=status%3Ascheduled","params":{},"headers":{"host":"localhost:2368","user-agent":"Mozilla/5.0 (Macintosh; Intel Mac OS X 10.15; rv:148.0) Gecko/20100101 Firefox/148.0","accept":"application/json, text/javascript, */*; q=0.01","accept-language":"en-US,en;q=0.9","accept-encoding":"gzip, deflate, br, zstd","content-type":"application/json; charset=UTF-8","app-pragma":"no-cache","x-requested-with":"XMLHttpRequest","sec-gpc":"1","connection":"keep-alive","referer":"http://localhost:2368/ghost/","cookie":"**REDACTED**","sec-fetch-dest":"empty","sec-fetch-mode":"cors","sec-fetch-site":"same-origin"},"query":{"formats":"mobiledoc,lexical","limit":"30","page":"1","allFilter":"status:[draft,scheduled,published,sent]","order":"published_at desc","filter":"status:scheduled"}},"res":{"_headers":{"x-powered-by":"Express","content-version":"v6.19","vary":"Accept-Version, Accept-Encoding","cache-control":"no-cache, private, no-store, must-revalidate, max-stale=0, post-check=0, pre-check=0","content-type":"application/json; charset=utf-8","content-length":"100","etag":"W/\"64-Sob9W3UE22w25wetuyhNCQVZMNI\""},"statusCode":200,"responseTime":"48ms"},"msg":"","time":"2026-03-03T21:39:51.931Z","v":0}
{"name":"Log","hostname":"a275c7126250","pid":1,"level":30,"version":"6.19.4","req":{"meta":{"requestId":"6f5bb40d-d1e0-4c47-ae05-806498d321ae","userId":"69a74bc62ef78a0001b0912c"},"url":"/pages/?formats=mobiledoc%2Clexical&limit=30&page=1&allFilter=status%3A%5Bdraft%2Cscheduled%2Cpublished%2Csent%5D&order=published_at%20desc&filter=status%3A%5Bpublished%2Csent%5D","method":"GET","originalUrl":"/ghost/api/admin/pages/?formats=mobiledoc%2Clexical&limit=30&page=1&allFilter=status%3A%5Bdraft%2Cscheduled%2Cpublished%2Csent%5D&order=published_at%20desc&filter=status%3A%5Bpublished%2Csent%5D","params":{},"headers":{"host":"localhost:2368","user-agent":"Mozilla/5.0 (Macintosh; Intel Mac OS X 10.15; rv:148.0) Gecko/20100101 Firefox/148.0","accept":"application/json, text/javascript, */*; q=0.01","accept-language":"en-US,en;q=0.9","accept-encoding":"gzip, deflate, br, zstd","content-type":"application/json; charset=UTF-8","app-pragma":"no-cache","x-requested-with":"XMLHttpRequest","sec-gpc":"1","connection":"keep-alive","referer":"http://localhost:2368/ghost/","cookie":"**REDACTED**","sec-fetch-dest":"empty","sec-fetch-mode":"cors","sec-fetch-site":"same-origin"},"query":{"formats":"mobiledoc,lexical","limit":"30","page":"1","allFilter":"status:[draft,scheduled,published,sent]","order":"published_at desc","filter":"status:[published,sent]"}},"res":{"_headers":{"x-powered-by":"Express","content-version":"v6.19","vary":"Accept-Version, Accept-Encoding","cache-control":"no-cache, private, no-store, must-revalidate, max-stale=0, post-check=0, pre-check=0","content-type":"application/json; charset=utf-8","etag":"W/\"1846-BmzoL/k8nQNjzprbyOo/qUe4BLc\"","content-encoding":"br"},"statusCode":200,"responseTime":"51ms"},"msg":"","time":"2026-03-03T21:39:51.937Z","v":0}
{"name":"Log","hostname":"a275c7126250","pid":1,"level":30,"version":"6.19.4","req":{"meta":{"requestId":"af843d79-7938-41a1-84aa-1f4bfb7afb06","userId":"69a74bc62ef78a0001b0912c"},"url":"/stats/posts-member-counts/","method":"POST","originalUrl":"/ghost/api/admin/stats/posts-member-counts/","params":{},"headers":{"host":"localhost:2368","user-agent":"Mozilla/5.0 (Macintosh; Intel Mac OS X 10.15; rv:148.0) Gecko/20100101 Firefox/148.0","accept":"application/json, text/javascript, */*; q=0.01","accept-language":"en-US,en;q=0.9","accept-encoding":"gzip, deflate, br, zstd","content-type":"application/json","app-pragma":"no-cache","x-requested-with":"XMLHttpRequest","content-length":"40","origin":"http://localhost:2368","sec-gpc":"1","connection":"keep-alive","referer":"http://localhost:2368/ghost/","cookie":"**REDACTED**","sec-fetch-dest":"empty","sec-fetch-mode":"cors","sec-fetch-site":"same-origin"},"query":{}},"res":{"_headers":{"x-powered-by":"Express","content-version":"v6.19","vary":"Accept-Version, Origin, Accept-Encoding","cache-control":"no-cache, private, no-store, must-revalidate, max-stale=0, post-check=0, pre-check=0","access-control-allow-origin":"http://localhost:2368","content-type":"application/json; charset=utf-8","content-length":"76","etag":"W/\"4c-YGa3Ywal/HHoacHs4tQ1fhAagkw\""},"statusCode":200,"responseTime":"8ms"},"msg":"","time":"2026-03-03T21:39:51.952Z","v":0}
{"name":"Log","hostname":"a275c7126250","pid":1,"level":30,"version":"6.19.4","req":{"meta":{"requestId":"204d1a97-3182-41ba-b5c9-9a32bb613a1d","userId":"69a74bc62ef78a0001b0912c"},"url":"/pages/69a74bc72ef78a0001b091be/?formats=mobiledoc%2Clexical&include=tags%2Cauthors%2Cauthors.roles%2Cemail%2Ctiers%2Cnewsletter%2Ccount.clicks%2Cpost_revisions%2Cpost_revisions.author","method":"GET","originalUrl":"/ghost/api/admin/pages/69a74bc72ef78a0001b091be/?formats=mobiledoc%2Clexical&include=tags%2Cauthors%2Cauthors.roles%2Cemail%2Ctiers%2Cnewsletter%2Ccount.clicks%2Cpost_revisions%2Cpost_revisions.author","params":{"id":"69a74bc72ef78a0001b091be"},"headers":{"host":"localhost:2368","user-agent":"Mozilla/5.0 (Macintosh; Intel Mac OS X 10.15; rv:148.0) Gecko/20100101 Firefox/148.0","accept":"application/json, text/javascript, */*; q=0.01","accept-language":"en-US,en;q=0.9","accept-encoding":"gzip, deflate, br, zstd","content-type":"application/json; charset=UTF-8","app-pragma":"no-cache","x-requested-with":"XMLHttpRequest","sec-gpc":"1","connection":"keep-alive","referer":"http://localhost:2368/ghost/","cookie":"**REDACTED**","sec-fetch-dest":"empty","sec-fetch-mode":"cors","sec-fetch-site":"same-origin","priority":"u=0"},"query":{"formats":"mobiledoc,lexical","include":"tags,authors,authors.roles,email,tiers,newsletter,count.clicks,post_revisions,post_revisions.author"}},"res":{"_headers":{"x-powered-by":"Express","content-version":"v6.19","vary":"Accept-Version, Accept-Encoding","cache-control":"no-cache, private, no-store, must-revalidate, max-stale=0, post-check=0, pre-check=0","content-type":"application/json; charset=utf-8","etag":"W/\"17ab-4/mFbLMbZ7PwsDGQL27I5hBGO4c\"","content-encoding":"br"},"statusCode":200,"responseTime":"40ms"},"msg":"","time":"2026-03-03T21:39:53.977Z","v":0}
{"name":"Log","hostname":"a275c7126250","pid":1,"level":30,"version":"6.19.4","req":{"meta":{"requestId":"733bd6aa-062a-4193-8b0a-b226263fc0e1","userId":"69a74bc62ef78a0001b0912c"},"url":"/pages/69a74bc72ef78a0001b091be/?formats=mobiledoc%2Clexical&convert_to_lexical=1&include=tags%2Cauthors%2Cauthors.roles%2Cemail%2Ctiers%2Cnewsletter%2Ccount.clicks%2Cpost_revisions%2Cpost_revisions.author","method":"PUT","originalUrl":"/ghost/api/admin/pages/69a74bc72ef78a0001b091be/?formats=mobiledoc%2Clexical&convert_to_lexical=1&include=tags%2Cauthors%2Cauthors.roles%2Cemail%2Ctiers%2Cnewsletter%2Ccount.clicks%2Cpost_revisions%2Cpost_revisions.author","params":{"id":"69a74bc72ef78a0001b091be"},"headers":{"host":"localhost:2368","user-agent":"Mozilla/5.0 (Macintosh; Intel Mac OS X 10.15; rv:148.0) Gecko/20100101 Firefox/148.0","accept":"application/json, text/javascript, */*; q=0.01","accept-language":"en-US,en;q=0.9","accept-encoding":"gzip, deflate, br, zstd","content-type":"application/json; charset=utf-8","app-pragma":"no-cache","x-requested-with":"XMLHttpRequest","content-length":"4550","origin":"http://localhost:2368","sec-gpc":"1","connection":"keep-alive","referer":"http://localhost:2368/ghost/","cookie":"**REDACTED**","sec-fetch-dest":"empty","sec-fetch-mode":"cors","sec-fetch-site":"same-origin"},"query":{"formats":"mobiledoc,lexical","convert_to_lexical":"1","include":"tags,authors,authors.roles,email,tiers,newsletter,count.clicks,post_revisions,post_revisions.author"}},"res":{"_headers":{"x-powered-by":"Express","content-version":"v6.19","vary":"Accept-Version, Origin, Accept-Encoding","cache-control":"no-cache, private, no-store, must-revalidate, max-stale=0, post-check=0, pre-check=0","access-control-allow-origin":"http://localhost:2368","x-cache-invalidate":"/*","content-type":"application/json; charset=utf-8","etag":"W/\"1fcc-nuZ2GEwqG6PqGi69dENlJySY8I4\"","content-encoding":"br"},"statusCode":200,"responseTime":"58ms"},"msg":"","time":"2026-03-03T21:39:54.043Z","v":0}
{"name":"Log","hostname":"a275c7126250","pid":1,"level":30,"version":"6.19.4","req":{"meta":{"requestId":"b0e98d5a-b127-444d-a269-98681c360af8","userId":"69a74bc62ef78a0001b0912c"},"url":"/snippets/?formats=mobiledoc%2Clexical&limit=100&page=1","method":"GET","originalUrl":"/ghost/api/admin/snippets/?formats=mobiledoc%2Clexical&limit=100&page=1","params":{},"headers":{"host":"localhost:2368","user-agent":"Mozilla/5.0 (Macintosh; Intel Mac OS X 10.15; rv:148.0) Gecko/20100101 Firefox/148.0","accept":"application/json, text/javascript, */*; q=0.01","accept-language":"en-US,en;q=0.9","accept-encoding":"gzip, deflate, br, zstd","content-type":"application/json; charset=UTF-8","app-pragma":"no-cache","x-requested-with":"XMLHttpRequest","sec-gpc":"1","connection":"keep-alive","referer":"http://localhost:2368/ghost/","cookie":"**REDACTED**","sec-fetch-dest":"empty","sec-fetch-mode":"cors","sec-fetch-site":"same-origin"},"query":{"formats":"mobiledoc,lexical","limit":"100","page":"1"}},"res":{"_headers":{"x-powered-by":"Express","content-version":"v6.19","vary":"Accept-Version, Accept-Encoding","cache-control":"no-cache, private, no-store, must-revalidate, max-stale=0, post-check=0, pre-check=0","content-type":"application/json; charset=utf-8","content-length":"104","etag":"W/\"68-PQvnVlsVE4Ua55qww4FCjDrft9Y\""},"statusCode":200,"responseTime":"18ms"},"msg":"","time":"2026-03-03T21:39:54.075Z","v":0}
{"name":"Log","hostname":"a275c7126250","pid":1,"level":30,"version":"6.19.4","req":{"meta":{"requestId":"b0e0aa70-b451-4eed-a8ba-b4d14bbae474","userId":"69a74bc62ef78a0001b0912c"},"url":"/settings/?group=site%2Ctheme%2Cprivate%2Cmembers%2Cportal%2Cnewsletter%2Cemail%2Clabs%2Cslack%2Cunsplash%2Cviews%2Cfirstpromoter%2Ceditor%2Ccomments%2Canalytics%2Cannouncement%2Cpintura%2Cdonations%2Crecommendations%2Csecurity%2Csocial_web%2Cexplore","method":"GET","originalUrl":"/ghost/api/admin/settings/?group=site%2Ctheme%2Cprivate%2Cmembers%2Cportal%2Cnewsletter%2Cemail%2Clabs%2Cslack%2Cunsplash%2Cviews%2Cfirstpromoter%2Ceditor%2Ccomments%2Canalytics%2Cannouncement%2Cpintura%2Cdonations%2Crecommendations%2Csecurity%2Csocial_web%2Cexplore","params":{},"headers":{"host":"localhost:2368","user-agent":"Mozilla/5.0 (Macintosh; Intel Mac OS X 10.15; rv:148.0) Gecko/20100101 Firefox/148.0","accept":"application/json, text/javascript, */*; q=0.01","accept-language":"en-US,en;q=0.9","accept-encoding":"gzip, deflate, br, zstd","content-type":"application/json; charset=UTF-8","app-pragma":"no-cache","x-requested-with":"XMLHttpRequest","sec-gpc":"1","connection":"keep-alive","referer":"http://localhost:2368/ghost/","cookie":"**REDACTED**","sec-fetch-dest":"empty","sec-fetch-mode":"cors","sec-fetch-site":"same-origin"},"query":{"group":"site,theme,private,members,portal,newsletter,email,labs,slack,unsplash,views,firstpromoter,editor,comments,analytics,announcement,pintura,donations,recommendations,security,social_web,explore"}},"res":{"_headers":{"x-powered-by":"Express","content-version":"v6.19","vary":"Accept-Version, Accept-Encoding","cache-control":"no-cache, private, no-store, must-revalidate, max-stale=0, post-check=0, pre-check=0","content-type":"application/json; charset=utf-8","etag":"W/\"1280-dNq68c8DI4SeVYPWTz8mu5tKV8w\"","content-encoding":"br"},"statusCode":200,"responseTime":"42ms"},"msg":"","time":"2026-03-03T21:39:54.120Z","v":0}
{"name":"Log","hostname":"a275c7126250","pid":1,"level":30,"version":"6.19.4","req":{"meta":{"requestId":"120bd46b-be77-4a00-b891-cc73419a8202","userId":"69a74bc62ef78a0001b0912c"},"url":"/members/?order=id&limit=1&page=1&include=newsletters%2Clabels","method":"GET","originalUrl":"/ghost/api/admin/members/?order=id&limit=1&page=1&include=newsletters%2Clabels","params":{},"headers":{"host":"localhost:2368","user-agent":"Mozilla/5.0 (Macintosh; Intel Mac OS X 10.15; rv:148.0) Gecko/20100101 Firefox/148.0","accept":"application/json, text/javascript, */*; q=0.01","accept-language":"en-US,en;q=0.9","accept-encoding":"gzip, deflate, br, zstd","content-type":"application/json; charset=UTF-8","app-pragma":"no-cache","x-requested-with":"XMLHttpRequest","sec-gpc":"1","connection":"keep-alive","referer":"http://localhost:2368/ghost/","cookie":"**REDACTED**","sec-fetch-dest":"empty","sec-fetch-mode":"cors","sec-fetch-site":"same-origin"},"query":{"order":"id","limit":"1","page":"1","include":"newsletters,labels"}},"res":{"_headers":{"x-powered-by":"Express","content-version":"v6.19","vary":"Accept-Version, Accept-Encoding","cache-control":"no-cache, private, no-store, must-revalidate, max-stale=0, post-check=0, pre-check=0","content-type":"application/json; charset=utf-8","content-length":"101","etag":"W/\"65-f6nBT1UI6bh1EnkUkUhaEXI/ziw\""},"statusCode":200,"responseTime":"48ms"},"msg":"","time":"2026-03-03T21:39:54.126Z","v":0}
{"name":"Log","hostname":"a275c7126250","pid":1,"level":30,"version":"6.19.4","req":{"meta":{"requestId":"591cd10c-5293-44ea-9518-7952d071de76","userId":"69a74bc62ef78a0001b0912c"},"url":"/newsletters/?status=active&limit=100&include=count.active_members&page=1","method":"GET","originalUrl":"/ghost/api/admin/newsletters/?status=active&limit=100&include=count.active_members&page=1","params":{},"headers":{"host":"localhost:2368","user-agent":"Mozilla/5.0 (Macintosh; Intel Mac OS X 10.15; rv:148.0) Gecko/20100101 Firefox/148.0","accept":"application/json, text/javascript, */*; q=0.01","accept-language":"en-US,en;q=0.9","accept-encoding":"gzip, deflate, br, zstd","content-type":"application/json; charset=UTF-8","app-pragma":"no-cache","x-requested-with":"XMLHttpRequest","sec-gpc":"1","connection":"keep-alive","referer":"http://localhost:2368/ghost/","cookie":"**REDACTED**","sec-fetch-dest":"empty","sec-fetch-mode":"cors","sec-fetch-site":"same-origin"},"query":{"status":"active","limit":"100","include":"count.active_members","page":"1"}},"res":{"_headers":{"x-powered-by":"Express","content-version":"v6.19","vary":"Accept-Version, Accept-Encoding","cache-control":"no-cache, private, no-store, must-revalidate, max-stale=0, post-check=0, pre-check=0","content-type":"application/json; charset=utf-8","etag":"W/\"4da-y4ohOCeNKFEeKrnKOe3LZpwhyLQ\"","content-encoding":"br"},"statusCode":200,"responseTime":"64ms"},"msg":"","time":"2026-03-03T21:39:54.143Z","v":0}
{"name":"Log","hostname":"a275c7126250","pid":1,"level":30,"version":"6.19.4","req":{"meta":{"requestId":"9bc6d38d-60d6-4729-a30d-dc5d2ba59bcd","userId":"69a74bc62ef78a0001b0912c"},"url":"/newsletters/?status=active&limit=100&include=count.active_members&page=1","method":"GET","originalUrl":"/ghost/api/admin/newsletters/?status=active&limit=100&include=count.active_members&page=1","params":{},"headers":{"host":"localhost:2368","user-agent":"Mozilla/5.0 (Macintosh; Intel Mac OS X 10.15; rv:148.0) Gecko/20100101 Firefox/148.0","accept":"application/json, text/javascript, */*; q=0.01","accept-language":"en-US,en;q=0.9","accept-encoding":"gzip, deflate, br, zstd","content-type":"application/json; charset=UTF-8","app-pragma":"no-cache","x-requested-with":"XMLHttpRequest","sec-gpc":"1","connection":"keep-alive","referer":"http://localhost:2368/ghost/","cookie":"**REDACTED**","sec-fetch-dest":"empty","sec-fetch-mode":"cors","sec-fetch-site":"same-origin"},"query":{"status":"active","limit":"100","include":"count.active_members","page":"1"}},"res":{"_headers":{"x-powered-by":"Express","content-version":"v6.19","vary":"Accept-Version, Accept-Encoding","cache-control":"no-cache, private, no-store, must-revalidate, max-stale=0, post-check=0, pre-check=0","content-type":"application/json; charset=utf-8","etag":"W/\"4da-y4ohOCeNKFEeKrnKOe3LZpwhyLQ\"","content-encoding":"br"},"statusCode":200,"responseTime":"66ms"},"msg":"","time":"2026-03-03T21:39:54.149Z","v":0}
{"name":"Log","hostname":"a275c7126250","pid":1,"level":30,"version":"6.19.4","req":{"meta":{"requestId":"4d04dd65-e816-4b9e-9da3-c2efba6dc8f8","userId":"69a74bc62ef78a0001b0912c"},"url":"/search-index/users/","method":"GET","originalUrl":"/ghost/api/admin/search-index/users/","params":{},"headers":{"host":"localhost:2368","user-agent":"Mozilla/5.0 (Macintosh; Intel Mac OS X 10.15; rv:148.0) Gecko/20100101 Firefox/148.0","accept":"application/json, text/javascript, */*; q=0.01","accept-language":"en-US,en;q=0.9","accept-encoding":"gzip, deflate, br, zstd","content-type":"application/json; charset=UTF-8","app-pragma":"no-cache","x-requested-with":"XMLHttpRequest","sec-gpc":"1","connection":"keep-alive","referer":"http://localhost:2368/ghost/","cookie":"**REDACTED**","sec-fetch-dest":"empty","sec-fetch-mode":"cors","sec-fetch-site":"same-origin"},"query":{}},"res":{"_headers":{"x-powered-by":"Express","content-version":"v6.19","vary":"Accept-Version, Accept-Encoding","cache-control":"no-cache, private, no-store, must-revalidate, max-stale=0, post-check=0, pre-check=0","content-type":"application/json; charset=utf-8","content-length":"160","etag":"W/\"a0-7Q8bxpZV2eH8sNmwbun/CJFYTM8\""},"statusCode":200,"responseTime":"55ms"},"msg":"","time":"2026-03-03T21:39:54.160Z","v":0}
{"name":"Log","hostname":"a275c7126250","pid":1,"level":30,"version":"6.19.4","req":{"meta":{"requestId":"e2420a91-296b-4150-b404-936b0ba540a3","userId":"69a74bc62ef78a0001b0912c"},"url":"/search-index/tags/","method":"GET","originalUrl":"/ghost/api/admin/search-index/tags/","params":{},"headers":{"host":"localhost:2368","user-agent":"Mozilla/5.0 (Macintosh; Intel Mac OS X 10.15; rv:148.0) Gecko/20100101 Firefox/148.0","accept":"application/json, text/javascript, */*; q=0.01","accept-language":"en-US,en;q=0.9","accept-encoding":"gzip, deflate, br, zstd","content-type":"application/json; charset=UTF-8","app-pragma":"no-cache","x-requested-with":"XMLHttpRequest","sec-gpc":"1","connection":"keep-alive","referer":"http://localhost:2368/ghost/","cookie":"**REDACTED**","sec-fetch-dest":"empty","sec-fetch-mode":"cors","sec-fetch-site":"same-origin"},"query":{}},"res":{"_headers":{"x-powered-by":"Express","content-version":"v6.19","vary":"Accept-Version, Accept-Encoding","cache-control":"no-cache, private, no-store, must-revalidate, max-stale=0, post-check=0, pre-check=0","content-type":"application/json; charset=utf-8","content-length":"112","etag":"W/\"70-/xNZLEa1oQzYHyBNGRNB2QMlECo\""},"statusCode":200,"responseTime":"53ms"},"msg":"","time":"2026-03-03T21:39:54.164Z","v":0}
{"name":"Log","hostname":"a275c7126250","pid":1,"level":30,"version":"6.19.4","req":{"meta":{"requestId":"bf09352a-457f-40f9-acd8-952007fe216e","userId":"69a74bc62ef78a0001b0912c"},"url":"/search-index/posts/","method":"GET","originalUrl":"/ghost/api/admin/search-index/posts/","params":{},"headers":{"host":"localhost:2368","user-agent":"Mozilla/5.0 (Macintosh; Intel Mac OS X 10.15; rv:148.0) Gecko/20100101 Firefox/148.0","accept":"application/json, text/javascript, */*; q=0.01","accept-language":"en-US,en;q=0.9","accept-encoding":"gzip, deflate, br, zstd","content-type":"application/json; charset=UTF-8","app-pragma":"no-cache","x-requested-with":"XMLHttpRequest","sec-gpc":"1","connection":"keep-alive","referer":"http://localhost:2368/ghost/","cookie":"**REDACTED**","sec-fetch-dest":"empty","sec-fetch-mode":"cors","sec-fetch-site":"same-origin"},"query":{}},"res":{"_headers":{"x-powered-by":"Express","content-version":"v6.19","vary":"Accept-Version, Accept-Encoding","cache-control":"no-cache, private, no-store, must-revalidate, max-stale=0, post-check=0, pre-check=0","content-type":"application/json; charset=utf-8","content-length":"262","etag":"W/\"106-IC4z1BB5RyaXxvaWhjV9v/EoVU0\""},"statusCode":200,"responseTime":"55ms"},"msg":"","time":"2026-03-03T21:39:54.183Z","v":0}
{"name":"Log","hostname":"a275c7126250","pid":1,"level":30,"version":"6.19.4","req":{"meta":{"requestId":"c0f0ea0a-c2ef-454b-a7b4-1d20cbc73b87","userId":"69a74bc62ef78a0001b0912c"},"url":"/search-index/pages/","method":"GET","originalUrl":"/ghost/api/admin/search-index/pages/","params":{},"headers":{"host":"localhost:2368","user-agent":"Mozilla/5.0 (Macintosh; Intel Mac OS X 10.15; rv:148.0) Gecko/20100101 Firefox/148.0","accept":"application/json, text/javascript, */*; q=0.01","accept-language":"en-US,en;q=0.9","accept-encoding":"gzip, deflate, br, zstd","content-type":"application/json; charset=UTF-8","app-pragma":"no-cache","x-requested-with":"XMLHttpRequest","sec-gpc":"1","connection":"keep-alive","referer":"http://localhost:2368/ghost/","cookie":"**REDACTED**","sec-fetch-dest":"empty","sec-fetch-mode":"cors","sec-fetch-site":"same-origin"},"query":{}},"res":{"_headers":{"x-powered-by":"Express","content-version":"v6.19","vary":"Accept-Version, Accept-Encoding","cache-control":"no-cache, private, no-store, must-revalidate, max-stale=0, post-check=0, pre-check=0","content-type":"application/json; charset=utf-8","content-length":"254","etag":"W/\"fe-ZRF+2BxFrm56poXJTfc2XlcWFrQ\""},"statusCode":200,"responseTime":"55ms"},"msg":"","time":"2026-03-03T21:39:54.183Z","v":0}
{"name":"Log","hostname":"a275c7126250","pid":1,"level":30,"version":"6.19.4","req":{"meta":{"requestId":"01e2c418-f73c-4dad-b50b-20e47caf6379","userId":"69a74bc62ef78a0001b0912c"},"url":"/posts/?formats=mobiledoc%2Clexical&filter=status%3Apublished&fields=id%2Curl%2Ctitle%2Cvisibility%2Cpublished_at&order=published_at%20desc&limit=5","method":"GET","originalUrl":"/ghost/api/admin/posts/?formats=mobiledoc%2Clexical&filter=status%3Apublished&fields=id%2Curl%2Ctitle%2Cvisibility%2Cpublished_at&order=published_at%20desc&limit=5","params":{},"headers":{"host":"localhost:2368","user-agent":"Mozilla/5.0 (Macintosh; Intel Mac OS X 10.15; rv:148.0) Gecko/20100101 Firefox/148.0","accept":"application/json, text/javascript, */*; q=0.01","accept-language":"en-US,en;q=0.9","accept-encoding":"gzip, deflate, br, zstd","content-type":"application/json; charset=UTF-8","app-pragma":"no-cache","x-requested-with":"XMLHttpRequest","sec-gpc":"1","connection":"keep-alive","referer":"http://localhost:2368/ghost/","cookie":"**REDACTED**","sec-fetch-dest":"empty","sec-fetch-mode":"cors","sec-fetch-site":"same-origin"},"query":{"formats":"mobiledoc,lexical","filter":"status:published","fields":"id,url,title,visibility,published_at","order":"published_at desc","limit":"5"}},"res":{"_headers":{"x-powered-by":"Express","content-version":"v6.19","vary":"Accept-Version, Accept-Encoding","cache-control":"no-cache, private, no-store, must-revalidate, max-stale=0, post-check=0, pre-check=0","content-type":"application/json; charset=utf-8","content-length":"731","etag":"W/\"2db-37OJA/DUlE3uCwN7PNX4jI4bRRc\""},"statusCode":200,"responseTime":"48ms"},"msg":"","time":"2026-03-03T21:39:54.199Z","v":0}
{"name":"Log","hostname":"a275c7126250","pid":1,"level":30,"version":"6.19.4","req":{"meta":{"requestId":"2d46ee86-a561-4651-912a-1c02e98a832c","userId":"69a74bc62ef78a0001b0912c"},"url":"/posts/?formats=mobiledoc%2Clexical&filter=status%3Apublished&fields=id%2Curl%2Ctitle%2Cvisibility%2Cpublished_at&order=published_at%20desc&limit=5","method":"GET","originalUrl":"/ghost/api/admin/posts/?formats=mobiledoc%2Clexical&filter=status%3Apublished&fields=id%2Curl%2Ctitle%2Cvisibility%2Cpublished_at&order=published_at%20desc&limit=5","params":{},"headers":{"host":"localhost:2368","user-agent":"Mozilla/5.0 (Macintosh; Intel Mac OS X 10.15; rv:148.0) Gecko/20100101 Firefox/148.0","accept":"application/json, text/javascript, */*; q=0.01","accept-language":"en-US,en;q=0.9","accept-encoding":"gzip, deflate, br, zstd","content-type":"application/json; charset=UTF-8","app-pragma":"no-cache","x-requested-with":"XMLHttpRequest","sec-gpc":"1","connection":"keep-alive","referer":"http://localhost:2368/ghost/","cookie":"**REDACTED**","sec-fetch-dest":"empty","sec-fetch-mode":"cors","sec-fetch-site":"same-origin"},"query":{"formats":"mobiledoc,lexical","filter":"status:published","fields":"id,url,title,visibility,published_at","order":"published_at desc","limit":"5"}},"res":{"_headers":{"x-powered-by":"Express","content-version":"v6.19","vary":"Accept-Version, Accept-Encoding","cache-control":"no-cache, private, no-store, must-revalidate, max-stale=0, post-check=0, pre-check=0","content-type":"application/json; charset=utf-8","content-length":"731","etag":"W/\"2db-37OJA/DUlE3uCwN7PNX4jI4bRRc\""},"statusCode":200,"responseTime":"53ms"},"msg":"","time":"2026-03-03T21:39:54.205Z","v":0}
{"name":"Log","hostname":"a275c7126250","pid":1,"level":30,"version":"6.19.4","req":{"meta":{"requestId":"f174bd7c-ee7e-4ad2-93e7-4ab3aff4339d","userId":null},"url":"/","method":"GET","originalUrl":"/","params":{},"headers":{"host":"localhost:2368","user-agent":"Mozilla/5.0 (Macintosh; Intel Mac OS X 10.15; rv:148.0) Gecko/20100101 Firefox/148.0","accept":"text/html,application/xhtml+xml,application/xml;q=0.9,*/*;q=0.8","accept-language":"en-US,en;q=0.9","accept-encoding":"gzip, deflate, br, zstd","referer":"http://localhost:2368/about/","sec-gpc":"1","connection":"keep-alive","cookie":"**REDACTED**","upgrade-insecure-requests":"1","sec-fetch-dest":"document","sec-fetch-mode":"navigate","sec-fetch-site":"same-origin","sec-fetch-user":"?1","priority":"u=0, i"},"query":{}},"res":{"_headers":{"x-powered-by":"Express","cache-control":"public, max-age=0","content-type":"text/html; charset=utf-8","etag":"W/\"43fe-ZYYJhUOa3cy8wP8eDkobzpRccbc\"","vary":"Accept-Encoding","content-encoding":"br"},"statusCode":200,"responseTime":"65ms"},"msg":"","time":"2026-03-03T21:39:57.307Z","v":0}
{"name":"Log","hostname":"a275c7126250","pid":1,"level":30,"version":"6.19.4","req":{"meta":{"requestId":"c2b8db97-5292-4303-a39c-2c72fae187fd","userId":null},"url":"/assets/fonts/inter-roman.woff2?v=f6325171dd","method":"GET","originalUrl":"/assets/fonts/inter-roman.woff2?v=f6325171dd","params":{},"headers":{"host":"localhost:2368","user-agent":"Mozilla/5.0 (Macintosh; Intel Mac OS X 10.15; rv:148.0) Gecko/20100101 Firefox/148.0","accept":"application/font-woff2;q=1.0,application/font-woff;q=0.9,*/*;q=0.8","accept-language":"en-US,en;q=0.9","accept-encoding":"gzip, deflate, br, zstd","referer":"http://localhost:2368/","sec-gpc":"1","connection":"keep-alive","cookie":"**REDACTED**","sec-fetch-dest":"font","sec-fetch-mode":"cors","sec-fetch-site":"same-origin","priority":"u=2"},"query":{"v":"f6325171dd"}},"res":{"_headers":{"x-powered-by":"Express","accept-ranges":"bytes","cache-control":"public, max-age=0","last-modified":"Sat, 26 Oct 1985 08:15:00 GMT","etag":"W/\"9394-7438674ba0\"","content-type":"font/woff2","content-length":37780},"statusCode":200,"responseTime":"3ms"},"msg":"","time":"2026-03-03T21:39:57.339Z","v":0}
{"name":"Log","hostname":"a275c7126250","pid":1,"level":30,"version":"6.19.4","req":{"meta":{"requestId":"28da07f7-6a7f-4673-8775-f774b3a937de","userId":null},"url":"/assets/built/screen.css?v=f6325171dd","method":"GET","originalUrl":"/assets/built/screen.css?v=f6325171dd","params":{},"headers":{"host":"localhost:2368","user-agent":"Mozilla/5.0 (Macintosh; Intel Mac OS X 10.15; rv:148.0) Gecko/20100101 Firefox/148.0","accept":"text/css,*/*;q=0.1","accept-language":"en-US,en;q=0.9","accept-encoding":"gzip, deflate, br, zstd","sec-gpc":"1","connection":"keep-alive","referer":"http://localhost:2368/","cookie":"**REDACTED**","sec-fetch-dest":"style","sec-fetch-mode":"no-cors","sec-fetch-site":"same-origin","priority":"u=0"},"query":{"v":"f6325171dd"}},"res":{"_headers":{"x-powered-by":"Express","accept-ranges":"bytes","cache-control":"public, max-age=0","last-modified":"Sat, 26 Oct 1985 08:15:00 GMT","etag":"W/\"d1bb-7438674ba0\"","content-type":"text/css; charset=UTF-8","vary":"Accept-Encoding","content-encoding":"br"},"statusCode":200,"responseTime":"7ms"},"msg":"","time":"2026-03-03T21:39:57.341Z","v":0}
{"name":"Log","hostname":"a275c7126250","pid":1,"level":30,"version":"6.19.4","req":{"meta":{"requestId":"45a6f85b-b364-4c5a-ba23-d788efafd422","userId":null},"url":"/assets/built/source.js?v=f6325171dd","method":"GET","originalUrl":"/assets/built/source.js?v=f6325171dd","params":{},"headers":{"host":"localhost:2368","user-agent":"Mozilla/5.0 (Macintosh; Intel Mac OS X 10.15; rv:148.0) Gecko/20100101 Firefox/148.0","accept":"*/*","accept-language":"en-US,en;q=0.9","accept-encoding":"gzip, deflate, br, zstd","sec-gpc":"1","connection":"keep-alive","referer":"http://localhost:2368/","cookie":"**REDACTED**","sec-fetch-dest":"script","sec-fetch-mode":"no-cors","sec-fetch-site":"same-origin","priority":"u=1"},"query":{"v":"f6325171dd"}},"res":{"_headers":{"x-powered-by":"Express","accept-ranges":"bytes","cache-control":"public, max-age=0","last-modified":"Sat, 26 Oct 1985 08:15:00 GMT","etag":"W/\"cde1-7438674ba0\"","content-type":"application/javascript; charset=UTF-8","vary":"Accept-Encoding","content-encoding":"br"},"statusCode":200,"responseTime":"6ms"},"msg":"","time":"2026-03-03T21:39:57.342Z","v":0}
{"name":"Log","hostname":"a275c7126250","pid":1,"level":30,"version":"6.19.4","req":{"meta":{"requestId":"e21117c5-6733-42cc-bd5b-ea4fef6e83ff","userId":null},"url":"/public/cards.min.js?v=f6325171dd","method":"GET","originalUrl":"/public/cards.min.js?v=f6325171dd","params":{},"headers":{"host":"localhost:2368","user-agent":"Mozilla/5.0 (Macintosh; Intel Mac OS X 10.15; rv:148.0) Gecko/20100101 Firefox/148.0","accept":"*/*","accept-language":"en-US,en;q=0.9","accept-encoding":"gzip, deflate, br, zstd","referer":"http://localhost:2368/","sec-gpc":"1","connection":"keep-alive","cookie":"**REDACTED**","sec-fetch-dest":"script","sec-fetch-mode":"no-cors","sec-fetch-site":"same-origin"},"query":{"v":"f6325171dd"}},"res":{"_headers":{"x-powered-by":"Express","content-type":"application/javascript","etag":"\"91fcf6fd1c2761b582cda90883e5ff94\"","cache-control":"public, max-age=31536000","vary":"Accept-Encoding","content-encoding":"br"},"statusCode":200,"responseTime":"2ms"},"msg":"","time":"2026-03-03T21:39:57.342Z","v":0}
{"name":"Log","hostname":"a275c7126250","pid":1,"level":30,"version":"6.19.4","req":{"meta":{"requestId":"826a61ca-6a1f-40d6-b93c-a6249deac6ac","userId":null},"url":"/public/member-attribution.min.js?v=f6325171dd","method":"GET","originalUrl":"/public/member-attribution.min.js?v=f6325171dd","params":{},"headers":{"host":"localhost:2368","user-agent":"Mozilla/5.0 (Macintosh; Intel Mac OS X 10.15; rv:148.0) Gecko/20100101 Firefox/148.0","accept":"*/*","accept-language":"en-US,en;q=0.9","accept-encoding":"gzip, deflate, br, zstd","referer":"http://localhost:2368/","sec-gpc":"1","connection":"keep-alive","cookie":"**REDACTED**","sec-fetch-dest":"script","sec-fetch-mode":"no-cors","sec-fetch-site":"same-origin"},"query":{"v":"f6325171dd"}},"res":{"_headers":{"x-powered-by":"Express","content-type":"application/javascript","etag":"\"76d7f9c7c5c4b0f99bca6af29aaaa4df\"","cache-control":"public, max-age=31536000","vary":"Accept-Encoding","content-encoding":"br"},"statusCode":200,"responseTime":"2ms"},"msg":"","time":"2026-03-03T21:39:57.342Z","v":0}
{"name":"Log","hostname":"a275c7126250","pid":1,"level":30,"version":"6.19.4","req":{"meta":{"requestId":"5e0aa4be-8b19-4756-bb59-bb1305da0091","userId":null},"url":"/api/member/","method":"GET","originalUrl":"/members/api/member/","params":{},"headers":{"host":"localhost:2368","user-agent":"Mozilla/5.0 (Macintosh; Intel Mac OS X 10.15; rv:148.0) Gecko/20100101 Firefox/148.0","accept":"*/*","accept-language":"en-US,en;q=0.9","accept-encoding":"gzip, deflate, br, zstd","referer":"http://localhost:2368/","sec-gpc":"1","connection":"keep-alive","cookie":"**REDACTED**","sec-fetch-dest":"empty","sec-fetch-mode":"cors","sec-fetch-site":"same-origin","priority":"u=4"},"query":{}},"res":{"_headers":{"x-powered-by":"Express","cache-control":"no-cache, private, no-store, must-revalidate, max-stale=0, post-check=0, pre-check=0","access-control-allow-origin":"*"},"statusCode":204,"responseTime":"1ms"},"msg":"","time":"2026-03-03T21:39:57.430Z","v":0}
{"name":"Log","hostname":"a275c7126250","pid":1,"level":30,"version":"6.19.4","req":{"meta":{"requestId":"9cd19e73-d58b-49dc-85b5-fbec717bd7c1","userId":null},"url":"/tiers/?limit=100&include=monthly_price%2Cyearly_price%2Cbenefits&key=9b6b47e860c80342be94a5ae88","method":"GET","originalUrl":"/ghost/api/content/tiers/?limit=100&include=monthly_price%2Cyearly_price%2Cbenefits&key=9b6b47e860c80342be94a5ae88","params":{},"headers":{"host":"localhost:2368","user-agent":"Mozilla/5.0 (Macintosh; Intel Mac OS X 10.15; rv:148.0) Gecko/20100101 Firefox/148.0","accept":"*/*","accept-language":"en-US,en;q=0.9","accept-encoding":"gzip, deflate, br, zstd","referer":"http://localhost:2368/","content-type":"application/json","sec-gpc":"1","connection":"keep-alive","cookie":"**REDACTED**","sec-fetch-dest":"empty","sec-fetch-mode":"cors","sec-fetch-site":"same-origin","priority":"u=4"},"query":{"limit":"100","include":"monthly_price,yearly_price,benefits","key":"**REDACTED**"}},"res":{"_headers":{"x-powered-by":"Express","content-version":"v6.19","vary":"Accept-Version, Accept-Encoding","cache-control":"public, max-age=0","access-control-allow-origin":"*","content-type":"application/json; charset=utf-8","content-length":"699","etag":"W/\"2bb-xU7jy7Oz6ZFrL9bBMaor3tIAoU4\""},"statusCode":200,"responseTime":"17ms"},"msg":"","time":"2026-03-03T21:39:57.462Z","v":0}
{"name":"Log","hostname":"a275c7126250","pid":1,"level":30,"version":"6.19.4","req":{"meta":{"requestId":"64dd44b9-70b8-41b7-8b5c-430f9079242c","userId":null},"url":"/settings/?key=9b6b47e860c80342be94a5ae88","method":"GET","originalUrl":"/ghost/api/content/settings/?key=9b6b47e860c80342be94a5ae88","params":{},"headers":{"host":"localhost:2368","user-agent":"Mozilla/5.0 (Macintosh; Intel Mac OS X 10.15; rv:148.0) Gecko/20100101 Firefox/148.0","accept":"*/*","accept-language":"en-US,en;q=0.9","accept-encoding":"gzip, deflate, br, zstd","referer":"http://localhost:2368/","content-type":"application/json","sec-gpc":"1","connection":"keep-alive","cookie":"**REDACTED**","sec-fetch-dest":"empty","sec-fetch-mode":"cors","sec-fetch-site":"same-origin","priority":"u=4"},"query":{"key":"**REDACTED**"}},"res":{"_headers":{"x-powered-by":"Express","content-version":"v6.19","vary":"Accept-Version, Accept-Encoding","cache-control":"public, max-age=0","access-control-allow-origin":"*","content-type":"application/json; charset=utf-8","etag":"W/\"74d-zW/+/FgpqxEel8MiWwu13+Ng08s\"","content-encoding":"br"},"statusCode":200,"responseTime":"22ms"},"msg":"","time":"2026-03-03T21:39:57.463Z","v":0}
{"name":"Log","hostname":"a275c7126250","pid":1,"level":30,"version":"6.19.4","req":{"meta":{"requestId":"da2d353e-e20a-496e-89b2-ca81131959ac","userId":null},"url":"/newsletters/?limit=100&key=9b6b47e860c80342be94a5ae88","method":"GET","originalUrl":"/ghost/api/content/newsletters/?limit=100&key=9b6b47e860c80342be94a5ae88","params":{},"headers":{"host":"localhost:2368","user-agent":"Mozilla/5.0 (Macintosh; Intel Mac OS X 10.15; rv:148.0) Gecko/20100101 Firefox/148.0","accept":"*/*","accept-language":"en-US,en;q=0.9","accept-encoding":"gzip, deflate, br, zstd","referer":"http://localhost:2368/","content-type":"application/json","sec-gpc":"1","connection":"keep-alive","cookie":"**REDACTED**","sec-fetch-dest":"empty","sec-fetch-mode":"cors","sec-fetch-site":"same-origin","priority":"u=4"},"query":{"limit":"100","key":"**REDACTED**"}},"res":{"_headers":{"x-powered-by":"Express","content-version":"v6.19","vary":"Accept-Version, Accept-Encoding","cache-control":"public, max-age=0","access-control-allow-origin":"*","content-type":"application/json; charset=utf-8","content-length":"417","etag":"W/\"1a1-n3RLIl7fbJc7TXxm6szZLvPS5dc\""},"statusCode":200,"responseTime":"20ms"},"msg":"","time":"2026-03-03T21:39:57.463Z","v":0}
{"name":"Log","hostname":"a275c7126250","pid":1,"level":30,"version":"6.19.4","req":{"meta":{"requestId":"84baeb63-6c79-45f6-965e-2634e1f8caf8","userId":null},"url":"/favicon.ico","method":"GET","originalUrl":"/favicon.ico","params":{"0":"ico"},"headers":{"host":"localhost:2368","user-agent":"Mozilla/5.0 (Macintosh; Intel Mac OS X 10.15; rv:148.0) Gecko/20100101 Firefox/148.0","accept":"image/avif,image/jxl,image/webp,image/png,image/svg+xml,image/*;q=0.8,*/*;q=0.5","accept-language":"en-US,en;q=0.9","accept-encoding":"gzip, deflate, br, zstd","referer":"http://localhost:2368/","sec-gpc":"1","connection":"keep-alive","cookie":"**REDACTED**","sec-fetch-dest":"image","sec-fetch-mode":"no-cors","sec-fetch-site":"same-origin","priority":"u=6"},"query":{}},"res":{"_headers":{"x-powered-by":"Express","content-type":"image/x-icon","etag":"\"a9c6dbdcdc3ae568f4e0dad92149a0e3\"","cache-control":"public, max-age=86400","vary":"Accept-Encoding","content-encoding":"br"},"statusCode":200,"responseTime":"2ms"},"msg":"","time":"2026-03-03T21:39:57.468Z","v":0}
{"name":"Log","hostname":"a275c7126250","pid":1,"level":30,"version":"6.19.4","req":{"meta":{"requestId":"69c17c84-50bb-4719-8c0f-442c3fdbd960","userId":"69a74bc62ef78a0001b0912c"},"url":"/pages/?formats=mobiledoc%2Clexical&limit=30&page=1&allFilter=status%3A%5Bdraft%2Cscheduled%2Cpublished%2Csent%5D&order=published_at%20desc&filter=status%3Ascheduled","method":"GET","originalUrl":"/ghost/api/admin/pages/?formats=mobiledoc%2Clexical&limit=30&page=1&allFilter=status%3A%5Bdraft%2Cscheduled%2Cpublished%2Csent%5D&order=published_at%20desc&filter=status%3Ascheduled","params":{},"headers":{"host":"localhost:2368","user-agent":"Mozilla/5.0 (Macintosh; Intel Mac OS X 10.15; rv:148.0) Gecko/20100101 Firefox/148.0","accept":"application/json, text/javascript, */*; q=0.01","accept-language":"en-US,en;q=0.9","accept-encoding":"gzip, deflate, br, zstd","content-type":"application/json; charset=UTF-8","app-pragma":"no-cache","x-requested-with":"XMLHttpRequest","sec-gpc":"1","connection":"keep-alive","referer":"http://localhost:2368/ghost/","cookie":"**REDACTED**","sec-fetch-dest":"empty","sec-fetch-mode":"cors","sec-fetch-site":"same-origin","priority":"u=0"},"query":{"formats":"mobiledoc,lexical","limit":"30","page":"1","allFilter":"status:[draft,scheduled,published,sent]","order":"published_at desc","filter":"status:scheduled"}},"res":{"_headers":{"x-powered-by":"Express","content-version":"v6.19","vary":"Accept-Version, Accept-Encoding","cache-control":"no-cache, private, no-store, must-revalidate, max-stale=0, post-check=0, pre-check=0","content-type":"application/json; charset=utf-8","content-length":"100","etag":"W/\"64-Sob9W3UE22w25wetuyhNCQVZMNI\""},"statusCode":200,"responseTime":"42ms"},"msg":"","time":"2026-03-03T21:40:00.884Z","v":0}
{"name":"Log","hostname":"a275c7126250","pid":1,"level":30,"version":"6.19.4","req":{"meta":{"requestId":"3614f37c-f191-45ba-9d45-867ec2167211","userId":"69a74bc62ef78a0001b0912c"},"url":"/pages/?formats=mobiledoc%2Clexical&limit=30&page=1&allFilter=status%3A%5Bdraft%2Cscheduled%2Cpublished%2Csent%5D&order=updated_at%20desc&filter=status%3Adraft","method":"GET","originalUrl":"/ghost/api/admin/pages/?formats=mobiledoc%2Clexical&limit=30&page=1&allFilter=status%3A%5Bdraft%2Cscheduled%2Cpublished%2Csent%5D&order=updated_at%20desc&filter=status%3Adraft","params":{},"headers":{"host":"localhost:2368","user-agent":"Mozilla/5.0 (Macintosh; Intel Mac OS X 10.15; rv:148.0) Gecko/20100101 Firefox/148.0","accept":"application/json, text/javascript, */*; q=0.01","accept-language":"en-US,en;q=0.9","accept-encoding":"gzip, deflate, br, zstd","content-type":"application/json; charset=UTF-8","app-pragma":"no-cache","x-requested-with":"XMLHttpRequest","sec-gpc":"1","connection":"keep-alive","referer":"http://localhost:2368/ghost/","cookie":"**REDACTED**","sec-fetch-dest":"empty","sec-fetch-mode":"cors","sec-fetch-site":"same-origin","priority":"u=0"},"query":{"formats":"mobiledoc,lexical","limit":"30","page":"1","allFilter":"status:[draft,scheduled,published,sent]","order":"updated_at desc","filter":"status:draft"}},"res":{"_headers":{"x-powered-by":"Express","content-version":"v6.19","vary":"Accept-Version, Accept-Encoding","cache-control":"no-cache, private, no-store, must-revalidate, max-stale=0, post-check=0, pre-check=0","content-type":"application/json; charset=utf-8","content-length":"100","etag":"W/\"64-Sob9W3UE22w25wetuyhNCQVZMNI\""},"statusCode":200,"responseTime":"41ms"},"msg":"","time":"2026-03-03T21:40:00.887Z","v":0}
{"name":"Log","hostname":"a275c7126250","pid":1,"level":30,"version":"6.19.4","req":{"meta":{"requestId":"e45576b9-e105-4631-a832-062f006e324e","userId":"69a74bc62ef78a0001b0912c"},"url":"/pages/?formats=mobiledoc%2Clexical&limit=30&page=1&allFilter=status%3A%5Bdraft%2Cscheduled%2Cpublished%2Csent%5D&order=published_at%20desc&filter=status%3A%5Bpublished%2Csent%5D","method":"GET","originalUrl":"/ghost/api/admin/pages/?formats=mobiledoc%2Clexical&limit=30&page=1&allFilter=status%3A%5Bdraft%2Cscheduled%2Cpublished%2Csent%5D&order=published_at%20desc&filter=status%3A%5Bpublished%2Csent%5D","params":{},"headers":{"host":"localhost:2368","user-agent":"Mozilla/5.0 (Macintosh; Intel Mac OS X 10.15; rv:148.0) Gecko/20100101 Firefox/148.0","accept":"application/json, text/javascript, */*; q=0.01","accept-language":"en-US,en;q=0.9","accept-encoding":"gzip, deflate, br, zstd","content-type":"application/json; charset=UTF-8","app-pragma":"no-cache","x-requested-with":"XMLHttpRequest","sec-gpc":"1","connection":"keep-alive","referer":"http://localhost:2368/ghost/","cookie":"**REDACTED**","sec-fetch-dest":"empty","sec-fetch-mode":"cors","sec-fetch-site":"same-origin","priority":"u=0"},"query":{"formats":"mobiledoc,lexical","limit":"30","page":"1","allFilter":"status:[draft,scheduled,published,sent]","order":"published_at desc","filter":"status:[published,sent]"}},"res":{"_headers":{"x-powered-by":"Express","content-version":"v6.19","vary":"Accept-Version, Accept-Encoding","cache-control":"no-cache, private, no-store, must-revalidate, max-stale=0, post-check=0, pre-check=0","content-type":"application/json; charset=utf-8","etag":"W/\"2067-GJudqoq+iT0liZdUP3+n6ptKf4o\"","content-encoding":"br"},"statusCode":200,"responseTime":"47ms"},"msg":"","time":"2026-03-03T21:40:00.892Z","v":0}
{"name":"Log","hostname":"a275c7126250","pid":1,"level":30,"version":"6.19.4","req":{"meta":{"requestId":"86182f74-c54a-454d-aa13-c1eea2b2d6ce","userId":"69a74bc62ef78a0001b0912c"},"url":"/stats/posts-member-counts/","method":"POST","originalUrl":"/ghost/api/admin/stats/posts-member-counts/","params":{},"headers":{"host":"localhost:2368","user-agent":"Mozilla/5.0 (Macintosh; Intel Mac OS X 10.15; rv:148.0) Gecko/20100101 Firefox/148.0","accept":"application/json, text/javascript, */*; q=0.01","accept-language":"en-US,en;q=0.9","accept-encoding":"gzip, deflate, br, zstd","content-type":"application/json","app-pragma":"no-cache","x-requested-with":"XMLHttpRequest","content-length":"40","origin":"http://localhost:2368","sec-gpc":"1","connection":"keep-alive","referer":"http://localhost:2368/ghost/","cookie":"**REDACTED**","sec-fetch-dest":"empty","sec-fetch-mode":"cors","sec-fetch-site":"same-origin"},"query":{}},"res":{"_headers":{"x-powered-by":"Express","content-version":"v6.19","vary":"Accept-Version, Origin, Accept-Encoding","cache-control":"no-cache, private, no-store, must-revalidate, max-stale=0, post-check=0, pre-check=0","access-control-allow-origin":"http://localhost:2368","content-type":"application/json; charset=utf-8","content-length":"76","etag":"W/\"4c-YGa3Ywal/HHoacHs4tQ1fhAagkw\""},"statusCode":200,"responseTime":"17ms"},"msg":"","time":"2026-03-03T21:40:01.375Z","v":0}
{"name":"Log","hostname":"a275c7126250","pid":1,"level":30,"version":"6.19.4","req":{"meta":{"requestId":"8de836f7-525e-45d6-8c50-7820466df091","userId":null},"url":"/?v=1772574008622","method":"GET","originalUrl":"/?v=1772574008622","params":{},"headers":{"host":"localhost:2368","user-agent":"Mozilla/5.0 (Macintosh; Intel Mac OS X 10.15; rv:148.0) Gecko/20100101 Firefox/148.0","accept":"text/html,application/xhtml+xml,application/xml;q=0.9,*/*;q=0.8","accept-language":"en-US,en;q=0.9","accept-encoding":"gzip, deflate, br, zstd","sec-gpc":"1","connection":"keep-alive","referer":"http://localhost:2368/ghost/","cookie":"**REDACTED**","upgrade-insecure-requests":"1","sec-fetch-dest":"iframe","sec-fetch-mode":"navigate","sec-fetch-site":"same-origin","priority":"u=4"},"query":{"v":"1772574008622"}},"res":{"_headers":{"x-powered-by":"Express","cache-control":"public, max-age=0","content-type":"text/html; charset=utf-8","etag":"W/\"43fe-ZYYJhUOa3cy8wP8eDkobzpRccbc\"","vary":"Accept-Encoding","content-encoding":"br"},"statusCode":200,"responseTime":"43ms"},"msg":"","time":"2026-03-03T21:40:08.681Z","v":0}
{"name":"Log","hostname":"a275c7126250","pid":1,"level":30,"version":"6.19.4","req":{"meta":{"requestId":"71be1640-3e26-42f4-bec3-85f8b76efe6f","userId":null},"url":"/assets/fonts/inter-roman.woff2?v=f6325171dd","method":"GET","originalUrl":"/assets/fonts/inter-roman.woff2?v=f6325171dd","params":{},"headers":{"host":"localhost:2368","user-agent":"Mozilla/5.0 (Macintosh; Intel Mac OS X 10.15; rv:148.0) Gecko/20100101 Firefox/148.0","accept":"application/font-woff2;q=1.0,application/font-woff;q=0.9,*/*;q=0.8","accept-language":"en-US,en;q=0.9","accept-encoding":"gzip, deflate, br, zstd","referer":"http://localhost:2368/?v=1772574008622","sec-gpc":"1","connection":"keep-alive","cookie":"**REDACTED**","sec-fetch-dest":"font","sec-fetch-mode":"cors","sec-fetch-site":"same-origin","priority":"u=2"},"query":{"v":"f6325171dd"}},"res":{"_headers":{"x-powered-by":"Express","accept-ranges":"bytes","cache-control":"public, max-age=0","last-modified":"Sat, 26 Oct 1985 08:15:00 GMT","etag":"W/\"9394-7438674ba0\"","content-type":"font/woff2","content-length":37780},"statusCode":200,"responseTime":"2ms"},"msg":"","time":"2026-03-03T21:40:08.688Z","v":0}
{"name":"Log","hostname":"a275c7126250","pid":1,"level":30,"version":"6.19.4","req":{"meta":{"requestId":"60a08d88-797c-4079-9cca-d0cdd09de127","userId":null},"url":"/assets/built/screen.css?v=f6325171dd","method":"GET","originalUrl":"/assets/built/screen.css?v=f6325171dd","params":{},"headers":{"host":"localhost:2368","user-agent":"Mozilla/5.0 (Macintosh; Intel Mac OS X 10.15; rv:148.0) Gecko/20100101 Firefox/148.0","accept":"text/css,*/*;q=0.1","accept-language":"en-US,en;q=0.9","accept-encoding":"gzip, deflate, br, zstd","sec-gpc":"1","connection":"keep-alive","referer":"http://localhost:2368/?v=1772574008622","cookie":"**REDACTED**","sec-fetch-dest":"style","sec-fetch-mode":"no-cors","sec-fetch-site":"same-origin","priority":"u=0"},"query":{"v":"f6325171dd"}},"res":{"_headers":{"x-powered-by":"Express","accept-ranges":"bytes","cache-control":"public, max-age=0","last-modified":"Sat, 26 Oct 1985 08:15:00 GMT","etag":"W/\"d1bb-7438674ba0\"","content-type":"text/css; charset=UTF-8","vary":"Accept-Encoding","content-encoding":"br"},"statusCode":200,"responseTime":"4ms"},"msg":"","time":"2026-03-03T21:40:08.689Z","v":0}
{"name":"Log","hostname":"a275c7126250","pid":1,"level":30,"version":"6.19.4","req":{"meta":{"requestId":"1c4cedc9-467c-4052-871f-4e4542591f6b","userId":null},"url":"/assets/built/source.js?v=f6325171dd","method":"GET","originalUrl":"/assets/built/source.js?v=f6325171dd","params":{},"headers":{"host":"localhost:2368","user-agent":"Mozilla/5.0 (Macintosh; Intel Mac OS X 10.15; rv:148.0) Gecko/20100101 Firefox/148.0","accept":"*/*","accept-language":"en-US,en;q=0.9","accept-encoding":"gzip, deflate, br, zstd","sec-gpc":"1","connection":"keep-alive","referer":"http://localhost:2368/?v=1772574008622","cookie":"**REDACTED**","sec-fetch-dest":"script","sec-fetch-mode":"no-cors","sec-fetch-site":"same-origin","priority":"u=1"},"query":{"v":"f6325171dd"}},"res":{"_headers":{"x-powered-by":"Express","accept-ranges":"bytes","cache-control":"public, max-age=0","last-modified":"Sat, 26 Oct 1985 08:15:00 GMT","etag":"W/\"cde1-7438674ba0\"","content-type":"application/javascript; charset=UTF-8","vary":"Accept-Encoding","content-encoding":"br"},"statusCode":200,"responseTime":"4ms"},"msg":"","time":"2026-03-03T21:40:08.691Z","v":0}
{"name":"Log","hostname":"a275c7126250","pid":1,"level":30,"version":"6.19.4","req":{"meta":{"requestId":"c1ec1590-4023-4737-8801-8a252641a4cf","userId":null},"url":"/public/cards.min.js?v=f6325171dd","method":"GET","originalUrl":"/public/cards.min.js?v=f6325171dd","params":{},"headers":{"host":"localhost:2368","user-agent":"Mozilla/5.0 (Macintosh; Intel Mac OS X 10.15; rv:148.0) Gecko/20100101 Firefox/148.0","accept":"*/*","accept-language":"en-US,en;q=0.9","accept-encoding":"gzip, deflate, br, zstd","referer":"http://localhost:2368/?v=1772574008622","sec-gpc":"1","connection":"keep-alive","cookie":"**REDACTED**","sec-fetch-dest":"script","sec-fetch-mode":"no-cors","sec-fetch-site":"same-origin"},"query":{"v":"f6325171dd"}},"res":{"_headers":{"x-powered-by":"Express","content-type":"application/javascript","etag":"\"91fcf6fd1c2761b582cda90883e5ff94\"","cache-control":"public, max-age=31536000","vary":"Accept-Encoding","content-encoding":"br"},"statusCode":200,"responseTime":"1ms"},"msg":"","time":"2026-03-03T21:40:08.693Z","v":0}
{"name":"Log","hostname":"a275c7126250","pid":1,"level":30,"version":"6.19.4","req":{"meta":{"requestId":"53f4f04d-d7ee-4738-ad69-3c637c6334e3","userId":null},"url":"/public/cards.min.css?v=f6325171dd","method":"GET","originalUrl":"/public/cards.min.css?v=f6325171dd","params":{},"headers":{"host":"localhost:2368","user-agent":"Mozilla/5.0 (Macintosh; Intel Mac OS X 10.15; rv:148.0) Gecko/20100101 Firefox/148.0","accept":"text/css,*/*;q=0.1","accept-language":"en-US,en;q=0.9","accept-encoding":"gzip, deflate, br, zstd","referer":"http://localhost:2368/?v=1772574008622","sec-gpc":"1","connection":"keep-alive","cookie":"**REDACTED**","sec-fetch-dest":"style","sec-fetch-mode":"no-cors","sec-fetch-site":"same-origin","priority":"u=2"},"query":{"v":"f6325171dd"}},"res":{"_headers":{"x-powered-by":"Express","content-type":"text/css","etag":"\"781668c539d7a83eb1aa862009ffeb96\"","cache-control":"public, max-age=31536000","vary":"Accept-Encoding","content-encoding":"br"},"statusCode":200,"responseTime":"3ms"},"msg":"","time":"2026-03-03T21:40:08.694Z","v":0}
{"name":"Log","hostname":"a275c7126250","pid":1,"level":30,"version":"6.19.4","req":{"meta":{"requestId":"edf0e113-a981-4a9c-989c-508042476bbe","userId":null},"url":"/public/member-attribution.min.js?v=f6325171dd","method":"GET","originalUrl":"/public/member-attribution.min.js?v=f6325171dd","params":{},"headers":{"host":"localhost:2368","user-agent":"Mozilla/5.0 (Macintosh; Intel Mac OS X 10.15; rv:148.0) Gecko/20100101 Firefox/148.0","accept":"*/*","accept-language":"en-US,en;q=0.9","accept-encoding":"gzip, deflate, br, zstd","referer":"http://localhost:2368/?v=1772574008622","sec-gpc":"1","connection":"keep-alive","cookie":"**REDACTED**","sec-fetch-dest":"script","sec-fetch-mode":"no-cors","sec-fetch-site":"same-origin"},"query":{"v":"f6325171dd"}},"res":{"_headers":{"x-powered-by":"Express","content-type":"application/javascript","etag":"\"76d7f9c7c5c4b0f99bca6af29aaaa4df\"","cache-control":"public, max-age=31536000","vary":"Accept-Encoding","content-encoding":"br"},"statusCode":200,"responseTime":"3ms"},"msg":"","time":"2026-03-03T21:40:08.694Z","v":0}
{"name":"Log","hostname":"a275c7126250","pid":1,"level":30,"version":"6.19.4","req":{"meta":{"requestId":"626a31e5-7e03-4c3d-bb27-d20b3407ab96","userId":null},"url":"/api/member/","method":"GET","originalUrl":"/members/api/member/","params":{},"headers":{"host":"localhost:2368","user-agent":"Mozilla/5.0 (Macintosh; Intel Mac OS X 10.15; rv:148.0) Gecko/20100101 Firefox/148.0","accept":"*/*","accept-language":"en-US,en;q=0.9","accept-encoding":"gzip, deflate, br, zstd","referer":"http://localhost:2368/?v=1772574008622","sec-gpc":"1","connection":"keep-alive","cookie":"**REDACTED**","sec-fetch-dest":"empty","sec-fetch-mode":"cors","sec-fetch-site":"same-origin","priority":"u=4"},"query":{}},"res":{"_headers":{"x-powered-by":"Express","cache-control":"no-cache, private, no-store, must-revalidate, max-stale=0, post-check=0, pre-check=0","access-control-allow-origin":"*"},"statusCode":204,"responseTime":"1ms"},"msg":"","time":"2026-03-03T21:40:08.804Z","v":0}
{"name":"Log","hostname":"a275c7126250","pid":1,"level":30,"version":"6.19.4","req":{"meta":{"requestId":"62683dbe-18b4-46e5-a63b-9c8ac39d850d","userId":null},"url":"/tiers/?limit=100&include=monthly_price%2Cyearly_price%2Cbenefits&key=9b6b47e860c80342be94a5ae88","method":"GET","originalUrl":"/ghost/api/content/tiers/?limit=100&include=monthly_price%2Cyearly_price%2Cbenefits&key=9b6b47e860c80342be94a5ae88","params":{},"headers":{"host":"localhost:2368","user-agent":"Mozilla/5.0 (Macintosh; Intel Mac OS X 10.15; rv:148.0) Gecko/20100101 Firefox/148.0","accept":"*/*","accept-language":"en-US,en;q=0.9","accept-encoding":"gzip, deflate, br, zstd","referer":"http://localhost:2368/?v=1772574008622","content-type":"application/json","sec-gpc":"1","connection":"keep-alive","cookie":"**REDACTED**","sec-fetch-dest":"empty","sec-fetch-mode":"cors","sec-fetch-site":"same-origin","priority":"u=4"},"query":{"limit":"100","include":"monthly_price,yearly_price,benefits","key":"**REDACTED**"}},"res":{"_headers":{"x-powered-by":"Express","content-version":"v6.19","vary":"Accept-Version, Accept-Encoding","cache-control":"public, max-age=0","access-control-allow-origin":"*","content-type":"application/json; charset=utf-8","content-length":"699","etag":"W/\"2bb-xU7jy7Oz6ZFrL9bBMaor3tIAoU4\""},"statusCode":200,"responseTime":"10ms"},"msg":"","time":"2026-03-03T21:40:08.819Z","v":0}
{"name":"Log","hostname":"a275c7126250","pid":1,"level":30,"version":"6.19.4","req":{"meta":{"requestId":"00b2f55e-eb57-4ef9-983a-7c4584439fba","userId":null},"url":"/settings/?key=9b6b47e860c80342be94a5ae88","method":"GET","originalUrl":"/ghost/api/content/settings/?key=9b6b47e860c80342be94a5ae88","params":{},"headers":{"host":"localhost:2368","user-agent":"Mozilla/5.0 (Macintosh; Intel Mac OS X 10.15; rv:148.0) Gecko/20100101 Firefox/148.0","accept":"*/*","accept-language":"en-US,en;q=0.9","accept-encoding":"gzip, deflate, br, zstd","referer":"http://localhost:2368/?v=1772574008622","content-type":"application/json","sec-gpc":"1","connection":"keep-alive","cookie":"**REDACTED**","sec-fetch-dest":"empty","sec-fetch-mode":"cors","sec-fetch-site":"same-origin","priority":"u=4"},"query":{"key":"**REDACTED**"}},"res":{"_headers":{"x-powered-by":"Express","content-version":"v6.19","vary":"Accept-Version, Accept-Encoding","cache-control":"public, max-age=0","access-control-allow-origin":"*","content-type":"application/json; charset=utf-8","etag":"W/\"74d-zW/+/FgpqxEel8MiWwu13+Ng08s\"","content-encoding":"br"},"statusCode":200,"responseTime":"16ms"},"msg":"","time":"2026-03-03T21:40:08.822Z","v":0}
{"name":"Log","hostname":"a275c7126250","pid":1,"level":30,"version":"6.19.4","req":{"meta":{"requestId":"26466eb1-c7c9-44ff-8142-202dd9caf151","userId":null},"url":"/newsletters/?limit=100&key=9b6b47e860c80342be94a5ae88","method":"GET","originalUrl":"/ghost/api/content/newsletters/?limit=100&key=9b6b47e860c80342be94a5ae88","params":{},"headers":{"host":"localhost:2368","user-agent":"Mozilla/5.0 (Macintosh; Intel Mac OS X 10.15; rv:148.0) Gecko/20100101 Firefox/148.0","accept":"*/*","accept-language":"en-US,en;q=0.9","accept-encoding":"gzip, deflate, br, zstd","referer":"http://localhost:2368/?v=1772574008622","content-type":"application/json","sec-gpc":"1","connection":"keep-alive","cookie":"**REDACTED**","sec-fetch-dest":"empty","sec-fetch-mode":"cors","sec-fetch-site":"same-origin","priority":"u=4"},"query":{"limit":"100","key":"**REDACTED**"}},"res":{"_headers":{"x-powered-by":"Express","content-version":"v6.19","vary":"Accept-Version, Accept-Encoding","cache-control":"public, max-age=0","access-control-allow-origin":"*","content-type":"application/json; charset=utf-8","content-length":"417","etag":"W/\"1a1-n3RLIl7fbJc7TXxm6szZLvPS5dc\""},"statusCode":200,"responseTime":"17ms"},"msg":"","time":"2026-03-03T21:40:08.825Z","v":0}
{"name":"Log","hostname":"a275c7126250","pid":1,"level":30,"version":"6.19.4","req":{"meta":{"requestId":"0b6681a1-6fc9-4891-8c70-986dc0abd3b9","userId":"69a74bc62ef78a0001b0912c"},"url":"/pages/?formats=mobiledoc%2Clexical&limit=30&page=1&allFilter=status%3A%5Bdraft%2Cscheduled%2Cpublished%2Csent%5D&order=published_at%20desc&filter=status%3Ascheduled","method":"GET","originalUrl":"/ghost/api/admin/pages/?formats=mobiledoc%2Clexical&limit=30&page=1&allFilter=status%3A%5Bdraft%2Cscheduled%2Cpublished%2Csent%5D&order=published_at%20desc&filter=status%3Ascheduled","params":{},"headers":{"host":"localhost:2368","user-agent":"Mozilla/5.0 (Macintosh; Intel Mac OS X 10.15; rv:148.0) Gecko/20100101 Firefox/148.0","accept":"application/json, text/javascript, */*; q=0.01","accept-language":"en-US,en;q=0.9","accept-encoding":"gzip, deflate, br, zstd","content-type":"application/json; charset=UTF-8","app-pragma":"no-cache","x-requested-with":"XMLHttpRequest","sec-gpc":"1","connection":"keep-alive","referer":"http://localhost:2368/ghost/","cookie":"**REDACTED**","sec-fetch-dest":"empty","sec-fetch-mode":"cors","sec-fetch-site":"same-origin"},"query":{"formats":"mobiledoc,lexical","limit":"30","page":"1","allFilter":"status:[draft,scheduled,published,sent]","order":"published_at desc","filter":"status:scheduled"}},"res":{"_headers":{"x-powered-by":"Express","content-version":"v6.19","vary":"Accept-Version, Accept-Encoding","cache-control":"no-cache, private, no-store, must-revalidate, max-stale=0, post-check=0, pre-check=0","content-type":"application/json; charset=utf-8","content-length":"100","etag":"W/\"64-Sob9W3UE22w25wetuyhNCQVZMNI\""},"statusCode":200,"responseTime":"47ms"},"msg":"","time":"2026-03-03T21:40:14.732Z","v":0}
{"name":"Log","hostname":"a275c7126250","pid":1,"level":30,"version":"6.19.4","req":{"meta":{"requestId":"603be99f-8206-40b2-b9b0-04b5021a4ed6","userId":"69a74bc62ef78a0001b0912c"},"url":"/pages/?formats=mobiledoc%2Clexical&limit=30&page=1&allFilter=status%3A%5Bdraft%2Cscheduled%2Cpublished%2Csent%5D&order=updated_at%20desc&filter=status%3Adraft","method":"GET","originalUrl":"/ghost/api/admin/pages/?formats=mobiledoc%2Clexical&limit=30&page=1&allFilter=status%3A%5Bdraft%2Cscheduled%2Cpublished%2Csent%5D&order=updated_at%20desc&filter=status%3Adraft","params":{},"headers":{"host":"localhost:2368","user-agent":"Mozilla/5.0 (Macintosh; Intel Mac OS X 10.15; rv:148.0) Gecko/20100101 Firefox/148.0","accept":"application/json, text/javascript, */*; q=0.01","accept-language":"en-US,en;q=0.9","accept-encoding":"gzip, deflate, br, zstd","content-type":"application/json; charset=UTF-8","app-pragma":"no-cache","x-requested-with":"XMLHttpRequest","sec-gpc":"1","connection":"keep-alive","referer":"http://localhost:2368/ghost/","cookie":"**REDACTED**","sec-fetch-dest":"empty","sec-fetch-mode":"cors","sec-fetch-site":"same-origin"},"query":{"formats":"mobiledoc,lexical","limit":"30","page":"1","allFilter":"status:[draft,scheduled,published,sent]","order":"updated_at desc","filter":"status:draft"}},"res":{"_headers":{"x-powered-by":"Express","content-version":"v6.19","vary":"Accept-Version, Accept-Encoding","cache-control":"no-cache, private, no-store, must-revalidate, max-stale=0, post-check=0, pre-check=0","content-type":"application/json; charset=utf-8","content-length":"100","etag":"W/\"64-Sob9W3UE22w25wetuyhNCQVZMNI\""},"statusCode":200,"responseTime":"47ms"},"msg":"","time":"2026-03-03T21:40:14.738Z","v":0}
{"name":"Log","hostname":"a275c7126250","pid":1,"level":30,"version":"6.19.4","req":{"meta":{"requestId":"6ab490da-30e3-492a-8902-7d62adbaa33d","userId":"69a74bc62ef78a0001b0912c"},"url":"/pages/?formats=mobiledoc%2Clexical&limit=30&page=1&allFilter=status%3A%5Bdraft%2Cscheduled%2Cpublished%2Csent%5D&order=published_at%20desc&filter=status%3A%5Bpublished%2Csent%5D","method":"GET","originalUrl":"/ghost/api/admin/pages/?formats=mobiledoc%2Clexical&limit=30&page=1&allFilter=status%3A%5Bdraft%2Cscheduled%2Cpublished%2Csent%5D&order=published_at%20desc&filter=status%3A%5Bpublished%2Csent%5D","params":{},"headers":{"host":"localhost:2368","user-agent":"Mozilla/5.0 (Macintosh; Intel Mac OS X 10.15; rv:148.0) Gecko/20100101 Firefox/148.0","accept":"application/json, text/javascript, */*; q=0.01","accept-language":"en-US,en;q=0.9","accept-encoding":"gzip, deflate, br, zstd","content-type":"application/json; charset=UTF-8","app-pragma":"no-cache","x-requested-with":"XMLHttpRequest","sec-gpc":"1","connection":"keep-alive","referer":"http://localhost:2368/ghost/","cookie":"**REDACTED**","sec-fetch-dest":"empty","sec-fetch-mode":"cors","sec-fetch-site":"same-origin"},"query":{"formats":"mobiledoc,lexical","limit":"30","page":"1","allFilter":"status:[draft,scheduled,published,sent]","order":"published_at desc","filter":"status:[published,sent]"}},"res":{"_headers":{"x-powered-by":"Express","content-version":"v6.19","vary":"Accept-Version, Accept-Encoding","cache-control":"no-cache, private, no-store, must-revalidate, max-stale=0, post-check=0, pre-check=0","content-type":"application/json; charset=utf-8","etag":"W/\"2067-CZNDcKhBGW/A/w9wZR/VNfCwfHs\"","content-encoding":"br"},"statusCode":200,"responseTime":"47ms"},"msg":"","time":"2026-03-03T21:40:14.742Z","v":0}
{"name":"Log","hostname":"a275c7126250","pid":1,"level":30,"version":"6.19.4","req":{"meta":{"requestId":"d3d09cdf-ec78-4789-82bc-1c036d28a819","userId":"69a74bc62ef78a0001b0912c"},"url":"/stats/posts-member-counts/","method":"POST","originalUrl":"/ghost/api/admin/stats/posts-member-counts/","params":{},"headers":{"host":"localhost:2368","user-agent":"Mozilla/5.0 (Macintosh; Intel Mac OS X 10.15; rv:148.0) Gecko/20100101 Firefox/148.0","accept":"application/json, text/javascript, */*; q=0.01","accept-language":"en-US,en;q=0.9","accept-encoding":"gzip, deflate, br, zstd","content-type":"application/json","app-pragma":"no-cache","x-requested-with":"XMLHttpRequest","content-length":"40","origin":"http://localhost:2368","sec-gpc":"1","connection":"keep-alive","referer":"http://localhost:2368/ghost/","cookie":"**REDACTED**","sec-fetch-dest":"empty","sec-fetch-mode":"cors","sec-fetch-site":"same-origin"},"query":{}},"res":{"_headers":{"x-powered-by":"Express","content-version":"v6.19","vary":"Accept-Version, Origin, Accept-Encoding","cache-control":"no-cache, private, no-store, must-revalidate, max-stale=0, post-check=0, pre-check=0","access-control-allow-origin":"http://localhost:2368","content-type":"application/json; charset=utf-8","content-length":"76","etag":"W/\"4c-YGa3Ywal/HHoacHs4tQ1fhAagkw\""},"statusCode":200,"responseTime":"9ms"},"msg":"","time":"2026-03-03T21:40:14.757Z","v":0}
{"name":"Log","hostname":"a275c7126250","pid":1,"level":30,"version":"6.19.4","req":{"meta":{"requestId":"7a847277-b15c-4a05-85be-ef7198049863","userId":"69a74bc62ef78a0001b0912c"},"url":"/pages/69a74bc72ef78a0001b091be/?formats=mobiledoc%2Clexical&include=tags%2Cauthors%2Cauthors.roles%2Cemail%2Ctiers%2Cnewsletter%2Ccount.clicks%2Cpost_revisions%2Cpost_revisions.author","method":"GET","originalUrl":"/ghost/api/admin/pages/69a74bc72ef78a0001b091be/?formats=mobiledoc%2Clexical&include=tags%2Cauthors%2Cauthors.roles%2Cemail%2Ctiers%2Cnewsletter%2Ccount.clicks%2Cpost_revisions%2Cpost_revisions.author","params":{"id":"69a74bc72ef78a0001b091be"},"headers":{"host":"localhost:2368","user-agent":"Mozilla/5.0 (Macintosh; Intel Mac OS X 10.15; rv:148.0) Gecko/20100101 Firefox/148.0","accept":"application/json, text/javascript, */*; q=0.01","accept-language":"en-US,en;q=0.9","accept-encoding":"gzip, deflate, br, zstd","content-type":"application/json; charset=UTF-8","app-pragma":"no-cache","x-requested-with":"XMLHttpRequest","sec-gpc":"1","connection":"keep-alive","referer":"http://localhost:2368/ghost/","cookie":"**REDACTED**","sec-fetch-dest":"empty","sec-fetch-mode":"cors","sec-fetch-site":"same-origin","priority":"u=0"},"query":{"formats":"mobiledoc,lexical","include":"tags,authors,authors.roles,email,tiers,newsletter,count.clicks,post_revisions,post_revisions.author"}},"res":{"_headers":{"x-powered-by":"Express","content-version":"v6.19","vary":"Accept-Version, Accept-Encoding","cache-control":"no-cache, private, no-store, must-revalidate, max-stale=0, post-check=0, pre-check=0","content-type":"application/json; charset=utf-8","etag":"W/\"1fcc-nuZ2GEwqG6PqGi69dENlJySY8I4\"","content-encoding":"br"},"statusCode":200,"responseTime":"32ms"},"msg":"","time":"2026-03-03T21:40:20.380Z","v":0}
{"name":"Log","hostname":"a275c7126250","pid":1,"level":30,"version":"6.19.4","req":{"meta":{"requestId":"fd993cbd-4c01-4179-8b2b-e37aa018ebae","userId":"69a74bc62ef78a0001b0912c"},"url":"/snippets/?formats=mobiledoc%2Clexical&limit=100&page=1","method":"GET","originalUrl":"/ghost/api/admin/snippets/?formats=mobiledoc%2Clexical&limit=100&page=1","params":{},"headers":{"host":"localhost:2368","user-agent":"Mozilla/5.0 (Macintosh; Intel Mac OS X 10.15; rv:148.0) Gecko/20100101 Firefox/148.0","accept":"application/json, text/javascript, */*; q=0.01","accept-language":"en-US,en;q=0.9","accept-encoding":"gzip, deflate, br, zstd","content-type":"application/json; charset=UTF-8","app-pragma":"no-cache","x-requested-with":"XMLHttpRequest","sec-gpc":"1","connection":"keep-alive","referer":"http://localhost:2368/ghost/","cookie":"**REDACTED**","sec-fetch-dest":"empty","sec-fetch-mode":"cors","sec-fetch-site":"same-origin"},"query":{"formats":"mobiledoc,lexical","limit":"100","page":"1"}},"res":{"_headers":{"x-powered-by":"Express","content-version":"v6.19","vary":"Accept-Version, Accept-Encoding","cache-control":"no-cache, private, no-store, must-revalidate, max-stale=0, post-check=0, pre-check=0","content-type":"application/json; charset=utf-8","content-length":"104","etag":"W/\"68-PQvnVlsVE4Ua55qww4FCjDrft9Y\""},"statusCode":200,"responseTime":"30ms"},"msg":"","time":"2026-03-03T21:40:20.427Z","v":0}
{"name":"Log","hostname":"a275c7126250","pid":1,"level":30,"version":"6.19.4","req":{"meta":{"requestId":"8563ecd2-c388-4563-97ef-7cd1594e603d","userId":"69a74bc62ef78a0001b0912c"},"url":"/settings/?group=site%2Ctheme%2Cprivate%2Cmembers%2Cportal%2Cnewsletter%2Cemail%2Clabs%2Cslack%2Cunsplash%2Cviews%2Cfirstpromoter%2Ceditor%2Ccomments%2Canalytics%2Cannouncement%2Cpintura%2Cdonations%2Crecommendations%2Csecurity%2Csocial_web%2Cexplore","method":"GET","originalUrl":"/ghost/api/admin/settings/?group=site%2Ctheme%2Cprivate%2Cmembers%2Cportal%2Cnewsletter%2Cemail%2Clabs%2Cslack%2Cunsplash%2Cviews%2Cfirstpromoter%2Ceditor%2Ccomments%2Canalytics%2Cannouncement%2Cpintura%2Cdonations%2Crecommendations%2Csecurity%2Csocial_web%2Cexplore","params":{},"headers":{"host":"localhost:2368","user-agent":"Mozilla/5.0 (Macintosh; Intel Mac OS X 10.15; rv:148.0) Gecko/20100101 Firefox/148.0","accept":"application/json, text/javascript, */*; q=0.01","accept-language":"en-US,en;q=0.9","accept-encoding":"gzip, deflate, br, zstd","content-type":"application/json; charset=UTF-8","app-pragma":"no-cache","x-requested-with":"XMLHttpRequest","sec-gpc":"1","connection":"keep-alive","referer":"http://localhost:2368/ghost/","cookie":"**REDACTED**","sec-fetch-dest":"empty","sec-fetch-mode":"cors","sec-fetch-site":"same-origin"},"query":{"group":"site,theme,private,members,portal,newsletter,email,labs,slack,unsplash,views,firstpromoter,editor,comments,analytics,announcement,pintura,donations,recommendations,security,social_web,explore"}},"res":{"_headers":{"x-powered-by":"Express","content-version":"v6.19","vary":"Accept-Version, Accept-Encoding","cache-control":"no-cache, private, no-store, must-revalidate, max-stale=0, post-check=0, pre-check=0","content-type":"application/json; charset=utf-8","etag":"W/\"1280-dNq68c8DI4SeVYPWTz8mu5tKV8w\"","content-encoding":"br"},"statusCode":200,"responseTime":"37ms"},"msg":"","time":"2026-03-03T21:40:20.449Z","v":0}
{"name":"Log","hostname":"a275c7126250","pid":1,"level":30,"version":"6.19.4","req":{"meta":{"requestId":"8b49237f-b8d2-45b1-87c6-2b40ae59d6e8","userId":"69a74bc62ef78a0001b0912c"},"url":"/newsletters/?status=active&limit=100&include=count.active_members&page=1","method":"GET","originalUrl":"/ghost/api/admin/newsletters/?status=active&limit=100&include=count.active_members&page=1","params":{},"headers":{"host":"localhost:2368","user-agent":"Mozilla/5.0 (Macintosh; Intel Mac OS X 10.15; rv:148.0) Gecko/20100101 Firefox/148.0","accept":"application/json, text/javascript, */*; q=0.01","accept-language":"en-US,en;q=0.9","accept-encoding":"gzip, deflate, br, zstd","content-type":"application/json; charset=UTF-8","app-pragma":"no-cache","x-requested-with":"XMLHttpRequest","sec-gpc":"1","connection":"keep-alive","referer":"http://localhost:2368/ghost/","cookie":"**REDACTED**","sec-fetch-dest":"empty","sec-fetch-mode":"cors","sec-fetch-site":"same-origin"},"query":{"status":"active","limit":"100","include":"count.active_members","page":"1"}},"res":{"_headers":{"x-powered-by":"Express","content-version":"v6.19","vary":"Accept-Version, Accept-Encoding","cache-control":"no-cache, private, no-store, must-revalidate, max-stale=0, post-check=0, pre-check=0","content-type":"application/json; charset=utf-8","etag":"W/\"4da-y4ohOCeNKFEeKrnKOe3LZpwhyLQ\"","content-encoding":"br"},"statusCode":200,"responseTime":"35ms"},"msg":"","time":"2026-03-03T21:40:20.451Z","v":0}
{"name":"Log","hostname":"a275c7126250","pid":1,"level":30,"version":"6.19.4","req":{"meta":{"requestId":"4481caa0-3b9f-4f2b-9552-22be5747eb18","userId":"69a74bc62ef78a0001b0912c"},"url":"/newsletters/?status=active&limit=100&include=count.active_members&page=1","method":"GET","originalUrl":"/ghost/api/admin/newsletters/?status=active&limit=100&include=count.active_members&page=1","params":{},"headers":{"host":"localhost:2368","user-agent":"Mozilla/5.0 (Macintosh; Intel Mac OS X 10.15; rv:148.0) Gecko/20100101 Firefox/148.0","accept":"application/json, text/javascript, */*; q=0.01","accept-language":"en-US,en;q=0.9","accept-encoding":"gzip, deflate, br, zstd","content-type":"application/json; charset=UTF-8","app-pragma":"no-cache","x-requested-with":"XMLHttpRequest","sec-gpc":"1","connection":"keep-alive","referer":"http://localhost:2368/ghost/","cookie":"**REDACTED**","sec-fetch-dest":"empty","sec-fetch-mode":"cors","sec-fetch-site":"same-origin"},"query":{"status":"active","limit":"100","include":"count.active_members","page":"1"}},"res":{"_headers":{"x-powered-by":"Express","content-version":"v6.19","vary":"Accept-Version, Accept-Encoding","cache-control":"no-cache, private, no-store, must-revalidate, max-stale=0, post-check=0, pre-check=0","content-type":"application/json; charset=utf-8","etag":"W/\"4da-y4ohOCeNKFEeKrnKOe3LZpwhyLQ\"","content-encoding":"br"},"statusCode":200,"responseTime":"38ms"},"msg":"","time":"2026-03-03T21:40:20.458Z","v":0}
{"name":"Log","hostname":"a275c7126250","pid":1,"level":30,"version":"6.19.4","req":{"meta":{"requestId":"6364b3f8-411c-49c9-ac10-be50d97a5e64","userId":"69a74bc62ef78a0001b0912c"},"url":"/posts/?formats=mobiledoc%2Clexical&filter=status%3Apublished&fields=id%2Curl%2Ctitle%2Cvisibility%2Cpublished_at&order=published_at%20desc&limit=5","method":"GET","originalUrl":"/ghost/api/admin/posts/?formats=mobiledoc%2Clexical&filter=status%3Apublished&fields=id%2Curl%2Ctitle%2Cvisibility%2Cpublished_at&order=published_at%20desc&limit=5","params":{},"headers":{"host":"localhost:2368","user-agent":"Mozilla/5.0 (Macintosh; Intel Mac OS X 10.15; rv:148.0) Gecko/20100101 Firefox/148.0","accept":"application/json, text/javascript, */*; q=0.01","accept-language":"en-US,en;q=0.9","accept-encoding":"gzip, deflate, br, zstd","content-type":"application/json; charset=UTF-8","app-pragma":"no-cache","x-requested-with":"XMLHttpRequest","sec-gpc":"1","connection":"keep-alive","referer":"http://localhost:2368/ghost/","cookie":"**REDACTED**","sec-fetch-dest":"empty","sec-fetch-mode":"cors","sec-fetch-site":"same-origin"},"query":{"formats":"mobiledoc,lexical","filter":"status:published","fields":"id,url,title,visibility,published_at","order":"published_at desc","limit":"5"}},"res":{"_headers":{"x-powered-by":"Express","content-version":"v6.19","vary":"Accept-Version, Accept-Encoding","cache-control":"no-cache, private, no-store, must-revalidate, max-stale=0, post-check=0, pre-check=0","content-type":"application/json; charset=utf-8","content-length":"731","etag":"W/\"2db-37OJA/DUlE3uCwN7PNX4jI4bRRc\""},"statusCode":200,"responseTime":"27ms"},"msg":"","time":"2026-03-03T21:40:20.464Z","v":0}
{"name":"Log","hostname":"a275c7126250","pid":1,"level":30,"version":"6.19.4","req":{"meta":{"requestId":"e7533050-53f1-4beb-bb0d-54e84d8b11ed","userId":"69a74bc62ef78a0001b0912c"},"url":"/posts/?formats=mobiledoc%2Clexical&filter=status%3Apublished&fields=id%2Curl%2Ctitle%2Cvisibility%2Cpublished_at&order=published_at%20desc&limit=5","method":"GET","originalUrl":"/ghost/api/admin/posts/?formats=mobiledoc%2Clexical&filter=status%3Apublished&fields=id%2Curl%2Ctitle%2Cvisibility%2Cpublished_at&order=published_at%20desc&limit=5","params":{},"headers":{"host":"localhost:2368","user-agent":"Mozilla/5.0 (Macintosh; Intel Mac OS X 10.15; rv:148.0) Gecko/20100101 Firefox/148.0","accept":"application/json, text/javascript, */*; q=0.01","accept-language":"en-US,en;q=0.9","accept-encoding":"gzip, deflate, br, zstd","content-type":"application/json; charset=UTF-8","app-pragma":"no-cache","x-requested-with":"XMLHttpRequest","sec-gpc":"1","connection":"keep-alive","referer":"http://localhost:2368/ghost/","cookie":"**REDACTED**","sec-fetch-dest":"empty","sec-fetch-mode":"cors","sec-fetch-site":"same-origin"},"query":{"formats":"mobiledoc,lexical","filter":"status:published","fields":"id,url,title,visibility,published_at","order":"published_at desc","limit":"5"}},"res":{"_headers":{"x-powered-by":"Express","content-version":"v6.19","vary":"Accept-Version, Accept-Encoding","cache-control":"no-cache, private, no-store, must-revalidate, max-stale=0, post-check=0, pre-check=0","content-type":"application/json; charset=utf-8","content-length":"731","etag":"W/\"2db-37OJA/DUlE3uCwN7PNX4jI4bRRc\""},"statusCode":200,"responseTime":"31ms"},"msg":"","time":"2026-03-03T21:40:20.466Z","v":0}
{"name":"Log","hostname":"a275c7126250","pid":1,"level":30,"version":"6.19.4","req":{"meta":{"requestId":"aa132e12-6e7b-419e-8a0f-db80a385fb4a","userId":"69a74bc62ef78a0001b0912c"},"url":"/users/?limit=100&page=1&include=roles","method":"GET","originalUrl":"/ghost/api/admin/users/?limit=100&page=1&include=roles","params":{},"headers":{"host":"localhost:2368","user-agent":"Mozilla/5.0 (Macintosh; Intel Mac OS X 10.15; rv:148.0) Gecko/20100101 Firefox/148.0","accept":"application/json, text/javascript, */*; q=0.01","accept-language":"en-US,en;q=0.9","accept-encoding":"gzip, deflate, br, zstd","content-type":"application/json; charset=UTF-8","app-pragma":"no-cache","x-requested-with":"XMLHttpRequest","sec-gpc":"1","connection":"keep-alive","referer":"http://localhost:2368/ghost/","cookie":"**REDACTED**","sec-fetch-dest":"empty","sec-fetch-mode":"cors","sec-fetch-site":"same-origin","priority":"u=0"},"query":{"limit":"100","page":"1","include":"roles"}},"res":{"_headers":{"x-powered-by":"Express","content-version":"v6.19","vary":"Accept-Version, Accept-Encoding","cache-control":"no-cache, private, no-store, must-revalidate, max-stale=0, post-check=0, pre-check=0","content-type":"application/json; charset=utf-8","etag":"W/\"550-+aiQlvmAIpbFH3YH3s+QT+3OFe4\"","content-encoding":"br"},"statusCode":200,"responseTime":"24ms"},"msg":"","time":"2026-03-03T21:40:24.724Z","v":0}
{"name":"Log","hostname":"a275c7126250","pid":1,"level":30,"version":"6.19.4","req":{"meta":{"requestId":"1b4d8546-9b52-46c9-9d41-e0bcdb0ff5c4","userId":"69a74bc62ef78a0001b0912c"},"url":"/pages/?formats=mobiledoc%2Clexical&limit=30&page=1&allFilter=status%3A%5Bdraft%2Cscheduled%2Cpublished%2Csent%5D&order=published_at%20desc&filter=status%3Ascheduled","method":"GET","originalUrl":"/ghost/api/admin/pages/?formats=mobiledoc%2Clexical&limit=30&page=1&allFilter=status%3A%5Bdraft%2Cscheduled%2Cpublished%2Csent%5D&order=published_at%20desc&filter=status%3Ascheduled","params":{},"headers":{"host":"localhost:2368","user-agent":"Mozilla/5.0 (Macintosh; Intel Mac OS X 10.15; rv:148.0) Gecko/20100101 Firefox/148.0","accept":"application/json, text/javascript, */*; q=0.01","accept-language":"en-US,en;q=0.9","accept-encoding":"gzip, deflate, br, zstd","content-type":"application/json; charset=UTF-8","app-pragma":"no-cache","x-requested-with":"XMLHttpRequest","sec-gpc":"1","connection":"keep-alive","referer":"http://localhost:2368/ghost/","cookie":"**REDACTED**","sec-fetch-dest":"empty","sec-fetch-mode":"cors","sec-fetch-site":"same-origin","priority":"u=0"},"query":{"formats":"mobiledoc,lexical","limit":"30","page":"1","allFilter":"status:[draft,scheduled,published,sent]","order":"published_at desc","filter":"status:scheduled"}},"res":{"_headers":{"x-powered-by":"Express","content-version":"v6.19","vary":"Accept-Version, Accept-Encoding","cache-control":"no-cache, private, no-store, must-revalidate, max-stale=0, post-check=0, pre-check=0","content-type":"application/json; charset=utf-8","content-length":"100","etag":"W/\"64-Sob9W3UE22w25wetuyhNCQVZMNI\""},"statusCode":200,"responseTime":"44ms"},"msg":"","time":"2026-03-03T21:40:27.034Z","v":0}
{"name":"Log","hostname":"a275c7126250","pid":1,"level":30,"version":"6.19.4","req":{"meta":{"requestId":"8eef7012-08a4-466d-92aa-334185859a3d","userId":"69a74bc62ef78a0001b0912c"},"url":"/pages/?formats=mobiledoc%2Clexical&limit=30&page=1&allFilter=status%3A%5Bdraft%2Cscheduled%2Cpublished%2Csent%5D&order=updated_at%20desc&filter=status%3Adraft","method":"GET","originalUrl":"/ghost/api/admin/pages/?formats=mobiledoc%2Clexical&limit=30&page=1&allFilter=status%3A%5Bdraft%2Cscheduled%2Cpublished%2Csent%5D&order=updated_at%20desc&filter=status%3Adraft","params":{},"headers":{"host":"localhost:2368","user-agent":"Mozilla/5.0 (Macintosh; Intel Mac OS X 10.15; rv:148.0) Gecko/20100101 Firefox/148.0","accept":"application/json, text/javascript, */*; q=0.01","accept-language":"en-US,en;q=0.9","accept-encoding":"gzip, deflate, br, zstd","content-type":"application/json; charset=UTF-8","app-pragma":"no-cache","x-requested-with":"XMLHttpRequest","sec-gpc":"1","connection":"keep-alive","referer":"http://localhost:2368/ghost/","cookie":"**REDACTED**","sec-fetch-dest":"empty","sec-fetch-mode":"cors","sec-fetch-site":"same-origin","priority":"u=0"},"query":{"formats":"mobiledoc,lexical","limit":"30","page":"1","allFilter":"status:[draft,scheduled,published,sent]","order":"updated_at desc","filter":"status:draft"}},"res":{"_headers":{"x-powered-by":"Express","content-version":"v6.19","vary":"Accept-Version, Accept-Encoding","cache-control":"no-cache, private, no-store, must-revalidate, max-stale=0, post-check=0, pre-check=0","content-type":"application/json; charset=utf-8","content-length":"100","etag":"W/\"64-Sob9W3UE22w25wetuyhNCQVZMNI\""},"statusCode":200,"responseTime":"45ms"},"msg":"","time":"2026-03-03T21:40:27.041Z","v":0}
{"name":"Log","hostname":"a275c7126250","pid":1,"level":30,"version":"6.19.4","req":{"meta":{"requestId":"a6d94cd8-8486-444a-a884-89a981c20661","userId":"69a74bc62ef78a0001b0912c"},"url":"/pages/?formats=mobiledoc%2Clexical&limit=30&page=1&allFilter=status%3A%5Bdraft%2Cscheduled%2Cpublished%2Csent%5D&order=published_at%20desc&filter=status%3A%5Bpublished%2Csent%5D","method":"GET","originalUrl":"/ghost/api/admin/pages/?formats=mobiledoc%2Clexical&limit=30&page=1&allFilter=status%3A%5Bdraft%2Cscheduled%2Cpublished%2Csent%5D&order=published_at%20desc&filter=status%3A%5Bpublished%2Csent%5D","params":{},"headers":{"host":"localhost:2368","user-agent":"Mozilla/5.0 (Macintosh; Intel Mac OS X 10.15; rv:148.0) Gecko/20100101 Firefox/148.0","accept":"application/json, text/javascript, */*; q=0.01","accept-language":"en-US,en;q=0.9","accept-encoding":"gzip, deflate, br, zstd","content-type":"application/json; charset=UTF-8","app-pragma":"no-cache","x-requested-with":"XMLHttpRequest","sec-gpc":"1","connection":"keep-alive","referer":"http://localhost:2368/ghost/","cookie":"**REDACTED**","sec-fetch-dest":"empty","sec-fetch-mode":"cors","sec-fetch-site":"same-origin","priority":"u=0"},"query":{"formats":"mobiledoc,lexical","limit":"30","page":"1","allFilter":"status:[draft,scheduled,published,sent]","order":"published_at desc","filter":"status:[published,sent]"}},"res":{"_headers":{"x-powered-by":"Express","content-version":"v6.19","vary":"Accept-Version, Accept-Encoding","cache-control":"no-cache, private, no-store, must-revalidate, max-stale=0, post-check=0, pre-check=0","content-type":"application/json; charset=utf-8","etag":"W/\"2067-GJudqoq+iT0liZdUP3+n6ptKf4o\"","content-encoding":"br"},"statusCode":200,"responseTime":"53ms"},"msg":"","time":"2026-03-03T21:40:27.053Z","v":0}
{"name":"Log","hostname":"a275c7126250","pid":1,"level":30,"version":"6.19.4","req":{"meta":{"requestId":"d75cc225-f4a4-485d-b732-f178aa0fb66f","userId":"69a74bc62ef78a0001b0912c"},"url":"/stats/posts-member-counts/","method":"POST","originalUrl":"/ghost/api/admin/stats/posts-member-counts/","params":{},"headers":{"host":"localhost:2368","user-agent":"Mozilla/5.0 (Macintosh; Intel Mac OS X 10.15; rv:148.0) Gecko/20100101 Firefox/148.0","accept":"application/json, text/javascript, */*; q=0.01","accept-language":"en-US,en;q=0.9","accept-encoding":"gzip, deflate, br, zstd","content-type":"application/json","app-pragma":"no-cache","x-requested-with":"XMLHttpRequest","content-length":"40","origin":"http://localhost:2368","sec-gpc":"1","connection":"keep-alive","referer":"http://localhost:2368/ghost/","cookie":"**REDACTED**","sec-fetch-dest":"empty","sec-fetch-mode":"cors","sec-fetch-site":"same-origin"},"query":{}},"res":{"_headers":{"x-powered-by":"Express","content-version":"v6.19","vary":"Accept-Version, Origin, Accept-Encoding","cache-control":"no-cache, private, no-store, must-revalidate, max-stale=0, post-check=0, pre-check=0","access-control-allow-origin":"http://localhost:2368","content-type":"application/json; charset=utf-8","content-length":"76","etag":"W/\"4c-YGa3Ywal/HHoacHs4tQ1fhAagkw\""},"statusCode":200,"responseTime":"15ms"},"msg":"","time":"2026-03-03T21:40:27.077Z","v":0}
{"name":"Log","hostname":"a275c7126250","pid":1,"level":30,"version":"6.19.4","req":{"meta":{"requestId":"38b2ee85-dfab-4685-a011-a3561774a51d","userId":null},"url":"/main-layout-HQJ15xrR.js","method":"GET","originalUrl":"/ghost/assets/main-layout-HQJ15xrR.js","params":{},"headers":{"host":"localhost:2368","user-agent":"Mozilla/5.0 (Macintosh; Intel Mac OS X 10.15; rv:148.0) Gecko/20100101 Firefox/148.0","accept":"*/*","accept-language":"en-US,en;q=0.9","accept-encoding":"gzip, deflate, br, zstd","sec-gpc":"1","connection":"keep-alive","referer":"http://localhost:2368/ghost/","cookie":"**REDACTED**","sec-fetch-dest":"script","sec-fetch-mode":"cors","sec-fetch-site":"same-origin","priority":"u=1"},"query":{}},"res":{"_headers":{"x-powered-by":"Express","accept-ranges":"bytes","cache-control":"public, max-age=0, immutable","last-modified":"Sat, 26 Oct 1985 08:15:00 GMT","etag":"W/\"df-7438674ba0\"","content-type":"application/javascript; charset=UTF-8","content-length":223,"vary":"Accept-Encoding"},"statusCode":200,"responseTime":"2ms"},"msg":"","time":"2026-03-03T21:40:28.785Z","v":0}
{"name":"Log","hostname":"a275c7126250","pid":1,"level":30,"version":"6.19.4","req":{"meta":{"requestId":"b41a8afd-851e-4696-a9a5-2947113adf35","userId":null},"url":"/toggle-group-BZUjUAHv.js","method":"GET","originalUrl":"/ghost/assets/toggle-group-BZUjUAHv.js","params":{},"headers":{"host":"localhost:2368","user-agent":"Mozilla/5.0 (Macintosh; Intel Mac OS X 10.15; rv:148.0) Gecko/20100101 Firefox/148.0","accept":"*/*","accept-language":"en-US,en;q=0.9","accept-encoding":"gzip, deflate, br, zstd","sec-gpc":"1","connection":"keep-alive","referer":"http://localhost:2368/ghost/","cookie":"**REDACTED**","sec-fetch-dest":"script","sec-fetch-mode":"cors","sec-fetch-site":"same-origin","priority":"u=1"},"query":{}},"res":{"_headers":{"x-powered-by":"Express","accept-ranges":"bytes","cache-control":"public, max-age=0, immutable","last-modified":"Sat, 26 Oct 1985 08:15:00 GMT","etag":"W/\"f52-7438674ba0\"","content-type":"application/javascript; charset=UTF-8","vary":"Accept-Encoding","content-encoding":"br"},"statusCode":200,"responseTime":"6ms"},"msg":"","time":"2026-03-03T21:40:28.786Z","v":0}
{"name":"Log","hostname":"a275c7126250","pid":1,"level":30,"version":"6.19.4","req":{"meta":{"requestId":"2007d788-752d-4daf-8769-28be987d93af","userId":null},"url":"/use-infinite-virtual-scroll-KYQG-F45.js","method":"GET","originalUrl":"/ghost/assets/use-infinite-virtual-scroll-KYQG-F45.js","params":{},"headers":{"host":"localhost:2368","user-agent":"Mozilla/5.0 (Macintosh; Intel Mac OS X 10.15; rv:148.0) Gecko/20100101 Firefox/148.0","accept":"*/*","accept-language":"en-US,en;q=0.9","accept-encoding":"gzip, deflate, br, zstd","sec-gpc":"1","connection":"keep-alive","referer":"http://localhost:2368/ghost/","cookie":"**REDACTED**","sec-fetch-dest":"script","sec-fetch-mode":"cors","sec-fetch-site":"same-origin","priority":"u=1"},"query":{}},"res":{"_headers":{"x-powered-by":"Express","accept-ranges":"bytes","cache-control":"public, max-age=0, immutable","last-modified":"Sat, 26 Oct 1985 08:15:00 GMT","etag":"W/\"3e6a-7438674ba0\"","content-type":"application/javascript; charset=UTF-8","vary":"Accept-Encoding","content-encoding":"br"},"statusCode":200,"responseTime":"5ms"},"msg":"","time":"2026-03-03T21:40:28.787Z","v":0}
{"name":"Log","hostname":"a275c7126250","pid":1,"level":30,"version":"6.19.4","req":{"meta":{"requestId":"ce171f70-adbd-4efd-86a1-54ebaec989fa","userId":null},"url":"/tags-DdXNN_oE.js","method":"GET","originalUrl":"/ghost/assets/tags-DdXNN_oE.js","params":{},"headers":{"host":"localhost:2368","user-agent":"Mozilla/5.0 (Macintosh; Intel Mac OS X 10.15; rv:148.0) Gecko/20100101 Firefox/148.0","accept":"*/*","accept-language":"en-US,en;q=0.9","accept-encoding":"gzip, deflate, br, zstd","sec-gpc":"1","connection":"keep-alive","referer":"http://localhost:2368/ghost/","cookie":"**REDACTED**","sec-fetch-dest":"script","sec-fetch-mode":"cors","sec-fetch-site":"same-origin","priority":"u=1"},"query":{}},"res":{"_headers":{"x-powered-by":"Express","accept-ranges":"bytes","cache-control":"public, max-age=0, immutable","last-modified":"Sat, 26 Oct 1985 08:15:00 GMT","etag":"W/\"174a-7438674ba0\"","content-type":"application/javascript; charset=UTF-8","vary":"Accept-Encoding","content-encoding":"br"},"statusCode":200,"responseTime":"7ms"},"msg":"","time":"2026-03-03T21:40:28.788Z","v":0}
{"name":"Log","hostname":"a275c7126250","pid":1,"level":30,"version":"6.19.4","req":{"meta":{"requestId":"d74bcf78-a310-45cb-ab99-afe7242a1de8","userId":null},"url":"/table-DuDpf1k-.js","method":"GET","originalUrl":"/ghost/assets/table-DuDpf1k-.js","params":{},"headers":{"host":"localhost:2368","user-agent":"Mozilla/5.0 (Macintosh; Intel Mac OS X 10.15; rv:148.0) Gecko/20100101 Firefox/148.0","accept":"*/*","accept-language":"en-US,en;q=0.9","accept-encoding":"gzip, deflate, br, zstd","sec-gpc":"1","connection":"keep-alive","referer":"http://localhost:2368/ghost/","cookie":"**REDACTED**","sec-fetch-dest":"script","sec-fetch-mode":"cors","sec-fetch-site":"same-origin","priority":"u=1"},"query":{}},"res":{"_headers":{"x-powered-by":"Express","accept-ranges":"bytes","cache-control":"public, max-age=0, immutable","last-modified":"Sat, 26 Oct 1985 08:15:00 GMT","etag":"W/\"800-7438674ba0\"","content-type":"application/javascript; charset=UTF-8","vary":"Accept-Encoding","content-encoding":"br"},"statusCode":200,"responseTime":"5ms"},"msg":"","time":"2026-03-03T21:40:28.789Z","v":0}
{"name":"Log","hostname":"a275c7126250","pid":1,"level":30,"version":"6.19.4","req":{"meta":{"requestId":"4122951c-f518-4272-94d7-f0efcf65bbec","userId":"69a74bc62ef78a0001b0912c"},"url":"/tags/?limit=100&order=name+asc&include=count.posts&filter=visibility%3Apublic","method":"GET","originalUrl":"/ghost/api/admin/tags/?limit=100&order=name+asc&include=count.posts&filter=visibility%3Apublic","params":{},"headers":{"host":"localhost:2368","user-agent":"Mozilla/5.0 (Macintosh; Intel Mac OS X 10.15; rv:148.0) Gecko/20100101 Firefox/148.0","accept":"*/*","accept-language":"en-US,en;q=0.9","accept-encoding":"gzip, deflate, br, zstd","referer":"http://localhost:2368/ghost/","app-pragma":"no-cache","sec-gpc":"1","connection":"keep-alive","cookie":"**REDACTED**","sec-fetch-dest":"empty","sec-fetch-mode":"cors","sec-fetch-site":"same-origin","priority":"u=4"},"query":{"limit":"100","order":"name asc","include":"count.posts","filter":"visibility:public"}},"res":{"_headers":{"x-powered-by":"Express","content-version":"v6.19","vary":"Accept-Version, Accept-Encoding","cache-control":"no-cache, private, no-store, must-revalidate, max-stale=0, post-check=0, pre-check=0","content-type":"application/json; charset=utf-8","content-length":"621","etag":"W/\"26d-FSRWi7XoPLFoTYK+K7KnNf+jM/M\""},"statusCode":200,"responseTime":"25ms"},"msg":"","time":"2026-03-03T21:40:28.837Z","v":0}
{"name":"Log","hostname":"a275c7126250","pid":1,"level":30,"version":"6.19.4","req":{"meta":{"requestId":"6b10fd50-b8c4-402b-b11b-30a8e9e7bddd","userId":"69a74bc62ef78a0001b0912c"},"url":"/members/?include=newsletters%2Clabels%2Ctiers&order=created_at%20desc&limit=50&page=1&filter=created_at%3A%3C%3D%272026-03-03%2021%3A40%3A29%27","method":"GET","originalUrl":"/ghost/api/admin/members/?include=newsletters%2Clabels%2Ctiers&order=created_at%20desc&limit=50&page=1&filter=created_at%3A%3C%3D%272026-03-03%2021%3A40%3A29%27","params":{},"headers":{"host":"localhost:2368","user-agent":"Mozilla/5.0 (Macintosh; Intel Mac OS X 10.15; rv:148.0) Gecko/20100101 Firefox/148.0","accept":"application/json, text/javascript, */*; q=0.01","accept-language":"en-US,en;q=0.9","accept-encoding":"gzip, deflate, br, zstd","content-type":"application/json; charset=UTF-8","app-pragma":"no-cache","x-requested-with":"XMLHttpRequest","sec-gpc":"1","connection":"keep-alive","referer":"http://localhost:2368/ghost/","cookie":"**REDACTED**","sec-fetch-dest":"empty","sec-fetch-mode":"cors","sec-fetch-site":"same-origin"},"query":{"include":"newsletters,labels,tiers","order":"created_at desc","limit":"50","page":"1","filter":"created_at:<='2026-03-03 21:40:29'"}},"res":{"_headers":{"x-powered-by":"Express","content-version":"v6.19","vary":"Accept-Version, Accept-Encoding","cache-control":"no-cache, private, no-store, must-revalidate, max-stale=0, post-check=0, pre-check=0","content-type":"application/json; charset=utf-8","content-length":"102","etag":"W/\"66-y6/6LJ16i/qz006f4c7R8ebJBrk\""},"statusCode":200,"responseTime":"39ms"},"msg":"","time":"2026-03-03T21:40:29.485Z","v":0}
{"name":"Log","hostname":"a275c7126250","pid":1,"level":30,"version":"6.19.4","req":{"meta":{"requestId":"cb0a1afb-508f-4c7a-aa00-75342b7b9b99","userId":"69a74bc62ef78a0001b0912c"},"url":"/labels/?limit=100&page=1","method":"GET","originalUrl":"/ghost/api/admin/labels/?limit=100&page=1","params":{},"headers":{"host":"localhost:2368","user-agent":"Mozilla/5.0 (Macintosh; Intel Mac OS X 10.15; rv:148.0) Gecko/20100101 Firefox/148.0","accept":"application/json, text/javascript, */*; q=0.01","accept-language":"en-US,en;q=0.9","accept-encoding":"gzip, deflate, br, zstd","content-type":"application/json; charset=UTF-8","app-pragma":"no-cache","x-requested-with":"XMLHttpRequest","sec-gpc":"1","connection":"keep-alive","referer":"http://localhost:2368/ghost/","cookie":"**REDACTED**","sec-fetch-dest":"empty","sec-fetch-mode":"cors","sec-fetch-site":"same-origin"},"query":{"limit":"100","page":"1"}},"res":{"_headers":{"x-powered-by":"Express","content-version":"v6.19","vary":"Accept-Version, Accept-Encoding","cache-control":"no-cache, private, no-store, must-revalidate, max-stale=0, post-check=0, pre-check=0","content-type":"application/json; charset=utf-8","content-length":"102","etag":"W/\"66-lZTvpbeEMA468GM3inPc3EOio94\""},"statusCode":200,"responseTime":"42ms"},"msg":"","time":"2026-03-03T21:40:29.491Z","v":0}
{"name":"Log","hostname":"a275c7126250","pid":1,"level":30,"version":"6.19.4","req":{"meta":{"requestId":"66753b28-162b-4f94-98e0-a7fd4eec002c","userId":"69a74bc62ef78a0001b0912c"},"url":"/tiers/?filter=type%3Apaid","method":"GET","originalUrl":"/ghost/api/admin/tiers/?filter=type%3Apaid","params":{},"headers":{"host":"localhost:2368","user-agent":"Mozilla/5.0 (Macintosh; Intel Mac OS X 10.15; rv:148.0) Gecko/20100101 Firefox/148.0","accept":"application/json, text/javascript, */*; q=0.01","accept-language":"en-US,en;q=0.9","accept-encoding":"gzip, deflate, br, zstd","content-type":"application/json; charset=UTF-8","app-pragma":"no-cache","x-requested-with":"XMLHttpRequest","sec-gpc":"1","connection":"keep-alive","referer":"http://localhost:2368/ghost/","cookie":"**REDACTED**","sec-fetch-dest":"empty","sec-fetch-mode":"cors","sec-fetch-site":"same-origin"},"query":{"filter":"type:paid"}},"res":{"_headers":{"x-powered-by":"Express","content-version":"v6.19","vary":"Accept-Version, Accept-Encoding","cache-control":"no-cache, private, no-store, must-revalidate, max-stale=0, post-check=0, pre-check=0","content-type":"application/json; charset=utf-8","content-length":"435","etag":"W/\"1b3-vzF017V+Oxkgy+IU/3RubZQL2Tk\""},"statusCode":200,"responseTime":"31ms"},"msg":"","time":"2026-03-03T21:40:29.491Z","v":0}
{"name":"Log","hostname":"a275c7126250","pid":1,"level":30,"version":"6.19.4","req":{"meta":{"requestId":"38c95464-1b7e-4666-b138-a5058aa870ba","userId":null},"url":"/img/marketing/members-1-8b89a1f48fe7b336754e91a429531f65.jpg","method":"GET","originalUrl":"/ghost/assets/img/marketing/members-1-8b89a1f48fe7b336754e91a429531f65.jpg","params":{},"headers":{"host":"localhost:2368","user-agent":"Mozilla/5.0 (Macintosh; Intel Mac OS X 10.15; rv:148.0) Gecko/20100101 Firefox/148.0","accept":"image/avif,image/jxl,image/webp,image/png,image/svg+xml,image/*;q=0.8,*/*;q=0.5","accept-language":"en-US,en;q=0.9","accept-encoding":"gzip, deflate, br, zstd","sec-gpc":"1","connection":"keep-alive","referer":"http://localhost:2368/ghost/","cookie":"**REDACTED**","sec-fetch-dest":"image","sec-fetch-mode":"no-cors","sec-fetch-site":"same-origin","priority":"u=4, i"},"query":{}},"res":{"_headers":{"x-powered-by":"Express","accept-ranges":"bytes","cache-control":"public, max-age=0, immutable","last-modified":"Sat, 26 Oct 1985 08:15:00 GMT","etag":"W/\"534a-7438674ba0\"","content-type":"image/jpeg","content-length":21322},"statusCode":200,"responseTime":"2ms"},"msg":"","time":"2026-03-03T21:40:29.505Z","v":0}
{"name":"Log","hostname":"a275c7126250","pid":1,"level":30,"version":"6.19.4","req":{"meta":{"requestId":"3f76d3b1-c53c-45bc-b051-4e07b813bd27","userId":null},"url":"/img/marketing/members-2-791205c82d5cf221f8c99a74f9ee1739.jpg","method":"GET","originalUrl":"/ghost/assets/img/marketing/members-2-791205c82d5cf221f8c99a74f9ee1739.jpg","params":{},"headers":{"host":"localhost:2368","user-agent":"Mozilla/5.0 (Macintosh; Intel Mac OS X 10.15; rv:148.0) Gecko/20100101 Firefox/148.0","accept":"image/avif,image/jxl,image/webp,image/png,image/svg+xml,image/*;q=0.8,*/*;q=0.5","accept-language":"en-US,en;q=0.9","accept-encoding":"gzip, deflate, br, zstd","sec-gpc":"1","connection":"keep-alive","referer":"http://localhost:2368/ghost/","cookie":"**REDACTED**","sec-fetch-dest":"image","sec-fetch-mode":"no-cors","sec-fetch-site":"same-origin","priority":"u=4, i"},"query":{}},"res":{"_headers":{"x-powered-by":"Express","accept-ranges":"bytes","cache-control":"public, max-age=0, immutable","last-modified":"Sat, 26 Oct 1985 08:15:00 GMT","etag":"W/\"22bb6-7438674ba0\"","content-type":"image/jpeg","content-length":142262},"statusCode":200,"responseTime":"2ms"},"msg":"","time":"2026-03-03T21:40:29.506Z","v":0}
{"name":"Log","hostname":"a275c7126250","pid":1,"level":30,"version":"6.19.4","req":{"meta":{"requestId":"cd05456f-9d5b-4d46-aacf-07f013cbe0e0","userId":"69a74bc62ef78a0001b0912c"},"url":"/newsletters/?filter=status%3Aactive","method":"GET","originalUrl":"/ghost/api/admin/newsletters/?filter=status%3Aactive","params":{},"headers":{"host":"localhost:2368","user-agent":"Mozilla/5.0 (Macintosh; Intel Mac OS X 10.15; rv:148.0) Gecko/20100101 Firefox/148.0","accept":"application/json, text/javascript, */*; q=0.01","accept-language":"en-US,en;q=0.9","accept-encoding":"gzip, deflate, br, zstd","content-type":"application/json; charset=UTF-8","app-pragma":"no-cache","x-requested-with":"XMLHttpRequest","sec-gpc":"1","connection":"keep-alive","referer":"http://localhost:2368/ghost/","cookie":"**REDACTED**","sec-fetch-dest":"empty","sec-fetch-mode":"cors","sec-fetch-site":"same-origin"},"query":{"filter":"status:active"}},"res":{"_headers":{"x-powered-by":"Express","content-version":"v6.19","vary":"Accept-Version, Accept-Encoding","cache-control":"no-cache, private, no-store, must-revalidate, max-stale=0, post-check=0, pre-check=0","content-type":"application/json; charset=utf-8","etag":"W/\"4bc-P4M/KSyaG1h3oG1Dy1JwGWS3Gh0\"","content-encoding":"br"},"statusCode":200,"responseTime":"12ms"},"msg":"","time":"2026-03-03T21:40:29.520Z","v":0}
{"name":"Log","hostname":"a275c7126250","pid":1,"level":30,"version":"6.19.4","req":{"meta":{"requestId":"cabd10f2-6b20-4b6a-8374-48df0df792be","userId":"69a74bc62ef78a0001b0912c"},"url":"/offers/","method":"GET","originalUrl":"/ghost/api/admin/offers/","params":{},"headers":{"host":"localhost:2368","user-agent":"Mozilla/5.0 (Macintosh; Intel Mac OS X 10.15; rv:148.0) Gecko/20100101 Firefox/148.0","accept":"application/json, text/javascript, */*; q=0.01","accept-language":"en-US,en;q=0.9","accept-encoding":"gzip, deflate, br, zstd","content-type":"application/json; charset=UTF-8","app-pragma":"no-cache","x-requested-with":"XMLHttpRequest","sec-gpc":"1","connection":"keep-alive","referer":"http://localhost:2368/ghost/","cookie":"**REDACTED**","sec-fetch-dest":"empty","sec-fetch-mode":"cors","sec-fetch-site":"same-origin"},"query":{}},"res":{"_headers":{"x-powered-by":"Express","content-version":"v6.19","vary":"Accept-Version, Accept-Encoding","cache-control":"no-cache, private, no-store, must-revalidate, max-stale=0, post-check=0, pre-check=0","content-type":"application/json; charset=utf-8","content-length":"13","etag":"W/\"d-KgyGKpsvHfZLqby4ZS/d5XyKBpk\""},"statusCode":200,"responseTime":"13ms"},"msg":"","time":"2026-03-03T21:40:29.538Z","v":0}
{"name":"Log","hostname":"a275c7126250","pid":1,"level":30,"version":"6.19.4","req":{"meta":{"requestId":"c051d26d-0482-4ac8-bf45-220ce3d15bb0","userId":null},"url":"/label-DZ3P1r0a.js","method":"GET","originalUrl":"/ghost/assets/label-DZ3P1r0a.js","params":{},"headers":{"host":"localhost:2368","user-agent":"Mozilla/5.0 (Macintosh; Intel Mac OS X 10.15; rv:148.0) Gecko/20100101 Firefox/148.0","accept":"*/*","accept-language":"en-US,en;q=0.9","accept-encoding":"gzip, deflate, br, zstd","sec-gpc":"1","connection":"keep-alive","referer":"http://localhost:2368/ghost/","cookie":"**REDACTED**","sec-fetch-dest":"script","sec-fetch-mode":"cors","sec-fetch-site":"same-origin","priority":"u=1"},"query":{}},"res":{"_headers":{"x-powered-by":"Express","accept-ranges":"bytes","cache-control":"public, max-age=0, immutable","last-modified":"Sat, 26 Oct 1985 08:15:00 GMT","etag":"W/\"a14-7438674ba0\"","content-type":"application/javascript; charset=UTF-8","vary":"Accept-Encoding","content-encoding":"br"},"statusCode":200,"responseTime":"10ms"},"msg":"","time":"2026-03-03T21:40:35.701Z","v":0}
{"name":"Log","hostname":"a275c7126250","pid":1,"level":30,"version":"6.19.4","req":{"meta":{"requestId":"0dea4a25-db86-48bb-b4fa-cf4027284083","userId":null},"url":"/comments-C1WOjaeZ.js","method":"GET","originalUrl":"/ghost/assets/comments-C1WOjaeZ.js","params":{},"headers":{"host":"localhost:2368","user-agent":"Mozilla/5.0 (Macintosh; Intel Mac OS X 10.15; rv:148.0) Gecko/20100101 Firefox/148.0","accept":"*/*","accept-language":"en-US,en;q=0.9","accept-encoding":"gzip, deflate, br, zstd","sec-gpc":"1","connection":"keep-alive","referer":"http://localhost:2368/ghost/","cookie":"**REDACTED**","sec-fetch-dest":"script","sec-fetch-mode":"cors","sec-fetch-site":"same-origin","priority":"u=1"},"query":{}},"res":{"_headers":{"x-powered-by":"Express","accept-ranges":"bytes","cache-control":"public, max-age=0, immutable","last-modified":"Sat, 26 Oct 1985 08:15:00 GMT","etag":"W/\"7483-7438674ba0\"","content-type":"application/javascript; charset=UTF-8","vary":"Accept-Encoding","content-encoding":"br"},"statusCode":200,"responseTime":"14ms"},"msg":"","time":"2026-03-03T21:40:35.705Z","v":0}
{"name":"Log","hostname":"a275c7126250","pid":1,"level":30,"version":"6.19.4","req":{"meta":{"requestId":"eebba86d-2a06-4eb5-96f9-4bfd04a2769a","userId":null},"url":"/filters-DTdM_SGI.js","method":"GET","originalUrl":"/ghost/assets/filters-DTdM_SGI.js","params":{},"headers":{"host":"localhost:2368","user-agent":"Mozilla/5.0 (Macintosh; Intel Mac OS X 10.15; rv:148.0) Gecko/20100101 Firefox/148.0","accept":"*/*","accept-language":"en-US,en;q=0.9","accept-encoding":"gzip, deflate, br, zstd","sec-gpc":"1","connection":"keep-alive","referer":"http://localhost:2368/ghost/","cookie":"**REDACTED**","sec-fetch-dest":"script","sec-fetch-mode":"cors","sec-fetch-site":"same-origin","priority":"u=1"},"query":{}},"res":{"_headers":{"x-powered-by":"Express","accept-ranges":"bytes","cache-control":"public, max-age=0, immutable","last-modified":"Sat, 26 Oct 1985 08:15:00 GMT","etag":"W/\"bce8-7438674ba0\"","content-type":"application/javascript; charset=UTF-8","vary":"Accept-Encoding","content-encoding":"br"},"statusCode":200,"responseTime":"18ms"},"msg":"","time":"2026-03-03T21:40:35.708Z","v":0}
{"name":"Log","hostname":"a275c7126250","pid":1,"level":30,"version":"6.19.4","req":{"meta":{"requestId":"b2ff20ed-5120-428a-92a9-9cdde82b864a","userId":null},"url":"/index-QU4izHtQ.js","method":"GET","originalUrl":"/ghost/assets/index-QU4izHtQ.js","params":{},"headers":{"host":"localhost:2368","user-agent":"Mozilla/5.0 (Macintosh; Intel Mac OS X 10.15; rv:148.0) Gecko/20100101 Firefox/148.0","accept":"*/*","accept-language":"en-US,en;q=0.9","accept-encoding":"gzip, deflate, br, zstd","sec-gpc":"1","connection":"keep-alive","referer":"http://localhost:2368/ghost/","cookie":"**REDACTED**","sec-fetch-dest":"script","sec-fetch-mode":"cors","sec-fetch-site":"same-origin","priority":"u=1"},"query":{}},"res":{"_headers":{"x-powered-by":"Express","accept-ranges":"bytes","cache-control":"public, max-age=0, immutable","last-modified":"Sat, 26 Oct 1985 08:15:00 GMT","etag":"W/\"cce-7438674ba0\"","content-type":"application/javascript; charset=UTF-8","vary":"Accept-Encoding","content-encoding":"br"},"statusCode":200,"responseTime":"16ms"},"msg":"","time":"2026-03-03T21:40:35.709Z","v":0}
{"name":"Log","hostname":"a275c7126250","pid":1,"level":30,"version":"6.19.4","req":{"meta":{"requestId":"a70d8db9-85d1-4c5f-9e0f-8a6a7b942d66","userId":null},"url":"/use-scroll-restoration-B4KNJMYv.js","method":"GET","originalUrl":"/ghost/assets/use-scroll-restoration-B4KNJMYv.js","params":{},"headers":{"host":"localhost:2368","user-agent":"Mozilla/5.0 (Macintosh; Intel Mac OS X 10.15; rv:148.0) Gecko/20100101 Firefox/148.0","accept":"*/*","accept-language":"en-US,en;q=0.9","accept-encoding":"gzip, deflate, br, zstd","sec-gpc":"1","connection":"keep-alive","referer":"http://localhost:2368/ghost/","cookie":"**REDACTED**","sec-fetch-dest":"script","sec-fetch-mode":"cors","sec-fetch-site":"same-origin","priority":"u=1"},"query":{}},"res":{"_headers":{"x-powered-by":"Express","accept-ranges":"bytes","cache-control":"public, max-age=0, immutable","last-modified":"Sat, 26 Oct 1985 08:15:00 GMT","etag":"W/\"56f-7438674ba0\"","content-type":"application/javascript; charset=UTF-8","vary":"Accept-Encoding","content-encoding":"br"},"statusCode":200,"responseTime":"14ms"},"msg":"","time":"2026-03-03T21:40:35.711Z","v":0}
{"name":"Log","hostname":"a275c7126250","pid":1,"level":30,"version":"6.19.4","req":{"meta":{"requestId":"25fab62b-0a8f-4c10-873e-77baf0750577","userId":"69a74bc62ef78a0001b0912c"},"url":"/posts/?limit=100&fields=id%2Ctitle&order=published_at+DESC","method":"GET","originalUrl":"/ghost/api/admin/posts/?limit=100&fields=id%2Ctitle&order=published_at+DESC","params":{},"headers":{"host":"localhost:2368","user-agent":"Mozilla/5.0 (Macintosh; Intel Mac OS X 10.15; rv:148.0) Gecko/20100101 Firefox/148.0","accept":"*/*","accept-language":"en-US,en;q=0.9","accept-encoding":"gzip, deflate, br, zstd","referer":"http://localhost:2368/ghost/","app-pragma":"no-cache","sec-gpc":"1","connection":"keep-alive","cookie":"**REDACTED**","sec-fetch-dest":"empty","sec-fetch-mode":"cors","sec-fetch-site":"same-origin","priority":"u=4"},"query":{"limit":"100","fields":"id,title","order":"published_at DESC"}},"res":{"_headers":{"x-powered-by":"Express","content-version":"v6.19","vary":"Accept-Version, Accept-Encoding","cache-control":"no-cache, private, no-store, must-revalidate, max-stale=0, post-check=0, pre-check=0","content-type":"application/json; charset=utf-8","content-length":"156","etag":"W/\"9c-Pgd2F40wi6W8e7I4REv+a/w73Gg\""},"statusCode":200,"responseTime":"39ms"},"msg":"","time":"2026-03-03T21:40:35.760Z","v":0}
{"name":"Log","hostname":"a275c7126250","pid":1,"level":30,"version":"6.19.4","req":{"meta":{"requestId":"f01f1499-40fb-470c-a0eb-84665f039cf3","userId":"69a74bc62ef78a0001b0912c"},"url":"/members/?limit=100&order=created_at+DESC","method":"GET","originalUrl":"/ghost/api/admin/members/?limit=100&order=created_at+DESC","params":{},"headers":{"host":"localhost:2368","user-agent":"Mozilla/5.0 (Macintosh; Intel Mac OS X 10.15; rv:148.0) Gecko/20100101 Firefox/148.0","accept":"*/*","accept-language":"en-US,en;q=0.9","accept-encoding":"gzip, deflate, br, zstd","referer":"http://localhost:2368/ghost/","app-pragma":"no-cache","sec-gpc":"1","connection":"keep-alive","cookie":"**REDACTED**","sec-fetch-dest":"empty","sec-fetch-mode":"cors","sec-fetch-site":"same-origin","priority":"u=4"},"query":{"limit":"100","order":"created_at DESC"}},"res":{"_headers":{"x-powered-by":"Express","content-version":"v6.19","vary":"Accept-Version, Accept-Encoding","cache-control":"no-cache, private, no-store, must-revalidate, max-stale=0, post-check=0, pre-check=0","content-type":"application/json; charset=utf-8","content-length":"103","etag":"W/\"67-s1/2czvzL4k3Apab9mTEqbuXKgk\""},"statusCode":200,"responseTime":"38ms"},"msg":"","time":"2026-03-03T21:40:35.764Z","v":0}
{"name":"Log","hostname":"a275c7126250","pid":1,"level":30,"version":"6.19.4","req":{"meta":{"requestId":"0c978e29-70f7-42f6-861f-a3770d1a7814","userId":"69a74bc62ef78a0001b0912c"},"url":"/comments/?limit=100&order=created_at+desc&include=member%2Cpost%2Cparent","method":"GET","originalUrl":"/ghost/api/admin/comments/?limit=100&order=created_at+desc&include=member%2Cpost%2Cparent","params":{},"headers":{"host":"localhost:2368","user-agent":"Mozilla/5.0 (Macintosh; Intel Mac OS X 10.15; rv:148.0) Gecko/20100101 Firefox/148.0","accept":"*/*","accept-language":"en-US,en;q=0.9","accept-encoding":"gzip, deflate, br, zstd","referer":"http://localhost:2368/ghost/","app-pragma":"no-cache","sec-gpc":"1","connection":"keep-alive","cookie":"**REDACTED**","sec-fetch-dest":"empty","sec-fetch-mode":"cors","sec-fetch-site":"same-origin","priority":"u=4"},"query":{"limit":"100","order":"created_at desc","include":"member,post,parent"}},"res":{"_headers":{"x-powered-by":"Express","content-version":"v6.19","vary":"Accept-Version, Accept-Encoding","cache-control":"no-cache, private, no-store, must-revalidate, max-stale=0, post-check=0, pre-check=0","content-type":"application/json; charset=utf-8","content-length":"104","etag":"W/\"68-tTqSop6F1kQ2OH+UGOQRs3PpT7Q\""},"statusCode":200,"responseTime":"43ms"},"msg":"","time":"2026-03-03T21:40:35.768Z","v":0}
{"name":"Log","hostname":"a275c7126250","pid":1,"level":30,"version":"6.19.4","worker":{"resourceLimits":{"maxYoungGenerationSizeMb":48,"maxOldGenerationSizeMb":2048,"codeRangeSizeMb":0,"stackSizeMb":4},"threadId":9},"msg":"Worker for job \"process-outbox\" online","time":"2026-03-03T21:40:35.923Z","v":0}
{"name":"Log","hostname":"a275c7126250","pid":1,"level":30,"version":"6.19.4","msg":"Worker for job process-outbox sent a message: done","time":"2026-03-03T21:40:35.925Z","v":0}
{"name":"Log","hostname":"a275c7126250","pid":1,"level":30,"version":"6.19.4","msg":"[OUTBOX] No pending outbox entries to process","time":"2026-03-03T21:40:35.932Z","v":0}
{"name":"Log","hostname":"a275c7126250","pid":1,"level":30,"version":"6.19.4","req":{"meta":{"requestId":"34a702fb-0f06-4b89-9114-68de60ba3216","userId":"69a74bc62ef78a0001b0912c"},"url":"/labels/?limit=100&page=1","method":"GET","originalUrl":"/ghost/api/admin/labels/?limit=100&page=1","params":{},"headers":{"host":"localhost:2368","user-agent":"Mozilla/5.0 (Macintosh; Intel Mac OS X 10.15; rv:148.0) Gecko/20100101 Firefox/148.0","accept":"application/json, text/javascript, */*; q=0.01","accept-language":"en-US,en;q=0.9","accept-encoding":"gzip, deflate, br, zstd","content-type":"application/json; charset=UTF-8","app-pragma":"no-cache","x-requested-with":"XMLHttpRequest","sec-gpc":"1","connection":"keep-alive","referer":"http://localhost:2368/ghost/","cookie":"**REDACTED**","sec-fetch-dest":"empty","sec-fetch-mode":"cors","sec-fetch-site":"same-origin"},"query":{"limit":"100","page":"1"}},"res":{"_headers":{"x-powered-by":"Express","content-version":"v6.19","vary":"Accept-Version, Accept-Encoding","cache-control":"no-cache, private, no-store, must-revalidate, max-stale=0, post-check=0, pre-check=0","content-type":"application/json; charset=utf-8","content-length":"102","etag":"W/\"66-lZTvpbeEMA468GM3inPc3EOio94\""},"statusCode":200,"responseTime":"27ms"},"msg":"","time":"2026-03-03T21:40:36.586Z","v":0}
{"name":"Log","hostname":"a275c7126250","pid":1,"level":30,"version":"6.19.4","req":{"meta":{"requestId":"ebd3a23f-43cc-4ca2-bd88-124a0a5f10f0","userId":"69a74bc62ef78a0001b0912c"},"url":"/tiers/?filter=type%3Apaid","method":"GET","originalUrl":"/ghost/api/admin/tiers/?filter=type%3Apaid","params":{},"headers":{"host":"localhost:2368","user-agent":"Mozilla/5.0 (Macintosh; Intel Mac OS X 10.15; rv:148.0) Gecko/20100101 Firefox/148.0","accept":"application/json, text/javascript, */*; q=0.01","accept-language":"en-US,en;q=0.9","accept-encoding":"gzip, deflate, br, zstd","content-type":"application/json; charset=UTF-8","app-pragma":"no-cache","x-requested-with":"XMLHttpRequest","sec-gpc":"1","connection":"keep-alive","referer":"http://localhost:2368/ghost/","cookie":"**REDACTED**","sec-fetch-dest":"empty","sec-fetch-mode":"cors","sec-fetch-site":"same-origin"},"query":{"filter":"type:paid"}},"res":{"_headers":{"x-powered-by":"Express","content-version":"v6.19","vary":"Accept-Version, Accept-Encoding","cache-control":"no-cache, private, no-store, must-revalidate, max-stale=0, post-check=0, pre-check=0","content-type":"application/json; charset=utf-8","content-length":"435","etag":"W/\"1b3-vzF017V+Oxkgy+IU/3RubZQL2Tk\""},"statusCode":200,"responseTime":"23ms"},"msg":"","time":"2026-03-03T21:40:36.588Z","v":0}
{"name":"Log","hostname":"a275c7126250","pid":1,"level":30,"version":"6.19.4","req":{"meta":{"requestId":"3e5325fd-7b35-4f83-b6c7-44078544d922","userId":"69a74bc62ef78a0001b0912c"},"url":"/newsletters/?filter=status%3Aactive","method":"GET","originalUrl":"/ghost/api/admin/newsletters/?filter=status%3Aactive","params":{},"headers":{"host":"localhost:2368","user-agent":"Mozilla/5.0 (Macintosh; Intel Mac OS X 10.15; rv:148.0) Gecko/20100101 Firefox/148.0","accept":"application/json, text/javascript, */*; q=0.01","accept-language":"en-US,en;q=0.9","accept-encoding":"gzip, deflate, br, zstd","content-type":"application/json; charset=UTF-8","app-pragma":"no-cache","x-requested-with":"XMLHttpRequest","sec-gpc":"1","connection":"keep-alive","referer":"http://localhost:2368/ghost/","cookie":"**REDACTED**","sec-fetch-dest":"empty","sec-fetch-mode":"cors","sec-fetch-site":"same-origin"},"query":{"filter":"status:active"}},"res":{"_headers":{"x-powered-by":"Express","content-version":"v6.19","vary":"Accept-Version, Accept-Encoding","cache-control":"no-cache, private, no-store, must-revalidate, max-stale=0, post-check=0, pre-check=0","content-type":"application/json; charset=utf-8","etag":"W/\"4bc-P4M/KSyaG1h3oG1Dy1JwGWS3Gh0\"","content-encoding":"br"},"statusCode":200,"responseTime":"13ms"},"msg":"","time":"2026-03-03T21:40:36.603Z","v":0}
{"name":"Log","hostname":"a275c7126250","pid":1,"level":30,"version":"6.19.4","req":{"meta":{"requestId":"29c3d24c-300f-4ddd-b77d-380f83d91fb5","userId":"69a74bc62ef78a0001b0912c"},"url":"/offers/","method":"GET","originalUrl":"/ghost/api/admin/offers/","params":{},"headers":{"host":"localhost:2368","user-agent":"Mozilla/5.0 (Macintosh; Intel Mac OS X 10.15; rv:148.0) Gecko/20100101 Firefox/148.0","accept":"application/json, text/javascript, */*; q=0.01","accept-language":"en-US,en;q=0.9","accept-encoding":"gzip, deflate, br, zstd","content-type":"application/json; charset=UTF-8","app-pragma":"no-cache","x-requested-with":"XMLHttpRequest","sec-gpc":"1","connection":"keep-alive","referer":"http://localhost:2368/ghost/","cookie":"**REDACTED**","sec-fetch-dest":"empty","sec-fetch-mode":"cors","sec-fetch-site":"same-origin"},"query":{}},"res":{"_headers":{"x-powered-by":"Express","content-version":"v6.19","vary":"Accept-Version, Accept-Encoding","cache-control":"no-cache, private, no-store, must-revalidate, max-stale=0, post-check=0, pre-check=0","content-type":"application/json; charset=utf-8","content-length":"13","etag":"W/\"d-KgyGKpsvHfZLqby4ZS/d5XyKBpk\""},"statusCode":200,"responseTime":"10ms"},"msg":"","time":"2026-03-03T21:40:36.617Z","v":0}
{"name":"Log","hostname":"a275c7126250","pid":1,"level":30,"version":"6.19.4","req":{"meta":{"requestId":"862a05ad-0ab7-42fd-9849-ecea03219e77","userId":null},"url":"/tiers-BGScGB1s.js","method":"GET","originalUrl":"/ghost/assets/tiers-BGScGB1s.js","params":{},"headers":{"host":"localhost:2368","user-agent":"Mozilla/5.0 (Macintosh; Intel Mac OS X 10.15; rv:148.0) Gecko/20100101 Firefox/148.0","accept":"*/*","accept-language":"en-US,en;q=0.9","accept-encoding":"gzip, deflate, br, zstd","sec-gpc":"1","connection":"keep-alive","referer":"http://localhost:2368/ghost/","cookie":"**REDACTED**","sec-fetch-dest":"script","sec-fetch-mode":"cors","sec-fetch-site":"same-origin","priority":"u=1"},"query":{}},"res":{"_headers":{"x-powered-by":"Express","accept-ranges":"bytes","cache-control":"public, max-age=0, immutable","last-modified":"Sat, 26 Oct 1985 08:15:00 GMT","etag":"W/\"335-7438674ba0\"","content-type":"application/javascript; charset=UTF-8","content-length":821,"vary":"Accept-Encoding"},"statusCode":200,"responseTime":"4ms"},"msg":"","time":"2026-03-03T21:40:39.228Z","v":0}
{"name":"Log","hostname":"a275c7126250","pid":1,"level":30,"version":"6.19.4","req":{"meta":{"requestId":"86b9ff36-b479-4530-b993-3f52a2235dcd","userId":null},"url":"/offers-BeZmK_zi.js","method":"GET","originalUrl":"/ghost/assets/offers-BeZmK_zi.js","params":{},"headers":{"host":"localhost:2368","user-agent":"Mozilla/5.0 (Macintosh; Intel Mac OS X 10.15; rv:148.0) Gecko/20100101 Firefox/148.0","accept":"*/*","accept-language":"en-US,en;q=0.9","accept-encoding":"gzip, deflate, br, zstd","sec-gpc":"1","connection":"keep-alive","referer":"http://localhost:2368/ghost/","cookie":"**REDACTED**","sec-fetch-dest":"script","sec-fetch-mode":"cors","sec-fetch-site":"same-origin","priority":"u=1"},"query":{}},"res":{"_headers":{"x-powered-by":"Express","accept-ranges":"bytes","cache-control":"public, max-age=0, immutable","last-modified":"Sat, 26 Oct 1985 08:15:00 GMT","etag":"W/\"258-7438674ba0\"","content-type":"application/javascript; charset=UTF-8","content-length":600,"vary":"Accept-Encoding"},"statusCode":200,"responseTime":"4ms"},"msg":"","time":"2026-03-03T21:40:39.229Z","v":0}
{"name":"Log","hostname":"a275c7126250","pid":1,"level":30,"version":"6.19.4","req":{"meta":{"requestId":"b22ad8ec-954d-4120-978f-215320a9dbc2","userId":null},"url":"/index-ClxiuznT.js","method":"GET","originalUrl":"/ghost/assets/index-ClxiuznT.js","params":{},"headers":{"host":"localhost:2368","user-agent":"Mozilla/5.0 (Macintosh; Intel Mac OS X 10.15; rv:148.0) Gecko/20100101 Firefox/148.0","accept":"*/*","accept-language":"en-US,en;q=0.9","accept-encoding":"gzip, deflate, br, zstd","sec-gpc":"1","connection":"keep-alive","referer":"http://localhost:2368/ghost/","cookie":"**REDACTED**","sec-fetch-dest":"script","sec-fetch-mode":"cors","sec-fetch-site":"same-origin","priority":"u=1"},"query":{}},"res":{"_headers":{"x-powered-by":"Express","accept-ranges":"bytes","cache-control":"public, max-age=0, immutable","last-modified":"Sat, 26 Oct 1985 08:15:00 GMT","etag":"W/\"8bf-7438674ba0\"","content-type":"application/javascript; charset=UTF-8","vary":"Accept-Encoding","content-encoding":"br"},"statusCode":200,"responseTime":"7ms"},"msg":"","time":"2026-03-03T21:40:39.232Z","v":0}
{"name":"Log","hostname":"a275c7126250","pid":1,"level":30,"version":"6.19.4","req":{"meta":{"requestId":"5c152ad8-5dc1-4547-899f-29e389660ae0","userId":null},"url":"/referrers-BGMU4AKR.js","method":"GET","originalUrl":"/ghost/assets/referrers-BGMU4AKR.js","params":{},"headers":{"host":"localhost:2368","user-agent":"Mozilla/5.0 (Macintosh; Intel Mac OS X 10.15; rv:148.0) Gecko/20100101 Firefox/148.0","accept":"*/*","accept-language":"en-US,en;q=0.9","accept-encoding":"gzip, deflate, br, zstd","sec-gpc":"1","connection":"keep-alive","referer":"http://localhost:2368/ghost/","cookie":"**REDACTED**","sec-fetch-dest":"script","sec-fetch-mode":"cors","sec-fetch-site":"same-origin","priority":"u=1"},"query":{}},"res":{"_headers":{"x-powered-by":"Express","accept-ranges":"bytes","cache-control":"public, max-age=0, immutable","last-modified":"Sat, 26 Oct 1985 08:15:00 GMT","etag":"W/\"e1-7438674ba0\"","content-type":"application/javascript; charset=UTF-8","content-length":225,"vary":"Accept-Encoding"},"statusCode":200,"responseTime":"5ms"},"msg":"","time":"2026-03-03T21:40:39.232Z","v":0}
{"name":"Log","hostname":"a275c7126250","pid":1,"level":30,"version":"6.19.4","req":{"meta":{"requestId":"1de44e5a-410a-4656-9868-4d051ee8e5fe","userId":null},"url":"/newsletters-C5u7bS2C.js","method":"GET","originalUrl":"/ghost/assets/newsletters-C5u7bS2C.js","params":{},"headers":{"host":"localhost:2368","user-agent":"Mozilla/5.0 (Macintosh; Intel Mac OS X 10.15; rv:148.0) Gecko/20100101 Firefox/148.0","accept":"*/*","accept-language":"en-US,en;q=0.9","accept-encoding":"gzip, deflate, br, zstd","sec-gpc":"1","connection":"keep-alive","referer":"http://localhost:2368/ghost/","cookie":"**REDACTED**","sec-fetch-dest":"script","sec-fetch-mode":"cors","sec-fetch-site":"same-origin","priority":"u=1"},"query":{}},"res":{"_headers":{"x-powered-by":"Express","accept-ranges":"bytes","cache-control":"public, max-age=0, immutable","last-modified":"Sat, 26 Oct 1985 08:15:00 GMT","etag":"W/\"512-7438674ba0\"","content-type":"application/javascript; charset=UTF-8","vary":"Accept-Encoding","content-encoding":"br"},"statusCode":200,"responseTime":"9ms"},"msg":"","time":"2026-03-03T21:40:39.233Z","v":0}
{"name":"Log","hostname":"a275c7126250","pid":1,"level":30,"version":"6.19.4","req":{"meta":{"requestId":"81276db0-beee-482d-bc7d-319715b53e19","userId":null},"url":"/settings-cRDFWZHf.js","method":"GET","originalUrl":"/ghost/assets/settings-cRDFWZHf.js","params":{},"headers":{"host":"localhost:2368","user-agent":"Mozilla/5.0 (Macintosh; Intel Mac OS X 10.15; rv:148.0) Gecko/20100101 Firefox/148.0","accept":"*/*","accept-language":"en-US,en;q=0.9","accept-encoding":"gzip, deflate, br, zstd","sec-gpc":"1","connection":"keep-alive","referer":"http://localhost:2368/ghost/","cookie":"**REDACTED**","sec-fetch-dest":"script","sec-fetch-mode":"cors","sec-fetch-site":"same-origin","priority":"u=1"},"query":{}},"res":{"_headers":{"x-powered-by":"Express","accept-ranges":"bytes","cache-control":"public, max-age=0, immutable","last-modified":"Sat, 26 Oct 1985 08:15:00 GMT","etag":"W/\"dadea-7438674ba0\"","content-type":"application/javascript; charset=UTF-8","vary":"Accept-Encoding","content-encoding":"br"},"statusCode":200,"responseTime":"32ms"},"msg":"","time":"2026-03-03T21:40:39.256Z","v":0}
{"name":"Log","hostname":"a275c7126250","pid":1,"level":30,"version":"6.19.4","req":{"meta":{"requestId":"a7169f32-52ef-4830-9c83-36687ba66e3f","userId":null},"url":"/site/","method":"GET","originalUrl":"/ghost/api/admin/site/","params":{},"headers":{"host":"localhost:2368","user-agent":"Mozilla/5.0 (Macintosh; Intel Mac OS X 10.15; rv:148.0) Gecko/20100101 Firefox/148.0","accept":"*/*","accept-language":"en-US,en;q=0.9","accept-encoding":"gzip, deflate, br, zstd","referer":"http://localhost:2368/ghost/","app-pragma":"no-cache","sec-gpc":"1","connection":"keep-alive","cookie":"**REDACTED**","sec-fetch-dest":"empty","sec-fetch-mode":"cors","sec-fetch-site":"same-origin","priority":"u=4"},"query":{}},"res":{"_headers":{"x-powered-by":"Express","content-version":"v6.19","vary":"Accept-Version, Accept-Encoding","cache-control":"no-cache, private, no-store, must-revalidate, max-stale=0, post-check=0, pre-check=0","content-type":"application/json; charset=utf-8","content-length":"343","etag":"W/\"157-hgtaRemGZDkop9dMxlDl20/Txds\""},"statusCode":200,"responseTime":"2ms"},"msg":"","time":"2026-03-03T21:40:39.309Z","v":0}
{"name":"Log","hostname":"a275c7126250","pid":1,"level":30,"version":"6.19.4","req":{"meta":{"requestId":"dd9be9ad-fa12-46c5-970c-5ecae63a0a88","userId":"69a74bc62ef78a0001b0912c"},"url":"/config/","method":"GET","originalUrl":"/ghost/api/admin/config/","params":{},"headers":{"host":"localhost:2368","user-agent":"Mozilla/5.0 (Macintosh; Intel Mac OS X 10.15; rv:148.0) Gecko/20100101 Firefox/148.0","accept":"*/*","accept-language":"en-US,en;q=0.9","accept-encoding":"gzip, deflate, br, zstd","referer":"http://localhost:2368/ghost/","app-pragma":"no-cache","sec-gpc":"1","connection":"keep-alive","cookie":"**REDACTED**","sec-fetch-dest":"empty","sec-fetch-mode":"cors","sec-fetch-site":"same-origin","priority":"u=4"},"query":{}},"res":{"_headers":{"x-powered-by":"Express","content-version":"v6.19","vary":"Accept-Version, Accept-Encoding","cache-control":"no-cache, private, no-store, must-revalidate, max-stale=0, post-check=0, pre-check=0","content-type":"application/json; charset=utf-8","content-length":"587","etag":"W/\"24b-9eRkvYLIOv2FFtI5wHaqw0EPYuU\""},"statusCode":200,"responseTime":"22ms"},"msg":"","time":"2026-03-03T21:40:39.327Z","v":0}
{"name":"Log","hostname":"a275c7126250","pid":1,"level":30,"version":"6.19.4","req":{"meta":{"requestId":"4dab2bf8-8a01-4eb8-b5c5-8c1c22917cee","userId":null},"url":"/index-DCdbpmFr.js","method":"GET","originalUrl":"/ghost/assets/index-DCdbpmFr.js","params":{},"headers":{"host":"localhost:2368","user-agent":"Mozilla/5.0 (Macintosh; Intel Mac OS X 10.15; rv:148.0) Gecko/20100101 Firefox/148.0","accept":"*/*","accept-language":"en-US,en;q=0.9","accept-encoding":"gzip, deflate, br, zstd","sec-gpc":"1","connection":"keep-alive","referer":"http://localhost:2368/ghost/","cookie":"**REDACTED**","sec-fetch-dest":"script","sec-fetch-mode":"cors","sec-fetch-site":"same-origin","priority":"u=1"},"query":{}},"res":{"_headers":{"x-powered-by":"Express","accept-ranges":"bytes","cache-control":"public, max-age=0, immutable","last-modified":"Sat, 26 Oct 1985 08:15:00 GMT","etag":"W/\"4f3a9-7438674ba0\"","content-type":"application/javascript; charset=UTF-8","vary":"Accept-Encoding","content-encoding":"br"},"statusCode":200,"responseTime":"35ms"},"msg":"","time":"2026-03-03T21:40:39.335Z","v":0}
{"name":"Log","hostname":"a275c7126250","pid":1,"level":30,"version":"6.19.4","req":{"meta":{"requestId":"a28674b9-1039-4ca0-bab1-9d9b35f099d3","userId":"69a74bc62ef78a0001b0912c"},"url":"/settings/?group=site%2Ctheme%2Cprivate%2Cmembers%2Cportal%2Cnewsletter%2Cemail%2Clabs%2Cslack%2Cunsplash%2Cviews%2Cfirstpromoter%2Ceditor%2Ccomments%2Canalytics%2Cannouncement%2Cpintura%2Cdonations%2Csecurity%2Csocial_web%2Cexplore%2Ctransistor","method":"GET","originalUrl":"/ghost/api/admin/settings/?group=site%2Ctheme%2Cprivate%2Cmembers%2Cportal%2Cnewsletter%2Cemail%2Clabs%2Cslack%2Cunsplash%2Cviews%2Cfirstpromoter%2Ceditor%2Ccomments%2Canalytics%2Cannouncement%2Cpintura%2Cdonations%2Csecurity%2Csocial_web%2Cexplore%2Ctransistor","params":{},"headers":{"host":"localhost:2368","user-agent":"Mozilla/5.0 (Macintosh; Intel Mac OS X 10.15; rv:148.0) Gecko/20100101 Firefox/148.0","accept":"*/*","accept-language":"en-US,en;q=0.9","accept-encoding":"gzip, deflate, br, zstd","referer":"http://localhost:2368/ghost/","app-pragma":"no-cache","sec-gpc":"1","connection":"keep-alive","cookie":"**REDACTED**","sec-fetch-dest":"empty","sec-fetch-mode":"cors","sec-fetch-site":"same-origin","priority":"u=4"},"query":{"group":"site,theme,private,members,portal,newsletter,email,labs,slack,unsplash,views,firstpromoter,editor,comments,analytics,announcement,pintura,donations,security,social_web,explore,transistor"}},"res":{"_headers":{"x-powered-by":"Express","content-version":"v6.19","vary":"Accept-Version, Accept-Encoding","cache-control":"no-cache, private, no-store, must-revalidate, max-stale=0, post-check=0, pre-check=0","content-type":"application/json; charset=utf-8","etag":"W/\"13c4-ClTh2ZU7CwEuMps2TTFN15eIXvo\"","content-encoding":"br"},"statusCode":200,"responseTime":"37ms"},"msg":"","time":"2026-03-03T21:40:39.344Z","v":0}
{"name":"Log","hostname":"a275c7126250","pid":1,"level":30,"version":"6.19.4","req":{"meta":{"requestId":"f18bba9c-c8d2-4ee1-86a8-1bd1b1bb5d62","userId":"69a74bc62ef78a0001b0912c"},"url":"/tiers/","method":"GET","originalUrl":"/ghost/api/admin/tiers/","params":{},"headers":{"host":"localhost:2368","user-agent":"Mozilla/5.0 (Macintosh; Intel Mac OS X 10.15; rv:148.0) Gecko/20100101 Firefox/148.0","accept":"*/*","accept-language":"en-US,en;q=0.9","accept-encoding":"gzip, deflate, br, zstd","referer":"http://localhost:2368/ghost/","app-pragma":"no-cache","sec-gpc":"1","connection":"keep-alive","cookie":"**REDACTED**","sec-fetch-dest":"empty","sec-fetch-mode":"cors","sec-fetch-site":"same-origin","priority":"u=4"},"query":{}},"res":{"_headers":{"x-powered-by":"Express","content-version":"v6.19","vary":"Accept-Version, Accept-Encoding","cache-control":"no-cache, private, no-store, must-revalidate, max-stale=0, post-check=0, pre-check=0","content-type":"application/json; charset=utf-8","content-length":"699","etag":"W/\"2bb-xU7jy7Oz6ZFrL9bBMaor3tIAoU4\""},"statusCode":200,"responseTime":"50ms"},"msg":"","time":"2026-03-03T21:40:39.414Z","v":0}
{"name":"Log","hostname":"a275c7126250","pid":1,"level":30,"version":"6.19.4","req":{"meta":{"requestId":"e69d7b54-8049-4fb1-b9e9-2debd7e5eb53","userId":"69a74bc62ef78a0001b0912c"},"url":"/roles/?limit=100","method":"GET","originalUrl":"/ghost/api/admin/roles/?limit=100","params":{},"headers":{"host":"localhost:2368","user-agent":"Mozilla/5.0 (Macintosh; Intel Mac OS X 10.15; rv:148.0) Gecko/20100101 Firefox/148.0","accept":"*/*","accept-language":"en-US,en;q=0.9","accept-encoding":"gzip, deflate, br, zstd","referer":"http://localhost:2368/ghost/","app-pragma":"no-cache","sec-gpc":"1","connection":"keep-alive","cookie":"**REDACTED**","sec-fetch-dest":"empty","sec-fetch-mode":"cors","sec-fetch-site":"same-origin","priority":"u=4"},"query":{"limit":"100"}},"res":{"_headers":{"x-powered-by":"Express","content-version":"v6.19","vary":"Accept-Version, Accept-Encoding","cache-control":"no-cache, private, no-store, must-revalidate, max-stale=0, post-check=0, pre-check=0","content-type":"application/json; charset=utf-8","etag":"W/\"7ab-VF2F+ZbqKHA3Mg/RpX092OB/Q44\"","content-encoding":"br"},"statusCode":200,"responseTime":"67ms"},"msg":"","time":"2026-03-03T21:40:39.428Z","v":0}
{"name":"Log","hostname":"a275c7126250","pid":1,"level":30,"version":"6.19.4","req":{"meta":{"requestId":"527065a3-8bc3-4945-900d-899bd23793bf","userId":"69a74bc62ef78a0001b0912c"},"url":"/themes/","method":"GET","originalUrl":"/ghost/api/admin/themes/","params":{},"headers":{"host":"localhost:2368","user-agent":"Mozilla/5.0 (Macintosh; Intel Mac OS X 10.15; rv:148.0) Gecko/20100101 Firefox/148.0","accept":"*/*","accept-language":"en-US,en;q=0.9","accept-encoding":"gzip, deflate, br, zstd","referer":"http://localhost:2368/ghost/","app-pragma":"no-cache","sec-gpc":"1","connection":"keep-alive","cookie":"**REDACTED**","sec-fetch-dest":"empty","sec-fetch-mode":"cors","sec-fetch-site":"same-origin","priority":"u=4"},"query":{}},"res":{"_headers":{"x-powered-by":"Express","content-version":"v6.19","vary":"Accept-Version, Accept-Encoding","cache-control":"no-cache, private, no-store, must-revalidate, max-stale=0, post-check=0, pre-check=0","content-type":"application/json; charset=utf-8","etag":"W/\"1948-yJlAvZ6kyK1zgREEdZE9+9Mc2LI\"","content-encoding":"br"},"statusCode":200,"responseTime":"63ms"},"msg":"","time":"2026-03-03T21:40:39.428Z","v":0}
{"name":"Log","hostname":"a275c7126250","pid":1,"level":30,"version":"6.19.4","req":{"meta":{"requestId":"3bab953d-83e4-4967-8787-bd82f667585e","userId":"69a74bc62ef78a0001b0912c"},"url":"/automated_emails/","method":"GET","originalUrl":"/ghost/api/admin/automated_emails/","params":{},"headers":{"host":"localhost:2368","user-agent":"Mozilla/5.0 (Macintosh; Intel Mac OS X 10.15; rv:148.0) Gecko/20100101 Firefox/148.0","accept":"*/*","accept-language":"en-US,en;q=0.9","accept-encoding":"gzip, deflate, br, zstd","referer":"http://localhost:2368/ghost/","app-pragma":"no-cache","sec-gpc":"1","connection":"keep-alive","cookie":"**REDACTED**","sec-fetch-dest":"empty","sec-fetch-mode":"cors","sec-fetch-site":"same-origin","priority":"u=4"},"query":{}},"res":{"_headers":{"x-powered-by":"Express","content-version":"v6.19","vary":"Accept-Version, Accept-Encoding","cache-control":"no-cache, private, no-store, must-revalidate, max-stale=0, post-check=0, pre-check=0","content-type":"application/json; charset=utf-8","content-length":"111","etag":"W/\"6f-d8bdq+pa3mvDh7ttbJNMbLdNKH8\""},"statusCode":200,"responseTime":"60ms"},"msg":"","time":"2026-03-03T21:40:39.430Z","v":0}
{"name":"Log","hostname":"a275c7126250","pid":1,"level":30,"version":"6.19.4","req":{"meta":{"requestId":"9388c902-34fd-4b84-bdcf-15477d3d2be1","userId":"69a74bc62ef78a0001b0912c"},"url":"/invites/?limit=100&include=roles","method":"GET","originalUrl":"/ghost/api/admin/invites/?limit=100&include=roles","params":{},"headers":{"host":"localhost:2368","user-agent":"Mozilla/5.0 (Macintosh; Intel Mac OS X 10.15; rv:148.0) Gecko/20100101 Firefox/148.0","accept":"*/*","accept-language":"en-US,en;q=0.9","accept-encoding":"gzip, deflate, br, zstd","referer":"http://localhost:2368/ghost/","app-pragma":"no-cache","sec-gpc":"1","connection":"keep-alive","cookie":"**REDACTED**","sec-fetch-dest":"empty","sec-fetch-mode":"cors","sec-fetch-site":"same-origin","priority":"u=4"},"query":{"limit":"100","include":"roles"}},"res":{"_headers":{"x-powered-by":"Express","content-version":"v6.19","vary":"Accept-Version, Accept-Encoding","cache-control":"no-cache, private, no-store, must-revalidate, max-stale=0, post-check=0, pre-check=0","content-type":"application/json; charset=utf-8","content-length":"103","etag":"W/\"67-CIscpeFNk3qSAUAG80PZ+Uf3yZM\""},"statusCode":200,"responseTime":"66ms"},"msg":"","time":"2026-03-03T21:40:39.430Z","v":0}
{"name":"Log","hostname":"a275c7126250","pid":1,"level":30,"version":"6.19.4","req":{"meta":{"requestId":"341fe6c8-fb86-4d9b-adbe-59557f55ee0d","userId":"69a74bc62ef78a0001b0912c"},"url":"/newsletters/?filter=status%3Aactive&limit=1","method":"GET","originalUrl":"/ghost/api/admin/newsletters/?filter=status%3Aactive&limit=1","params":{},"headers":{"host":"localhost:2368","user-agent":"Mozilla/5.0 (Macintosh; Intel Mac OS X 10.15; rv:148.0) Gecko/20100101 Firefox/148.0","accept":"*/*","accept-language":"en-US,en;q=0.9","accept-encoding":"gzip, deflate, br, zstd","referer":"http://localhost:2368/ghost/","app-pragma":"no-cache","sec-gpc":"1","connection":"keep-alive","cookie":"**REDACTED**","sec-fetch-dest":"empty","sec-fetch-mode":"cors","sec-fetch-site":"same-origin","priority":"u=4"},"query":{"filter":"status:active","limit":"1"}},"res":{"_headers":{"x-powered-by":"Express","content-version":"v6.19","vary":"Accept-Version, Accept-Encoding","cache-control":"no-cache, private, no-store, must-revalidate, max-stale=0, post-check=0, pre-check=0","content-type":"application/json; charset=utf-8","etag":"W/\"4bb-4PUXarRKa35jU5NxIHPSvE7BU7o\"","content-encoding":"br"},"statusCode":200,"responseTime":"70ms"},"msg":"","time":"2026-03-03T21:40:39.440Z","v":0}
{"name":"Log","hostname":"a275c7126250","pid":1,"level":30,"version":"6.19.4","req":{"meta":{"requestId":"a4ce32de-082a-4016-bb4f-6a2ea2bb84eb","userId":"69a74bc62ef78a0001b0912c"},"url":"/newsletters/?include=count.active_members%2Ccount.posts&limit=50","method":"GET","originalUrl":"/ghost/api/admin/newsletters/?include=count.active_members%2Ccount.posts&limit=50","params":{},"headers":{"host":"localhost:2368","user-agent":"Mozilla/5.0 (Macintosh; Intel Mac OS X 10.15; rv:148.0) Gecko/20100101 Firefox/148.0","accept":"*/*","accept-language":"en-US,en;q=0.9","accept-encoding":"gzip, deflate, br, zstd","referer":"http://localhost:2368/ghost/","app-pragma":"no-cache","sec-gpc":"1","connection":"keep-alive","cookie":"**REDACTED**","sec-fetch-dest":"empty","sec-fetch-mode":"cors","sec-fetch-site":"same-origin","priority":"u=4"},"query":{"include":"count.active_members,count.posts","limit":"50"}},"res":{"_headers":{"x-powered-by":"Express","content-version":"v6.19","vary":"Accept-Version, Accept-Encoding","cache-control":"no-cache, private, no-store, must-revalidate, max-stale=0, post-check=0, pre-check=0","content-type":"application/json; charset=utf-8","etag":"W/\"4e3-wO2dzlP5UAKVkcq3wgyiMkLJ82M\"","content-encoding":"br"},"statusCode":200,"responseTime":"48ms"},"msg":"","time":"2026-03-03T21:40:39.464Z","v":0}
{"name":"Log","hostname":"a275c7126250","pid":1,"level":30,"version":"6.19.4","req":{"meta":{"requestId":"0fdb714c-3655-485b-97c7-d10c5526829f","userId":"69a74bc62ef78a0001b0912c"},"url":"/stats/referrers/","method":"GET","originalUrl":"/ghost/api/admin/stats/referrers/","params":{},"headers":{"host":"localhost:2368","user-agent":"Mozilla/5.0 (Macintosh; Intel Mac OS X 10.15; rv:148.0) Gecko/20100101 Firefox/148.0","accept":"*/*","accept-language":"en-US,en;q=0.9","accept-encoding":"gzip, deflate, br, zstd","referer":"http://localhost:2368/ghost/","app-pragma":"no-cache","sec-gpc":"1","connection":"keep-alive","cookie":"**REDACTED**","sec-fetch-dest":"empty","sec-fetch-mode":"cors","sec-fetch-site":"same-origin","priority":"u=4"},"query":{}},"res":{"_headers":{"x-powered-by":"Express","content-version":"v6.19","vary":"Accept-Version, Accept-Encoding","cache-control":"no-cache, private, no-store, must-revalidate, max-stale=0, post-check=0, pre-check=0","content-type":"application/json; charset=utf-8","content-length":"22","etag":"W/\"16-WcmRIiz+hBM7bbYRjg6ziVwXuLI\""},"statusCode":200,"responseTime":"36ms"},"msg":"","time":"2026-03-03T21:40:39.469Z","v":0}
{"name":"Log","hostname":"a275c7126250","pid":1,"level":30,"version":"6.19.4","req":{"meta":{"requestId":"b67c35a7-88d7-4993-809c-aaf11ee69ddb","userId":"69a74bc62ef78a0001b0912c"},"url":"/members/?limit=1","method":"GET","originalUrl":"/ghost/api/admin/members/?limit=1","params":{},"headers":{"host":"localhost:2368","user-agent":"Mozilla/5.0 (Macintosh; Intel Mac OS X 10.15; rv:148.0) Gecko/20100101 Firefox/148.0","accept":"*/*","accept-language":"en-US,en;q=0.9","accept-encoding":"gzip, deflate, br, zstd","referer":"http://localhost:2368/ghost/","app-pragma":"no-cache","sec-gpc":"1","connection":"keep-alive","cookie":"**REDACTED**","sec-fetch-dest":"empty","sec-fetch-mode":"cors","sec-fetch-site":"same-origin","priority":"u=4"},"query":{"limit":"1"}},"res":{"_headers":{"x-powered-by":"Express","content-version":"v6.19","vary":"Accept-Version, Accept-Encoding","cache-control":"no-cache, private, no-store, must-revalidate, max-stale=0, post-check=0, pre-check=0","content-type":"application/json; charset=utf-8","content-length":"101","etag":"W/\"65-f6nBT1UI6bh1EnkUkUhaEXI/ziw\""},"statusCode":200,"responseTime":"43ms"},"msg":"","time":"2026-03-03T21:40:39.474Z","v":0}
{"name":"Log","hostname":"a275c7126250","pid":1,"level":30,"version":"6.19.4","req":{"meta":{"requestId":"dcd05a17-60eb-4b3a-930f-a6f5aa85b4c2","userId":"69a74bc62ef78a0001b0912c"},"url":"/incoming_recommendations/?limit=5&order=created_at+desc","method":"GET","originalUrl":"/ghost/api/admin/incoming_recommendations/?limit=5&order=created_at+desc","params":{},"headers":{"host":"localhost:2368","user-agent":"Mozilla/5.0 (Macintosh; Intel Mac OS X 10.15; rv:148.0) Gecko/20100101 Firefox/148.0","accept":"*/*","accept-language":"en-US,en;q=0.9","accept-encoding":"gzip, deflate, br, zstd","referer":"http://localhost:2368/ghost/","app-pragma":"no-cache","sec-gpc":"1","connection":"keep-alive","cookie":"**REDACTED**","sec-fetch-dest":"empty","sec-fetch-mode":"cors","sec-fetch-site":"same-origin","priority":"u=4"},"query":{"limit":"5","order":"created_at desc"}},"res":{"_headers":{"x-powered-by":"Express","content-version":"v6.19","vary":"Accept-Version, Accept-Encoding","cache-control":"no-cache, private, no-store, must-revalidate, max-stale=0, post-check=0, pre-check=0","content-type":"application/json; charset=utf-8","content-length":"109","etag":"W/\"6d-aDlCMngXFadesmbdF27VgKzSNxE\""},"statusCode":200,"responseTime":"42ms"},"msg":"","time":"2026-03-03T21:40:39.474Z","v":0}
{"name":"Log","hostname":"a275c7126250","pid":1,"level":30,"version":"6.19.4","req":{"meta":{"requestId":"0b9a561b-49c6-4a2d-a649-71be87d8e2e1","userId":"69a74bc62ef78a0001b0912c"},"url":"/recommendations/?include=count.clicks%2Ccount.subscribers&order=created_at+desc&limit=5","method":"GET","originalUrl":"/ghost/api/admin/recommendations/?include=count.clicks%2Ccount.subscribers&order=created_at+desc&limit=5","params":{},"headers":{"host":"localhost:2368","user-agent":"Mozilla/5.0 (Macintosh; Intel Mac OS X 10.15; rv:148.0) Gecko/20100101 Firefox/148.0","accept":"*/*","accept-language":"en-US,en;q=0.9","accept-encoding":"gzip, deflate, br, zstd","referer":"http://localhost:2368/ghost/","app-pragma":"no-cache","sec-gpc":"1","connection":"keep-alive","cookie":"**REDACTED**","sec-fetch-dest":"empty","sec-fetch-mode":"cors","sec-fetch-site":"same-origin","priority":"u=4"},"query":{"include":"count.clicks,count.subscribers","order":"created_at desc","limit":"5"}},"res":{"_headers":{"x-powered-by":"Express","content-version":"v6.19","vary":"Accept-Version, Accept-Encoding","cache-control":"no-cache, private, no-store, must-revalidate, max-stale=0, post-check=0, pre-check=0","content-type":"application/json; charset=utf-8","content-length":"109","etag":"W/\"6d-C6k8ydjJ913rUrlEenifUzC6yww\""},"statusCode":200,"responseTime":"46ms"},"msg":"","time":"2026-03-03T21:40:39.478Z","v":0}
{"name":"Log","hostname":"a275c7126250","pid":1,"level":30,"version":"6.19.4","req":{"meta":{"requestId":"22922d56-a76c-4200-8ca0-3456a74565cd","userId":null},"url":"/design-settings-B-S7bLUU.png","method":"GET","originalUrl":"/ghost/assets/design-settings-B-S7bLUU.png","params":{},"headers":{"host":"localhost:2368","user-agent":"Mozilla/5.0 (Macintosh; Intel Mac OS X 10.15; rv:148.0) Gecko/20100101 Firefox/148.0","accept":"image/avif,image/jxl,image/webp,image/png,image/svg+xml,image/*;q=0.8,*/*;q=0.5","accept-language":"en-US,en;q=0.9","accept-encoding":"gzip, deflate, br, zstd","sec-gpc":"1","connection":"keep-alive","referer":"http://localhost:2368/ghost/","cookie":"**REDACTED**","sec-fetch-dest":"image","sec-fetch-mode":"no-cors","sec-fetch-site":"same-origin","priority":"u=5, i"},"query":{}},"res":{"_headers":{"x-powered-by":"Express","accept-ranges":"bytes","cache-control":"public, max-age=0, immutable","last-modified":"Sat, 26 Oct 1985 08:15:00 GMT","etag":"W/\"a542-7438674ba0\"","content-type":"image/png","content-length":42306},"statusCode":200,"responseTime":"10ms"},"msg":"","time":"2026-03-03T21:40:39.479Z","v":0}
{"name":"Log","hostname":"a275c7126250","pid":1,"level":30,"version":"6.19.4","req":{"meta":{"requestId":"907cd226-85d0-44f0-9690-947f358d115b","userId":null},"url":"/explore-default-logo-DyP-dkSK.png","method":"GET","originalUrl":"/ghost/assets/explore-default-logo-DyP-dkSK.png","params":{},"headers":{"host":"localhost:2368","user-agent":"Mozilla/5.0 (Macintosh; Intel Mac OS X 10.15; rv:148.0) Gecko/20100101 Firefox/148.0","accept":"image/avif,image/jxl,image/webp,image/png,image/svg+xml,image/*;q=0.8,*/*;q=0.5","accept-language":"en-US,en;q=0.9","accept-encoding":"gzip, deflate, br, zstd","sec-gpc":"1","connection":"keep-alive","referer":"http://localhost:2368/ghost/","cookie":"**REDACTED**","sec-fetch-dest":"image","sec-fetch-mode":"no-cors","sec-fetch-site":"same-origin","priority":"u=5, i"},"query":{}},"res":{"_headers":{"x-powered-by":"Express","accept-ranges":"bytes","cache-control":"public, max-age=0, immutable","last-modified":"Sat, 26 Oct 1985 08:15:00 GMT","etag":"W/\"2ab8-7438674ba0\"","content-type":"image/png","content-length":10936},"statusCode":200,"responseTime":"6ms"},"msg":"","time":"2026-03-03T21:40:39.481Z","v":0}
{"name":"Log","hostname":"a275c7126250","pid":1,"level":30,"version":"6.19.4","req":{"meta":{"requestId":"8cbe2582-810f-4e3e-a7bd-71bfd8ab4fe7","userId":null},"url":"/integrations-settings-B7r1LnOP.png","method":"GET","originalUrl":"/ghost/assets/integrations-settings-B7r1LnOP.png","params":{},"headers":{"host":"localhost:2368","user-agent":"Mozilla/5.0 (Macintosh; Intel Mac OS X 10.15; rv:148.0) Gecko/20100101 Firefox/148.0","accept":"image/avif,image/jxl,image/webp,image/png,image/svg+xml,image/*;q=0.8,*/*;q=0.5","accept-language":"en-US,en;q=0.9","accept-encoding":"gzip, deflate, br, zstd","sec-gpc":"1","connection":"keep-alive","referer":"http://localhost:2368/ghost/","cookie":"**REDACTED**","sec-fetch-dest":"image","sec-fetch-mode":"no-cors","sec-fetch-site":"same-origin","priority":"u=5, i"},"query":{}},"res":{"_headers":{"x-powered-by":"Express","accept-ranges":"bytes","cache-control":"public, max-age=0, immutable","last-modified":"Sat, 26 Oct 1985 08:15:00 GMT","etag":"W/\"21664-7438674ba0\"","content-type":"image/png","content-length":136804},"statusCode":200,"responseTime":"11ms"},"msg":"","time":"2026-03-03T21:40:39.486Z","v":0}
{"name":"Log","hostname":"a275c7126250","pid":1,"level":30,"version":"6.19.4","req":{"meta":{"requestId":"e2343016-878b-403f-8fa1-dde6c4f7982e","userId":"69a74bc62ef78a0001b0912c"},"url":"/integrations/?include=api_keys%2Cwebhooks&limit=50","method":"GET","originalUrl":"/ghost/api/admin/integrations/?include=api_keys%2Cwebhooks&limit=50","params":{},"headers":{"host":"localhost:2368","user-agent":"Mozilla/5.0 (Macintosh; Intel Mac OS X 10.15; rv:148.0) Gecko/20100101 Firefox/148.0","accept":"*/*","accept-language":"en-US,en;q=0.9","accept-encoding":"gzip, deflate, br, zstd","referer":"http://localhost:2368/ghost/","app-pragma":"no-cache","sec-gpc":"1","connection":"keep-alive","cookie":"**REDACTED**","sec-fetch-dest":"empty","sec-fetch-mode":"cors","sec-fetch-site":"same-origin","priority":"u=4"},"query":{"include":"api_keys,webhooks","limit":"50"}},"res":{"_headers":{"x-powered-by":"Express","content-version":"v6.19","vary":"Accept-Version, Accept-Encoding","cache-control":"no-cache, private, no-store, must-revalidate, max-stale=0, post-check=0, pre-check=0","content-type":"application/json; charset=utf-8","etag":"W/\"cbe-afdn0scQeCepmxFOk4kG3OU0I4A\"","content-encoding":"br"},"statusCode":200,"responseTime":"46ms"},"msg":"","time":"2026-03-03T21:40:39.489Z","v":0}
{"name":"Log","hostname":"a275c7126250","pid":1,"level":30,"version":"6.19.4","req":{"meta":{"requestId":"2f308dee-15b5-4fe6-9cf1-4332f6507c82","userId":null},"url":"/network-BsaAQxl3.png","method":"GET","originalUrl":"/ghost/assets/network-BsaAQxl3.png","params":{},"headers":{"host":"localhost:2368","user-agent":"Mozilla/5.0 (Macintosh; Intel Mac OS X 10.15; rv:148.0) Gecko/20100101 Firefox/148.0","accept":"image/avif,image/jxl,image/webp,image/png,image/svg+xml,image/*;q=0.8,*/*;q=0.5","accept-language":"en-US,en;q=0.9","accept-encoding":"gzip, deflate, br, zstd","sec-gpc":"1","connection":"keep-alive","referer":"http://localhost:2368/ghost/","cookie":"**REDACTED**","sec-fetch-dest":"image","sec-fetch-mode":"no-cors","sec-fetch-site":"same-origin","priority":"u=5, i"},"query":{}},"res":{"_headers":{"x-powered-by":"Express","accept-ranges":"bytes","cache-control":"public, max-age=0, immutable","last-modified":"Sat, 26 Oct 1985 08:15:00 GMT","etag":"W/\"60a50-7438674ba0\"","content-type":"image/png","content-length":395856},"statusCode":200,"responseTime":"15ms"},"msg":"","time":"2026-03-03T21:40:39.490Z","v":0}
{"name":"Log","hostname":"a275c7126250","pid":1,"level":30,"version":"6.19.4","req":{"meta":{"requestId":"4069c8ec-3007-40a3-b19f-ba3a5e7ce7f8","userId":"69a74bc62ef78a0001b0912c"},"url":"/members/?limit=1","method":"GET","originalUrl":"/ghost/api/admin/members/?limit=1","params":{},"headers":{"host":"localhost:2368","user-agent":"Mozilla/5.0 (Macintosh; Intel Mac OS X 10.15; rv:148.0) Gecko/20100101 Firefox/148.0","accept":"*/*","accept-language":"en-US,en;q=0.9","accept-encoding":"gzip, deflate, br, zstd","referer":"http://localhost:2368/ghost/","app-pragma":"no-cache","sec-gpc":"1","connection":"keep-alive","cookie":"**REDACTED**","sec-fetch-dest":"empty","sec-fetch-mode":"cors","sec-fetch-site":"same-origin","priority":"u=4"},"query":{"limit":"1"}},"res":{"_headers":{"x-powered-by":"Express","content-version":"v6.19","vary":"Accept-Version, Accept-Encoding","cache-control":"no-cache, private, no-store, must-revalidate, max-stale=0, post-check=0, pre-check=0","content-type":"application/json; charset=utf-8","content-length":"101","etag":"W/\"65-f6nBT1UI6bh1EnkUkUhaEXI/ziw\""},"statusCode":200,"responseTime":"13ms"},"msg":"","time":"2026-03-03T21:40:39.494Z","v":0}
{"name":"Log","hostname":"a275c7126250","pid":1,"level":30,"version":"6.19.4","req":{"meta":{"requestId":"c40d0936-f9c9-4c15-9372-a4caa8463de4","userId":null},"url":"/modals-BKa6wJ_I.css","method":"GET","originalUrl":"/ghost/assets/modals-BKa6wJ_I.css","params":{},"headers":{"host":"localhost:2368","user-agent":"Mozilla/5.0 (Macintosh; Intel Mac OS X 10.15; rv:148.0) Gecko/20100101 Firefox/148.0","accept":"text/css,*/*;q=0.1","accept-language":"en-US,en;q=0.9","accept-encoding":"gzip, deflate, br, zstd","sec-gpc":"1","connection":"keep-alive","referer":"http://localhost:2368/ghost/","cookie":"**REDACTED**","sec-fetch-dest":"style","sec-fetch-mode":"cors","sec-fetch-site":"same-origin","priority":"u=2"},"query":{}},"res":{"_headers":{"x-powered-by":"Express","accept-ranges":"bytes","cache-control":"public, max-age=0, immutable","last-modified":"Sat, 26 Oct 1985 08:15:00 GMT","etag":"W/\"1be1-7438674ba0\"","content-type":"text/css; charset=UTF-8","vary":"Accept-Encoding","content-encoding":"br"},"statusCode":200,"responseTime":"3ms"},"msg":"","time":"2026-03-03T21:40:40.310Z","v":0}
{"name":"Log","hostname":"a275c7126250","pid":1,"level":30,"version":"6.19.4","req":{"meta":{"requestId":"fe31abb7-c1aa-4ca8-8c10-614c93a59bd9","userId":null},"url":"/modals-CAJTaDJg.js","method":"GET","originalUrl":"/ghost/assets/modals-CAJTaDJg.js","params":{},"headers":{"host":"localhost:2368","user-agent":"Mozilla/5.0 (Macintosh; Intel Mac OS X 10.15; rv:148.0) Gecko/20100101 Firefox/148.0","accept":"*/*","accept-language":"en-US,en;q=0.9","accept-encoding":"gzip, deflate, br, zstd","sec-gpc":"1","connection":"keep-alive","referer":"http://localhost:2368/ghost/","cookie":"**REDACTED**","sec-fetch-dest":"script","sec-fetch-mode":"cors","sec-fetch-site":"same-origin","priority":"u=1"},"query":{}},"res":{"_headers":{"x-powered-by":"Express","accept-ranges":"bytes","cache-control":"public, max-age=0, immutable","last-modified":"Sat, 26 Oct 1985 08:15:00 GMT","etag":"W/\"9a0aa-7438674ba0\"","content-type":"application/javascript; charset=UTF-8","vary":"Accept-Encoding","content-encoding":"br"},"statusCode":200,"responseTime":"16ms"},"msg":"","time":"2026-03-03T21:40:40.322Z","v":0}
{"name":"Log","hostname":"a275c7126250","pid":1,"level":30,"version":"6.19.4","req":{"meta":{"requestId":"a7f094d1-751b-449c-a9c7-d4c000107b5f","userId":"69a74bc62ef78a0001b0912c"},"url":"/settings/","method":"PUT","originalUrl":"/ghost/api/admin/settings/","params":{},"headers":{"host":"localhost:2368","user-agent":"Mozilla/5.0 (Macintosh; Intel Mac OS X 10.15; rv:148.0) Gecko/20100101 Firefox/148.0","accept":"*/*","accept-language":"en-US,en;q=0.9","accept-encoding":"gzip, deflate, br, zstd","referer":"http://localhost:2368/ghost/","app-pragma":"no-cache","content-type":"application/json","content-length":"60","origin":"http://localhost:2368","sec-gpc":"1","connection":"keep-alive","cookie":"**REDACTED**","sec-fetch-dest":"empty","sec-fetch-mode":"cors","sec-fetch-site":"same-origin","priority":"u=0"},"query":{}},"res":{"_headers":{"x-powered-by":"Express","content-version":"v6.19","vary":"Accept-Version, Origin, Accept-Encoding","cache-control":"no-cache, private, no-store, must-revalidate, max-stale=0, post-check=0, pre-check=0","access-control-allow-origin":"http://localhost:2368","x-cache-invalidate":"/*","content-type":"application/json; charset=utf-8","etag":"W/\"1373-8V2FpmPITSCqLBppW9mGrOxk4xY\"","content-encoding":"br"},"statusCode":200,"responseTime":"42ms"},"msg":"","time":"2026-03-03T21:41:08.200Z","v":0}
{"name":"Log","hostname":"a275c7126250","pid":1,"level":30,"version":"6.19.4","req":{"meta":{"requestId":"05216f5e-3046-40cb-86bb-8651137868ca","userId":null},"url":"/site/","method":"GET","originalUrl":"/ghost/api/admin/site/","params":{},"headers":{"host":"localhost:2368","user-agent":"Mozilla/5.0 (Macintosh; Intel Mac OS X 10.15; rv:148.0) Gecko/20100101 Firefox/148.0","accept":"*/*","accept-language":"en-US,en;q=0.9","accept-encoding":"gzip, deflate, br, zstd","referer":"http://localhost:2368/ghost/","app-pragma":"no-cache","sec-gpc":"1","connection":"keep-alive","cookie":"**REDACTED**","sec-fetch-dest":"empty","sec-fetch-mode":"cors","sec-fetch-site":"same-origin","priority":"u=4"},"query":{}},"res":{"_headers":{"x-powered-by":"Express","content-version":"v6.19","vary":"Accept-Version, Accept-Encoding","cache-control":"no-cache, private, no-store, must-revalidate, max-stale=0, post-check=0, pre-check=0","content-type":"application/json; charset=utf-8","content-length":"343","etag":"W/\"157-hgtaRemGZDkop9dMxlDl20/Txds\""},"statusCode":200,"responseTime":"1ms"},"msg":"","time":"2026-03-03T21:41:08.218Z","v":0}
{"name":"Log","hostname":"a275c7126250","pid":1,"level":30,"version":"6.19.4","req":{"meta":{"requestId":"21d75fe2-bb56-44ae-b4d6-41e7b5ca568d","userId":"69a74bc62ef78a0001b0912c"},"url":"/config/","method":"GET","originalUrl":"/ghost/api/admin/config/","params":{},"headers":{"host":"localhost:2368","user-agent":"Mozilla/5.0 (Macintosh; Intel Mac OS X 10.15; rv:148.0) Gecko/20100101 Firefox/148.0","accept":"*/*","accept-language":"en-US,en;q=0.9","accept-encoding":"gzip, deflate, br, zstd","referer":"http://localhost:2368/ghost/","app-pragma":"no-cache","sec-gpc":"1","connection":"keep-alive","cookie":"**REDACTED**","sec-fetch-dest":"empty","sec-fetch-mode":"cors","sec-fetch-site":"same-origin","priority":"u=4"},"query":{}},"res":{"_headers":{"x-powered-by":"Express","content-version":"v6.19","vary":"Accept-Version, Accept-Encoding","cache-control":"no-cache, private, no-store, must-revalidate, max-stale=0, post-check=0, pre-check=0","content-type":"application/json; charset=utf-8","content-length":"587","etag":"W/\"24b-9eRkvYLIOv2FFtI5wHaqw0EPYuU\""},"statusCode":200,"responseTime":"20ms"},"msg":"","time":"2026-03-03T21:41:08.248Z","v":0}
{"name":"Log","hostname":"a275c7126250","pid":1,"level":30,"version":"6.19.4","req":{"meta":{"requestId":"00ef68bf-b31c-4c92-ada7-934889a5372f","userId":"69a74bc62ef78a0001b0912c"},"url":"/settings/?group=site%2Ctheme%2Cprivate%2Cmembers%2Cportal%2Cnewsletter%2Cemail%2Clabs%2Cslack%2Cunsplash%2Cviews%2Cfirstpromoter%2Ceditor%2Ccomments%2Canalytics%2Cannouncement%2Cpintura%2Cdonations%2Crecommendations%2Csecurity%2Csocial_web%2Cexplore","method":"GET","originalUrl":"/ghost/api/admin/settings/?group=site%2Ctheme%2Cprivate%2Cmembers%2Cportal%2Cnewsletter%2Cemail%2Clabs%2Cslack%2Cunsplash%2Cviews%2Cfirstpromoter%2Ceditor%2Ccomments%2Canalytics%2Cannouncement%2Cpintura%2Cdonations%2Crecommendations%2Csecurity%2Csocial_web%2Cexplore","params":{},"headers":{"host":"localhost:2368","user-agent":"Mozilla/5.0 (Macintosh; Intel Mac OS X 10.15; rv:148.0) Gecko/20100101 Firefox/148.0","accept":"application/json, text/javascript, */*; q=0.01","accept-language":"en-US,en;q=0.9","accept-encoding":"gzip, deflate, br, zstd","content-type":"application/json; charset=UTF-8","app-pragma":"no-cache","x-requested-with":"XMLHttpRequest","sec-gpc":"1","connection":"keep-alive","referer":"http://localhost:2368/ghost/","cookie":"**REDACTED**","sec-fetch-dest":"empty","sec-fetch-mode":"cors","sec-fetch-site":"same-origin"},"query":{"group":"site,theme,private,members,portal,newsletter,email,labs,slack,unsplash,views,firstpromoter,editor,comments,analytics,announcement,pintura,donations,recommendations,security,social_web,explore"}},"res":{"_headers":{"x-powered-by":"Express","content-version":"v6.19","vary":"Accept-Version, Accept-Encoding","cache-control":"no-cache, private, no-store, must-revalidate, max-stale=0, post-check=0, pre-check=0","content-type":"application/json; charset=utf-8","etag":"W/\"1289-uCjX/PWbYqpLvceiDJL9+yPyiEY\"","content-encoding":"br"},"statusCode":200,"responseTime":"37ms"},"msg":"","time":"2026-03-03T21:41:08.257Z","v":0}
{"name":"Log","hostname":"a275c7126250","pid":1,"level":30,"version":"6.19.4","req":{"meta":{"requestId":"8faa5215-080d-41eb-a397-1cdced7e037a","userId":"69a74bc62ef78a0001b0912c"},"url":"/themes/active/","method":"GET","originalUrl":"/ghost/api/admin/themes/active/","params":{},"headers":{"host":"localhost:2368","user-agent":"Mozilla/5.0 (Macintosh; Intel Mac OS X 10.15; rv:148.0) Gecko/20100101 Firefox/148.0","accept":"*/*","accept-language":"en-US,en;q=0.9","accept-encoding":"gzip, deflate, br, zstd","referer":"http://localhost:2368/ghost/","app-pragma":"no-cache","sec-gpc":"1","connection":"keep-alive","cookie":"**REDACTED**","sec-fetch-dest":"empty","sec-fetch-mode":"cors","sec-fetch-site":"same-origin","priority":"u=4"},"query":{}},"res":{"_headers":{"x-powered-by":"Express","content-version":"v6.19","vary":"Accept-Version, Accept-Encoding","cache-control":"no-cache, private, no-store, must-revalidate, max-stale=0, post-check=0, pre-check=0","content-type":"application/json; charset=utf-8","etag":"W/\"e93-rJ65zfyElQqbqi/vH2pWLKGkojE\"","content-encoding":"br"},"statusCode":200,"responseTime":"41ms"},"msg":"","time":"2026-03-03T21:41:08.262Z","v":0}
{"name":"Log","hostname":"a275c7126250","pid":1,"level":30,"version":"6.19.4","req":{"meta":{"requestId":"3ca39949-3653-4914-9415-df84515d6482","userId":"69a74bc62ef78a0001b0912c"},"url":"/users/me/?include=roles","method":"GET","originalUrl":"/ghost/api/admin/users/me/?include=roles","params":{"id":"me"},"headers":{"host":"localhost:2368","user-agent":"Mozilla/5.0 (Macintosh; Intel Mac OS X 10.15; rv:148.0) Gecko/20100101 Firefox/148.0","accept":"*/*","accept-language":"en-US,en;q=0.9","accept-encoding":"gzip, deflate, br, zstd","referer":"http://localhost:2368/ghost/","app-pragma":"no-cache","sec-gpc":"1","connection":"keep-alive","cookie":"**REDACTED**","sec-fetch-dest":"empty","sec-fetch-mode":"cors","sec-fetch-site":"same-origin","priority":"u=4"},"query":{"include":"roles"}},"res":{"_headers":{"x-powered-by":"Express","content-version":"v6.19","vary":"Accept-Version, Accept-Encoding","cache-control":"no-cache, private, no-store, must-revalidate, max-stale=0, post-check=0, pre-check=0","content-type":"application/json; charset=utf-8","etag":"W/\"4f7-hfz/LoRGdieuBId5ClBFvHCbsDg\"","content-encoding":"br"},"statusCode":200,"responseTime":"54ms"},"msg":"","time":"2026-03-03T21:41:08.267Z","v":0}
{"name":"Log","hostname":"a275c7126250","pid":1,"level":30,"version":"6.19.4","req":{"meta":{"requestId":"31ac40e7-6c08-40e0-bde0-5290a327c579","userId":"69a74bc62ef78a0001b0912c"},"url":"/members/?limit=1","method":"GET","originalUrl":"/ghost/api/admin/members/?limit=1","params":{},"headers":{"host":"localhost:2368","user-agent":"Mozilla/5.0 (Macintosh; Intel Mac OS X 10.15; rv:148.0) Gecko/20100101 Firefox/148.0","accept":"*/*","accept-language":"en-US,en;q=0.9","accept-encoding":"gzip, deflate, br, zstd","referer":"http://localhost:2368/ghost/","app-pragma":"no-cache","sec-gpc":"1","connection":"keep-alive","cookie":"**REDACTED**","sec-fetch-dest":"empty","sec-fetch-mode":"cors","sec-fetch-site":"same-origin","priority":"u=4"},"query":{"limit":"1"}},"res":{"_headers":{"x-powered-by":"Express","content-version":"v6.19","vary":"Accept-Version, Accept-Encoding","cache-control":"no-cache, private, no-store, must-revalidate, max-stale=0, post-check=0, pre-check=0","content-type":"application/json; charset=utf-8","content-length":"101","etag":"W/\"65-f6nBT1UI6bh1EnkUkUhaEXI/ziw\""},"statusCode":200,"responseTime":"47ms"},"msg":"","time":"2026-03-03T21:41:08.271Z","v":0}
{"name":"Log","hostname":"a275c7126250","pid":1,"level":30,"version":"6.19.4","req":{"meta":{"requestId":"d01c702e-7f29-440f-9974-1fcde5838e4e","userId":"69a74bc62ef78a0001b0912c"},"url":"/users/?limit=100&include=roles","method":"GET","originalUrl":"/ghost/api/admin/users/?limit=100&include=roles","params":{},"headers":{"host":"localhost:2368","user-agent":"Mozilla/5.0 (Macintosh; Intel Mac OS X 10.15; rv:148.0) Gecko/20100101 Firefox/148.0","accept":"*/*","accept-language":"en-US,en;q=0.9","accept-encoding":"gzip, deflate, br, zstd","referer":"http://localhost:2368/ghost/","app-pragma":"no-cache","sec-gpc":"1","connection":"keep-alive","cookie":"**REDACTED**","sec-fetch-dest":"empty","sec-fetch-mode":"cors","sec-fetch-site":"same-origin","priority":"u=4"},"query":{"limit":"100","include":"roles"}},"res":{"_headers":{"x-powered-by":"Express","content-version":"v6.19","vary":"Accept-Version, Accept-Encoding","cache-control":"no-cache, private, no-store, must-revalidate, max-stale=0, post-check=0, pre-check=0","content-type":"application/json; charset=utf-8","etag":"W/\"550-+aiQlvmAIpbFH3YH3s+QT+3OFe4\"","content-encoding":"br"},"statusCode":200,"responseTime":"56ms"},"msg":"","time":"2026-03-03T21:41:08.286Z","v":0}
{"name":"Log","hostname":"a275c7126250","pid":1,"level":30,"version":"6.19.4","req":{"meta":{"requestId":"b196f317-064e-4dda-ad2a-1f54a29e780e","userId":"69a74bc62ef78a0001b0912c"},"url":"/tiers/","method":"GET","originalUrl":"/ghost/api/admin/tiers/","params":{},"headers":{"host":"localhost:2368","user-agent":"Mozilla/5.0 (Macintosh; Intel Mac OS X 10.15; rv:148.0) Gecko/20100101 Firefox/148.0","accept":"*/*","accept-language":"en-US,en;q=0.9","accept-encoding":"gzip, deflate, br, zstd","referer":"http://localhost:2368/ghost/","app-pragma":"no-cache","sec-gpc":"1","connection":"keep-alive","cookie":"**REDACTED**","sec-fetch-dest":"empty","sec-fetch-mode":"cors","sec-fetch-site":"same-origin","priority":"u=4"},"query":{}},"res":{"_headers":{"x-powered-by":"Express","content-version":"v6.19","vary":"Accept-Version, Accept-Encoding","cache-control":"no-cache, private, no-store, must-revalidate, max-stale=0, post-check=0, pre-check=0","content-type":"application/json; charset=utf-8","content-length":"699","etag":"W/\"2bb-xU7jy7Oz6ZFrL9bBMaor3tIAoU4\""},"statusCode":200,"responseTime":"28ms"},"msg":"","time":"2026-03-03T21:41:08.301Z","v":0}
{"name":"Log","hostname":"a275c7126250","pid":1,"level":30,"version":"6.19.4","req":{"meta":{"requestId":"3604d904-47ea-4879-89fc-df8a6331cd9c","userId":"69a74bc62ef78a0001b0912c"},"url":"/invites/?limit=100&include=roles","method":"GET","originalUrl":"/ghost/api/admin/invites/?limit=100&include=roles","params":{},"headers":{"host":"localhost:2368","user-agent":"Mozilla/5.0 (Macintosh; Intel Mac OS X 10.15; rv:148.0) Gecko/20100101 Firefox/148.0","accept":"*/*","accept-language":"en-US,en;q=0.9","accept-encoding":"gzip, deflate, br, zstd","referer":"http://localhost:2368/ghost/","app-pragma":"no-cache","sec-gpc":"1","connection":"keep-alive","cookie":"**REDACTED**","sec-fetch-dest":"empty","sec-fetch-mode":"cors","sec-fetch-site":"same-origin","priority":"u=4"},"query":{"limit":"100","include":"roles"}},"res":{"_headers":{"x-powered-by":"Express","content-version":"v6.19","vary":"Accept-Version, Accept-Encoding","cache-control":"no-cache, private, no-store, must-revalidate, max-stale=0, post-check=0, pre-check=0","content-type":"application/json; charset=utf-8","content-length":"103","etag":"W/\"67-CIscpeFNk3qSAUAG80PZ+Uf3yZM\""},"statusCode":200,"responseTime":"52ms"},"msg":"","time":"2026-03-03T21:41:08.306Z","v":0}
{"name":"Log","hostname":"a275c7126250","pid":1,"level":30,"version":"6.19.4","req":{"meta":{"requestId":"c9a3f13e-b33f-4c88-a9c8-e95aa01ea4fa","userId":"69a74bc62ef78a0001b0912c"},"url":"/themes/","method":"GET","originalUrl":"/ghost/api/admin/themes/","params":{},"headers":{"host":"localhost:2368","user-agent":"Mozilla/5.0 (Macintosh; Intel Mac OS X 10.15; rv:148.0) Gecko/20100101 Firefox/148.0","accept":"*/*","accept-language":"en-US,en;q=0.9","accept-encoding":"gzip, deflate, br, zstd","referer":"http://localhost:2368/ghost/","app-pragma":"no-cache","sec-gpc":"1","connection":"keep-alive","cookie":"**REDACTED**","sec-fetch-dest":"empty","sec-fetch-mode":"cors","sec-fetch-site":"same-origin","priority":"u=4"},"query":{}},"res":{"_headers":{"x-powered-by":"Express","content-version":"v6.19","vary":"Accept-Version, Accept-Encoding","cache-control":"no-cache, private, no-store, must-revalidate, max-stale=0, post-check=0, pre-check=0","content-type":"application/json; charset=utf-8","etag":"W/\"1948-yJlAvZ6kyK1zgREEdZE9+9Mc2LI\"","content-encoding":"br"},"statusCode":200,"responseTime":"37ms"},"msg":"","time":"2026-03-03T21:41:08.309Z","v":0}
{"name":"Log","hostname":"a275c7126250","pid":1,"level":30,"version":"6.19.4","req":{"meta":{"requestId":"ba645ace-b2e5-4485-8bfe-30f94aee49ec","userId":"69a74bc62ef78a0001b0912c"},"url":"/newsletters/?filter=status%3Aactive&limit=1","method":"GET","originalUrl":"/ghost/api/admin/newsletters/?filter=status%3Aactive&limit=1","params":{},"headers":{"host":"localhost:2368","user-agent":"Mozilla/5.0 (Macintosh; Intel Mac OS X 10.15; rv:148.0) Gecko/20100101 Firefox/148.0","accept":"*/*","accept-language":"en-US,en;q=0.9","accept-encoding":"gzip, deflate, br, zstd","referer":"http://localhost:2368/ghost/","app-pragma":"no-cache","sec-gpc":"1","connection":"keep-alive","cookie":"**REDACTED**","sec-fetch-dest":"empty","sec-fetch-mode":"cors","sec-fetch-site":"same-origin","priority":"u=4"},"query":{"filter":"status:active","limit":"1"}},"res":{"_headers":{"x-powered-by":"Express","content-version":"v6.19","vary":"Accept-Version, Accept-Encoding","cache-control":"no-cache, private, no-store, must-revalidate, max-stale=0, post-check=0, pre-check=0","content-type":"application/json; charset=utf-8","etag":"W/\"4bb-4PUXarRKa35jU5NxIHPSvE7BU7o\"","content-encoding":"br"},"statusCode":200,"responseTime":"44ms"},"msg":"","time":"2026-03-03T21:41:08.311Z","v":0}
{"name":"Log","hostname":"a275c7126250","pid":1,"level":30,"version":"6.19.4","req":{"meta":{"requestId":"4dae04f4-9a69-498b-a731-b50001dccf60","userId":"69a74bc62ef78a0001b0912c"},"url":"/roles/?limit=100","method":"GET","originalUrl":"/ghost/api/admin/roles/?limit=100","params":{},"headers":{"host":"localhost:2368","user-agent":"Mozilla/5.0 (Macintosh; Intel Mac OS X 10.15; rv:148.0) Gecko/20100101 Firefox/148.0","accept":"*/*","accept-language":"en-US,en;q=0.9","accept-encoding":"gzip, deflate, br, zstd","referer":"http://localhost:2368/ghost/","app-pragma":"no-cache","sec-gpc":"1","connection":"keep-alive","cookie":"**REDACTED**","sec-fetch-dest":"empty","sec-fetch-mode":"cors","sec-fetch-site":"same-origin","priority":"u=4"},"query":{"limit":"100"}},"res":{"_headers":{"x-powered-by":"Express","content-version":"v6.19","vary":"Accept-Version, Accept-Encoding","cache-control":"no-cache, private, no-store, must-revalidate, max-stale=0, post-check=0, pre-check=0","content-type":"application/json; charset=utf-8","etag":"W/\"7ab-VF2F+ZbqKHA3Mg/RpX092OB/Q44\"","content-encoding":"br"},"statusCode":200,"responseTime":"55ms"},"msg":"","time":"2026-03-03T21:41:08.318Z","v":0}
{"name":"Log","hostname":"a275c7126250","pid":1,"level":30,"version":"6.19.4","req":{"meta":{"requestId":"f94f6d58-8cce-471c-9653-ff02b38dab01","userId":"69a74bc62ef78a0001b0912c"},"url":"/automated_emails/","method":"GET","originalUrl":"/ghost/api/admin/automated_emails/","params":{},"headers":{"host":"localhost:2368","user-agent":"Mozilla/5.0 (Macintosh; Intel Mac OS X 10.15; rv:148.0) Gecko/20100101 Firefox/148.0","accept":"*/*","accept-language":"en-US,en;q=0.9","accept-encoding":"gzip, deflate, br, zstd","referer":"http://localhost:2368/ghost/","app-pragma":"no-cache","sec-gpc":"1","connection":"keep-alive","cookie":"**REDACTED**","sec-fetch-dest":"empty","sec-fetch-mode":"cors","sec-fetch-site":"same-origin","priority":"u=4"},"query":{}},"res":{"_headers":{"x-powered-by":"Express","content-version":"v6.19","vary":"Accept-Version, Accept-Encoding","cache-control":"no-cache, private, no-store, must-revalidate, max-stale=0, post-check=0, pre-check=0","content-type":"application/json; charset=utf-8","content-length":"111","etag":"W/\"6f-d8bdq+pa3mvDh7ttbJNMbLdNKH8\""},"statusCode":200,"responseTime":"44ms"},"msg":"","time":"2026-03-03T21:41:08.336Z","v":0}
{"name":"Log","hostname":"a275c7126250","pid":1,"level":30,"version":"6.19.4","req":{"meta":{"requestId":"b54315c2-25bc-4b78-9333-0511813ca061","userId":"69a74bc62ef78a0001b0912c"},"url":"/newsletters/?include=count.active_members%2Ccount.posts&limit=50","method":"GET","originalUrl":"/ghost/api/admin/newsletters/?include=count.active_members%2Ccount.posts&limit=50","params":{},"headers":{"host":"localhost:2368","user-agent":"Mozilla/5.0 (Macintosh; Intel Mac OS X 10.15; rv:148.0) Gecko/20100101 Firefox/148.0","accept":"*/*","accept-language":"en-US,en;q=0.9","accept-encoding":"gzip, deflate, br, zstd","referer":"http://localhost:2368/ghost/","app-pragma":"no-cache","sec-gpc":"1","connection":"keep-alive","cookie":"**REDACTED**","sec-fetch-dest":"empty","sec-fetch-mode":"cors","sec-fetch-site":"same-origin","priority":"u=4"},"query":{"include":"count.active_members,count.posts","limit":"50"}},"res":{"_headers":{"x-powered-by":"Express","content-version":"v6.19","vary":"Accept-Version, Accept-Encoding","cache-control":"no-cache, private, no-store, must-revalidate, max-stale=0, post-check=0, pre-check=0","content-type":"application/json; charset=utf-8","etag":"W/\"4e3-wO2dzlP5UAKVkcq3wgyiMkLJ82M\"","content-encoding":"br"},"statusCode":200,"responseTime":"35ms"},"msg":"","time":"2026-03-03T21:41:08.336Z","v":0}
{"name":"Log","hostname":"a275c7126250","pid":1,"level":30,"version":"6.19.4","req":{"meta":{"requestId":"ec01e5f1-bd1c-4ef6-899c-ac10dcaf7463","userId":"69a74bc62ef78a0001b0912c"},"url":"/recommendations/?include=count.clicks%2Ccount.subscribers&order=created_at+desc&limit=5","method":"GET","originalUrl":"/ghost/api/admin/recommendations/?include=count.clicks%2Ccount.subscribers&order=created_at+desc&limit=5","params":{},"headers":{"host":"localhost:2368","user-agent":"Mozilla/5.0 (Macintosh; Intel Mac OS X 10.15; rv:148.0) Gecko/20100101 Firefox/148.0","accept":"*/*","accept-language":"en-US,en;q=0.9","accept-encoding":"gzip, deflate, br, zstd","referer":"http://localhost:2368/ghost/","app-pragma":"no-cache","sec-gpc":"1","connection":"keep-alive","cookie":"**REDACTED**","sec-fetch-dest":"empty","sec-fetch-mode":"cors","sec-fetch-site":"same-origin","priority":"u=4"},"query":{"include":"count.clicks,count.subscribers","order":"created_at desc","limit":"5"}},"res":{"_headers":{"x-powered-by":"Express","content-version":"v6.19","vary":"Accept-Version, Accept-Encoding","cache-control":"no-cache, private, no-store, must-revalidate, max-stale=0, post-check=0, pre-check=0","content-type":"application/json; charset=utf-8","content-length":"109","etag":"W/\"6d-C6k8ydjJ913rUrlEenifUzC6yww\""},"statusCode":200,"responseTime":"38ms"},"msg":"","time":"2026-03-03T21:41:08.344Z","v":0}
{"name":"Log","hostname":"a275c7126250","pid":1,"level":30,"version":"6.19.4","req":{"meta":{"requestId":"c1df0bd8-3de5-4504-b716-19b0a7c16eff","userId":"69a74bc62ef78a0001b0912c"},"url":"/incoming_recommendations/?limit=5&order=created_at+desc","method":"GET","originalUrl":"/ghost/api/admin/incoming_recommendations/?limit=5&order=created_at+desc","params":{},"headers":{"host":"localhost:2368","user-agent":"Mozilla/5.0 (Macintosh; Intel Mac OS X 10.15; rv:148.0) Gecko/20100101 Firefox/148.0","accept":"*/*","accept-language":"en-US,en;q=0.9","accept-encoding":"gzip, deflate, br, zstd","referer":"http://localhost:2368/ghost/","app-pragma":"no-cache","sec-gpc":"1","connection":"keep-alive","cookie":"**REDACTED**","sec-fetch-dest":"empty","sec-fetch-mode":"cors","sec-fetch-site":"same-origin","priority":"u=4"},"query":{"limit":"5","order":"created_at desc"}},"res":{"_headers":{"x-powered-by":"Express","content-version":"v6.19","vary":"Accept-Version, Accept-Encoding","cache-control":"no-cache, private, no-store, must-revalidate, max-stale=0, post-check=0, pre-check=0","content-type":"application/json; charset=utf-8","content-length":"109","etag":"W/\"6d-aDlCMngXFadesmbdF27VgKzSNxE\""},"statusCode":200,"responseTime":"32ms"},"msg":"","time":"2026-03-03T21:41:08.344Z","v":0}
{"name":"Log","hostname":"a275c7126250","pid":1,"level":30,"version":"6.19.4","req":{"meta":{"requestId":"80746784-f1f1-45a6-b57c-f30ae059a727","userId":"69a74bc62ef78a0001b0912c"},"url":"/stats/referrers/","method":"GET","originalUrl":"/ghost/api/admin/stats/referrers/","params":{},"headers":{"host":"localhost:2368","user-agent":"Mozilla/5.0 (Macintosh; Intel Mac OS X 10.15; rv:148.0) Gecko/20100101 Firefox/148.0","accept":"*/*","accept-language":"en-US,en;q=0.9","accept-encoding":"gzip, deflate, br, zstd","referer":"http://localhost:2368/ghost/","app-pragma":"no-cache","sec-gpc":"1","connection":"keep-alive","cookie":"**REDACTED**","sec-fetch-dest":"empty","sec-fetch-mode":"cors","sec-fetch-site":"same-origin","priority":"u=4"},"query":{}},"res":{"_headers":{"x-powered-by":"Express","content-version":"v6.19","vary":"Accept-Version, Accept-Encoding","cache-control":"no-cache, private, no-store, must-revalidate, max-stale=0, post-check=0, pre-check=0","content-type":"application/json; charset=utf-8","content-length":"22","etag":"W/\"16-WcmRIiz+hBM7bbYRjg6ziVwXuLI\""},"statusCode":200,"responseTime":"30ms"},"msg":"","time":"2026-03-03T21:41:08.345Z","v":0}
{"name":"Log","hostname":"a275c7126250","pid":1,"level":30,"version":"6.19.4","req":{"meta":{"requestId":"23057a9a-1be4-44f3-872e-82c5d61b36ef","userId":"69a74bc62ef78a0001b0912c"},"url":"/integrations/?include=api_keys%2Cwebhooks&limit=50","method":"GET","originalUrl":"/ghost/api/admin/integrations/?include=api_keys%2Cwebhooks&limit=50","params":{},"headers":{"host":"localhost:2368","user-agent":"Mozilla/5.0 (Macintosh; Intel Mac OS X 10.15; rv:148.0) Gecko/20100101 Firefox/148.0","accept":"*/*","accept-language":"en-US,en;q=0.9","accept-encoding":"gzip, deflate, br, zstd","referer":"http://localhost:2368/ghost/","app-pragma":"no-cache","sec-gpc":"1","connection":"keep-alive","cookie":"**REDACTED**","sec-fetch-dest":"empty","sec-fetch-mode":"cors","sec-fetch-site":"same-origin","priority":"u=4"},"query":{"include":"api_keys,webhooks","limit":"50"}},"res":{"_headers":{"x-powered-by":"Express","content-version":"v6.19","vary":"Accept-Version, Accept-Encoding","cache-control":"no-cache, private, no-store, must-revalidate, max-stale=0, post-check=0, pre-check=0","content-type":"application/json; charset=utf-8","etag":"W/\"cbe-afdn0scQeCepmxFOk4kG3OU0I4A\"","content-encoding":"br"},"statusCode":200,"responseTime":"31ms"},"msg":"","time":"2026-03-03T21:41:08.352Z","v":0}
{"name":"Log","hostname":"a275c7126250","pid":1,"level":30,"version":"6.19.4","req":{"meta":{"requestId":"9566f8b4-9bfd-48d2-908d-05727b5f53c5","userId":"69a74bc62ef78a0001b0912c"},"url":"/identities/","method":"GET","originalUrl":"/ghost/api/admin/identities/","params":{},"headers":{"host":"localhost:2368","user-agent":"Mozilla/5.0 (Macintosh; Intel Mac OS X 10.15; rv:148.0) Gecko/20100101 Firefox/148.0","accept":"*/*","accept-language":"en-US,en;q=0.9","accept-encoding":"gzip, deflate, br, zstd","referer":"http://localhost:2368/ghost/","sec-gpc":"1","connection":"keep-alive","cookie":"**REDACTED**","sec-fetch-dest":"empty","sec-fetch-mode":"cors","sec-fetch-site":"same-origin","priority":"u=4"},"query":{}},"res":{"_headers":{"x-powered-by":"Express","content-version":"v6.19","vary":"Accept-Version, Accept-Encoding","cache-control":"no-cache, private, no-store, must-revalidate, max-stale=0, post-check=0, pre-check=0","content-type":"application/json; charset=utf-8","content-length":"475","etag":"W/\"1db-lkSLv7/J6j3mmLBU+fnx3qUa09c\""},"statusCode":200,"responseTime":"18ms"},"msg":"","time":"2026-03-03T21:41:08.356Z","v":0}
{"name":"Log","hostname":"a275c7126250","pid":1,"level":30,"version":"6.19.4","req":{"meta":{"requestId":"a248e9c0-0226-489e-ad42-434cd5bf7588","userId":null},"url":"/.ghost/activitypub/v1/notifications/unread/count/","method":"GET","originalUrl":"/.ghost/activitypub/v1/notifications/unread/count/","params":{},"headers":{"host":"localhost:2368","user-agent":"Mozilla/5.0 (Macintosh; Intel Mac OS X 10.15; rv:148.0) Gecko/20100101 Firefox/148.0","accept":"application/activity+json","accept-language":"en-US,en;q=0.9","accept-encoding":"gzip, deflate, br, zstd","authorization":"**REDACTED**","referer":"http://localhost:2368/ghost/","sec-gpc":"1","connection":"keep-alive","cookie":"**REDACTED**","sec-fetch-dest":"empty","sec-fetch-mode":"cors","sec-fetch-site":"same-origin","priority":"u=4"},"query":{}},"res":{"_headers":{"x-powered-by":"Express","cache-control":"no-cache, private, no-store, must-revalidate, max-stale=0, post-check=0, pre-check=0","content-type":"text/html; charset=utf-8","etag":"W/\"481-fmTWE9pgzpG1aw4ibRG858leQeQ\"","vary":"Accept-Encoding","content-encoding":"br"},"statusCode":404,"responseTime":"4ms"},"msg":"","time":"2026-03-03T21:41:08.363Z","v":0}
{"name":"Log","hostname":"a275c7126250","pid":1,"level":30,"version":"6.19.4","req":{"meta":{"requestId":"1ec862be-1569-42ed-b25d-1ee668f4f499","userId":"69a74bc62ef78a0001b0912c"},"url":"/roles/?limit=100&permissions=assign","method":"GET","originalUrl":"/ghost/api/admin/roles/?limit=100&permissions=assign","params":{},"headers":{"host":"localhost:2368","user-agent":"Mozilla/5.0 (Macintosh; Intel Mac OS X 10.15; rv:148.0) Gecko/20100101 Firefox/148.0","accept":"*/*","accept-language":"en-US,en;q=0.9","accept-encoding":"gzip, deflate, br, zstd","referer":"http://localhost:2368/ghost/","app-pragma":"no-cache","sec-gpc":"1","connection":"keep-alive","cookie":"**REDACTED**","sec-fetch-dest":"empty","sec-fetch-mode":"cors","sec-fetch-site":"same-origin","priority":"u=4"},"query":{"limit":"100","permissions":"assign"}},"res":{"_headers":{"x-powered-by":"Express","content-version":"v6.19","vary":"Accept-Version, Accept-Encoding","cache-control":"no-cache, private, no-store, must-revalidate, max-stale=0, post-check=0, pre-check=0","content-type":"application/json; charset=utf-8","content-length":"817","etag":"W/\"331-8bNToiFl08qPMVx7oAa35/gUN0Q\""},"statusCode":200,"responseTime":"77ms"},"msg":"","time":"2026-03-03T21:41:25.536Z","v":0}
{"name":"Log","hostname":"a275c7126250","pid":1,"level":30,"version":"6.19.4","req":{"meta":{"requestId":"a4a2528f-ff76-4ac1-b4e6-a68172275b24","userId":"69a74bc62ef78a0001b0912c"},"url":"/custom_theme_settings/","method":"GET","originalUrl":"/ghost/api/admin/custom_theme_settings/","params":{},"headers":{"host":"localhost:2368","user-agent":"Mozilla/5.0 (Macintosh; Intel Mac OS X 10.15; rv:148.0) Gecko/20100101 Firefox/148.0","accept":"*/*","accept-language":"en-US,en;q=0.9","accept-encoding":"gzip, deflate, br, zstd","referer":"http://localhost:2368/ghost/","app-pragma":"no-cache","sec-gpc":"1","connection":"keep-alive","cookie":"**REDACTED**","sec-fetch-dest":"empty","sec-fetch-mode":"cors","sec-fetch-site":"same-origin","priority":"u=4"},"query":{}},"res":{"_headers":{"x-powered-by":"Express","content-version":"v6.19","vary":"Accept-Version, Accept-Encoding","cache-control":"no-cache, private, no-store, must-revalidate, max-stale=0, post-check=0, pre-check=0","content-type":"application/json; charset=utf-8","etag":"W/\"c7f-llPbCyARshikHBElx6cwgs0iqW8\"","content-encoding":"br"},"statusCode":200,"responseTime":"44ms"},"msg":"","time":"2026-03-03T21:42:32.181Z","v":0}
{"name":"Log","hostname":"a275c7126250","pid":1,"level":30,"version":"6.19.4","req":{"meta":{"requestId":"ce44d71e-caa5-4dc4-9c81-dbc78431d8d1","userId":"69a74bc62ef78a0001b0912c"},"url":"/posts/?filter=status%3Apublished&order=published_at+DESC&limit=1&fields=id%2Curl","method":"GET","originalUrl":"/ghost/api/admin/posts/?filter=status%3Apublished&order=published_at+DESC&limit=1&fields=id%2Curl","params":{},"headers":{"host":"localhost:2368","user-agent":"Mozilla/5.0 (Macintosh; Intel Mac OS X 10.15; rv:148.0) Gecko/20100101 Firefox/148.0","accept":"*/*","accept-language":"en-US,en;q=0.9","accept-encoding":"gzip, deflate, br, zstd","referer":"http://localhost:2368/ghost/","app-pragma":"no-cache","sec-gpc":"1","connection":"keep-alive","cookie":"**REDACTED**","sec-fetch-dest":"empty","sec-fetch-mode":"cors","sec-fetch-site":"same-origin","priority":"u=4"},"query":{"filter":"status:published","order":"published_at DESC","limit":"1","fields":"id,url"}},"res":{"_headers":{"x-powered-by":"Express","content-version":"v6.19","vary":"Accept-Version, Accept-Encoding","cache-control":"no-cache, private, no-store, must-revalidate, max-stale=0, post-check=0, pre-check=0","content-type":"application/json; charset=utf-8","content-length":"175","etag":"W/\"af-OJ7VDnsGNC3aS6EUCpdGdWq5Jfo\""},"statusCode":200,"responseTime":"65ms"},"msg":"","time":"2026-03-03T21:42:32.186Z","v":0}
{"name":"Log","hostname":"a275c7126250","pid":1,"level":30,"version":"6.19.4","req":{"meta":{"requestId":"d73da96f-63c4-46d0-ba6c-930ee38b03a2","userId":null},"url":"/","method":"POST","originalUrl":"/","params":{},"headers":{"host":"localhost:2368","user-agent":"Mozilla/5.0 (Macintosh; Intel Mac OS X 10.15; rv:148.0) Gecko/20100101 Firefox/148.0","accept":"text/plain","accept-language":"en-US,en;q=0.9","accept-encoding":"gzip, deflate, br, zstd","referer":"http://localhost:2368/ghost/","content-type":"text/html;charset=utf-8","x-ghost-preview":"c=%23FF1A75&d=Thoughts%2C+stories+and+ideas.&icon=&logo=&cover=https%3A%2F%2Fstatic.ghost.org%2Fv5.0.0%2Fimages%2Fpublication-cover.jpg&bf=&hf=&custom=%7B%22navigation_layout%22%3A%22Logo+in+the+middle%22%2C%22site_background_color%22%3A%22%23ffffff%22%2C%22header_and_footer_color%22%3A%22Background+color%22%2C%22title_font%22%3A%22Modern+sans-serif%22%2C%22body_font%22%3A%22Modern+sans-serif%22%2C%22signup_heading%22%3Anull%2C%22signup_subheading%22%3Anull%2C%22header_style%22%3A%22Landing%22%2C%22header_text%22%3Anull%2C%22background_image%22%3Atrue%2C%22show_featured_posts%22%3Anull%2C%22post_feed_style%22%3A%22List%22%2C%22show_images_in_feed%22%3Atrue%2C%22show_author%22%3Atrue%2C%22show_publish_date%22%3Atrue%2C%22show_publication_info_sidebar%22%3Afalse%2C%22show_post_metadata%22%3Atrue%2C%22enable_drop_caps_on_posts%22%3Afalse%2C%22show_related_articles%22%3Atrue%7D","origin":"http://localhost:2368","sec-gpc":"1","connection":"keep-alive","cookie":"**REDACTED**","sec-fetch-dest":"empty","sec-fetch-mode":"cors","sec-fetch-site":"same-origin","priority":"u=4","content-length":"0"},"query":{}},"res":{"_headers":{"x-powered-by":"Express","access-control-allow-origin":"http://localhost:2368","vary":"Origin, Accept-Encoding","access-control-allow-credentials":"true","cache-control":"public, max-age=0","content-type":"text/html; charset=utf-8","etag":"W/\"441a-0K6GH6EE0UZ8o0V1V921CPrGkjQ\"","content-encoding":"br"},"statusCode":200,"responseTime":"46ms"},"msg":"","time":"2026-03-03T21:42:32.238Z","v":0}
{"name":"Log","hostname":"a275c7126250","pid":1,"level":30,"version":"6.19.4","req":{"meta":{"requestId":"1985bf24-09cc-4541-952f-36b1c1ed9bfb","userId":null},"url":"/assets/fonts/inter-roman.woff2?v=f6325171dd","method":"GET","originalUrl":"/assets/fonts/inter-roman.woff2?v=f6325171dd","params":{},"headers":{"host":"localhost:2368","user-agent":"Mozilla/5.0 (Macintosh; Intel Mac OS X 10.15; rv:148.0) Gecko/20100101 Firefox/148.0","accept":"application/font-woff2;q=1.0,application/font-woff;q=0.9,*/*;q=0.8","accept-language":"en-US,en;q=0.9","accept-encoding":"gzip, deflate, br, zstd","referer":"http://localhost:2368/ghost/","sec-gpc":"1","connection":"keep-alive","cookie":"**REDACTED**","sec-fetch-dest":"font","sec-fetch-mode":"cors","sec-fetch-site":"same-origin","priority":"u=2"},"query":{"v":"f6325171dd"}},"res":{"_headers":{"x-powered-by":"Express","accept-ranges":"bytes","cache-control":"public, max-age=0","last-modified":"Sat, 26 Oct 1985 08:15:00 GMT","etag":"W/\"9394-7438674ba0\"","content-type":"font/woff2","content-length":37780},"statusCode":200,"responseTime":"3ms"},"msg":"","time":"2026-03-03T21:42:32.250Z","v":0}
{"name":"Log","hostname":"a275c7126250","pid":1,"level":30,"version":"6.19.4","req":{"meta":{"requestId":"9d8648e7-70f1-456b-b12a-8fcdb55c9798","userId":null},"url":"/public/member-attribution.min.js?v=f6325171dd","method":"GET","originalUrl":"/public/member-attribution.min.js?v=f6325171dd","params":{},"headers":{"host":"localhost:2368","user-agent":"Mozilla/5.0 (Macintosh; Intel Mac OS X 10.15; rv:148.0) Gecko/20100101 Firefox/148.0","accept":"*/*","accept-language":"en-US,en;q=0.9","accept-encoding":"gzip, deflate, br, zstd","referer":"http://localhost:2368/ghost/","sec-gpc":"1","connection":"keep-alive","cookie":"**REDACTED**","sec-fetch-dest":"script","sec-fetch-mode":"no-cors","sec-fetch-site":"same-origin"},"query":{"v":"f6325171dd"}},"res":{"_headers":{"x-powered-by":"Express","content-type":"application/javascript","etag":"\"76d7f9c7c5c4b0f99bca6af29aaaa4df\"","cache-control":"public, max-age=31536000","vary":"Accept-Encoding","content-encoding":"br"},"statusCode":200,"responseTime":"3ms"},"msg":"","time":"2026-03-03T21:42:32.252Z","v":0}
{"name":"Log","hostname":"a275c7126250","pid":1,"level":30,"version":"6.19.4","req":{"meta":{"requestId":"9cc22940-f708-4bb9-8da8-4621fa4497b6","userId":null},"url":"/assets/built/screen.css?v=f6325171dd","method":"GET","originalUrl":"/assets/built/screen.css?v=f6325171dd","params":{},"headers":{"host":"localhost:2368","user-agent":"Mozilla/5.0 (Macintosh; Intel Mac OS X 10.15; rv:148.0) Gecko/20100101 Firefox/148.0","accept":"text/css,*/*;q=0.1","accept-language":"en-US,en;q=0.9","accept-encoding":"gzip, deflate, br, zstd","sec-gpc":"1","connection":"keep-alive","referer":"http://localhost:2368/ghost/","cookie":"**REDACTED**","sec-fetch-dest":"style","sec-fetch-mode":"no-cors","sec-fetch-site":"same-origin","priority":"u=0"},"query":{"v":"f6325171dd"}},"res":{"_headers":{"x-powered-by":"Express","accept-ranges":"bytes","cache-control":"public, max-age=0","last-modified":"Sat, 26 Oct 1985 08:15:00 GMT","etag":"W/\"d1bb-7438674ba0\"","content-type":"text/css; charset=UTF-8","vary":"Accept-Encoding","content-encoding":"br"},"statusCode":200,"responseTime":"9ms"},"msg":"","time":"2026-03-03T21:42:32.254Z","v":0}
{"name":"Log","hostname":"a275c7126250","pid":1,"level":30,"version":"6.19.4","req":{"meta":{"requestId":"15a76db3-b430-4de2-840c-72ef899bed6a","userId":null},"url":"/public/cards.min.js?v=f6325171dd","method":"GET","originalUrl":"/public/cards.min.js?v=f6325171dd","params":{},"headers":{"host":"localhost:2368","user-agent":"Mozilla/5.0 (Macintosh; Intel Mac OS X 10.15; rv:148.0) Gecko/20100101 Firefox/148.0","accept":"*/*","accept-language":"en-US,en;q=0.9","accept-encoding":"gzip, deflate, br, zstd","referer":"http://localhost:2368/ghost/","sec-gpc":"1","connection":"keep-alive","cookie":"**REDACTED**","sec-fetch-dest":"script","sec-fetch-mode":"no-cors","sec-fetch-site":"same-origin"},"query":{"v":"f6325171dd"}},"res":{"_headers":{"x-powered-by":"Express","content-type":"application/javascript","etag":"\"91fcf6fd1c2761b582cda90883e5ff94\"","cache-control":"public, max-age=31536000","vary":"Accept-Encoding","content-encoding":"br"},"statusCode":200,"responseTime":"7ms"},"msg":"","time":"2026-03-03T21:42:32.255Z","v":0}
{"name":"Log","hostname":"a275c7126250","pid":1,"level":30,"version":"6.19.4","req":{"meta":{"requestId":"22d89413-6081-48b2-90dc-1c2dd7c50087","userId":null},"url":"/assets/built/source.js?v=f6325171dd","method":"GET","originalUrl":"/assets/built/source.js?v=f6325171dd","params":{},"headers":{"host":"localhost:2368","user-agent":"Mozilla/5.0 (Macintosh; Intel Mac OS X 10.15; rv:148.0) Gecko/20100101 Firefox/148.0","accept":"*/*","accept-language":"en-US,en;q=0.9","accept-encoding":"gzip, deflate, br, zstd","sec-gpc":"1","connection":"keep-alive","referer":"http://localhost:2368/ghost/","cookie":"**REDACTED**","sec-fetch-dest":"script","sec-fetch-mode":"no-cors","sec-fetch-site":"same-origin","priority":"u=1"},"query":{"v":"f6325171dd"}},"res":{"_headers":{"x-powered-by":"Express","accept-ranges":"bytes","cache-control":"public, max-age=0","last-modified":"Sat, 26 Oct 1985 08:15:00 GMT","etag":"W/\"cde1-7438674ba0\"","content-type":"application/javascript; charset=UTF-8","vary":"Accept-Encoding","content-encoding":"br"},"statusCode":200,"responseTime":"11ms"},"msg":"","time":"2026-03-03T21:42:32.257Z","v":0}
{"name":"Log","hostname":"a275c7126250","pid":1,"level":30,"version":"6.19.4","req":{"meta":{"requestId":"bb166f92-b312-4800-85f5-995850a8ac37","userId":null},"url":"/api/member/","method":"GET","originalUrl":"/members/api/member/","params":{},"headers":{"host":"localhost:2368","user-agent":"Mozilla/5.0 (Macintosh; Intel Mac OS X 10.15; rv:148.0) Gecko/20100101 Firefox/148.0","accept":"*/*","accept-language":"en-US,en;q=0.9","accept-encoding":"gzip, deflate, br, zstd","referer":"http://localhost:2368/ghost/","sec-gpc":"1","connection":"keep-alive","cookie":"**REDACTED**","sec-fetch-dest":"empty","sec-fetch-mode":"cors","sec-fetch-site":"same-origin","priority":"u=4"},"query":{}},"res":{"_headers":{"x-powered-by":"Express","cache-control":"no-cache, private, no-store, must-revalidate, max-stale=0, post-check=0, pre-check=0","access-control-allow-origin":"*"},"statusCode":204,"responseTime":"1ms"},"msg":"","time":"2026-03-03T21:42:32.372Z","v":0}
{"name":"Log","hostname":"a275c7126250","pid":1,"level":30,"version":"6.19.4","req":{"meta":{"requestId":"88e8df87-1787-47fd-a48b-bd8a83e11483","userId":null},"url":"/tiers/?limit=100&include=monthly_price%2Cyearly_price%2Cbenefits&key=9b6b47e860c80342be94a5ae88","method":"GET","originalUrl":"/ghost/api/content/tiers/?limit=100&include=monthly_price%2Cyearly_price%2Cbenefits&key=9b6b47e860c80342be94a5ae88","params":{},"headers":{"host":"localhost:2368","user-agent":"Mozilla/5.0 (Macintosh; Intel Mac OS X 10.15; rv:148.0) Gecko/20100101 Firefox/148.0","accept":"*/*","accept-language":"en-US,en;q=0.9","accept-encoding":"gzip, deflate, br, zstd","referer":"http://localhost:2368/ghost/","content-type":"application/json","sec-gpc":"1","connection":"keep-alive","cookie":"**REDACTED**","sec-fetch-dest":"empty","sec-fetch-mode":"cors","sec-fetch-site":"same-origin","priority":"u=4"},"query":{"limit":"100","include":"monthly_price,yearly_price,benefits","key":"**REDACTED**"}},"res":{"_headers":{"x-powered-by":"Express","content-version":"v6.19","vary":"Accept-Version, Accept-Encoding","cache-control":"public, max-age=0","access-control-allow-origin":"*","content-type":"application/json; charset=utf-8","content-length":"699","etag":"W/\"2bb-xU7jy7Oz6ZFrL9bBMaor3tIAoU4\""},"statusCode":200,"responseTime":"10ms"},"msg":"","time":"2026-03-03T21:42:32.391Z","v":0}
{"name":"Log","hostname":"a275c7126250","pid":1,"level":30,"version":"6.19.4","req":{"meta":{"requestId":"ba18f4f4-0781-479d-920b-c151a60fa4a2","userId":null},"url":"/settings/?key=9b6b47e860c80342be94a5ae88","method":"GET","originalUrl":"/ghost/api/content/settings/?key=9b6b47e860c80342be94a5ae88","params":{},"headers":{"host":"localhost:2368","user-agent":"Mozilla/5.0 (Macintosh; Intel Mac OS X 10.15; rv:148.0) Gecko/20100101 Firefox/148.0","accept":"*/*","accept-language":"en-US,en;q=0.9","accept-encoding":"gzip, deflate, br, zstd","referer":"http://localhost:2368/ghost/","content-type":"application/json","sec-gpc":"1","connection":"keep-alive","cookie":"**REDACTED**","sec-fetch-dest":"empty","sec-fetch-mode":"cors","sec-fetch-site":"same-origin","priority":"u=4"},"query":{"key":"**REDACTED**"}},"res":{"_headers":{"x-powered-by":"Express","content-version":"v6.19","vary":"Accept-Version, Accept-Encoding","cache-control":"public, max-age=0","access-control-allow-origin":"*","content-type":"application/json; charset=utf-8","etag":"W/\"756-hUJMTAVLGUGk53lM0bIA8z5gCsY\"","content-encoding":"br"},"statusCode":200,"responseTime":"15ms"},"msg":"","time":"2026-03-03T21:42:32.396Z","v":0}
{"name":"Log","hostname":"a275c7126250","pid":1,"level":30,"version":"6.19.4","req":{"meta":{"requestId":"ae89cc17-0c38-4b27-9ea6-70c4bfeca071","userId":null},"url":"/newsletters/?limit=100&key=9b6b47e860c80342be94a5ae88","method":"GET","originalUrl":"/ghost/api/content/newsletters/?limit=100&key=9b6b47e860c80342be94a5ae88","params":{},"headers":{"host":"localhost:2368","user-agent":"Mozilla/5.0 (Macintosh; Intel Mac OS X 10.15; rv:148.0) Gecko/20100101 Firefox/148.0","accept":"*/*","accept-language":"en-US,en;q=0.9","accept-encoding":"gzip, deflate, br, zstd","referer":"http://localhost:2368/ghost/","content-type":"application/json","sec-gpc":"1","connection":"keep-alive","cookie":"**REDACTED**","sec-fetch-dest":"empty","sec-fetch-mode":"cors","sec-fetch-site":"same-origin","priority":"u=4"},"query":{"limit":"100","key":"**REDACTED**"}},"res":{"_headers":{"x-powered-by":"Express","content-version":"v6.19","vary":"Accept-Version, Accept-Encoding","cache-control":"public, max-age=0","access-control-allow-origin":"*","content-type":"application/json; charset=utf-8","content-length":"417","etag":"W/\"1a1-n3RLIl7fbJc7TXxm6szZLvPS5dc\""},"statusCode":200,"responseTime":"17ms"},"msg":"","time":"2026-03-03T21:42:32.399Z","v":0}
{"name":"Log","hostname":"a275c7126250","pid":1,"level":30,"version":"6.19.4","req":{"meta":{"requestId":"c1827437-a51c-44b7-adac-a93d77b60068","userId":null},"url":"/","method":"POST","originalUrl":"/","params":{},"headers":{"host":"localhost:2368","user-agent":"Mozilla/5.0 (Macintosh; Intel Mac OS X 10.15; rv:148.0) Gecko/20100101 Firefox/148.0","accept":"text/plain","accept-language":"en-US,en;q=0.9","accept-encoding":"gzip, deflate, br, zstd","referer":"http://localhost:2368/ghost/","content-type":"text/html;charset=utf-8","x-ghost-preview":"c=%23FF1A75&d=Thoughts%2C+stories+and+ideas.&icon=&logo=&cover=https%3A%2F%2Fstatic.ghost.org%2Fv5.0.0%2Fimages%2Fpublication-cover.jpg&bf=&hf=&custom=%7B%22navigation_layout%22%3A%22Logo+in+the+middle%22%2C%22site_background_color%22%3A%22%23ffffff%22%2C%22header_and_footer_color%22%3A%22Background+color%22%2C%22title_font%22%3A%22Modern+sans-serif%22%2C%22body_font%22%3A%22Modern+sans-serif%22%2C%22signup_heading%22%3Anull%2C%22signup_subheading%22%3Anull%2C%22header_style%22%3A%22Landing%22%2C%22header_text%22%3Anull%2C%22background_image%22%3Atrue%2C%22show_featured_posts%22%3Anull%2C%22post_feed_style%22%3A%22List%22%2C%22show_images_in_feed%22%3Atrue%2C%22show_author%22%3Atrue%2C%22show_publish_date%22%3Atrue%2C%22show_publication_info_sidebar%22%3Afalse%2C%22show_post_metadata%22%3Atrue%2C%22enable_drop_caps_on_posts%22%3Afalse%2C%22show_related_articles%22%3Atrue%7D","origin":"http://localhost:2368","sec-gpc":"1","connection":"keep-alive","cookie":"**REDACTED**","sec-fetch-dest":"empty","sec-fetch-mode":"cors","sec-fetch-site":"same-origin","priority":"u=4","content-length":"0"},"query":{}},"res":{"_headers":{"x-powered-by":"Express","access-control-allow-origin":"http://localhost:2368","vary":"Origin, Accept-Encoding","access-control-allow-credentials":"true","cache-control":"public, max-age=0","content-type":"text/html; charset=utf-8","etag":"W/\"441a-0K6GH6EE0UZ8o0V1V921CPrGkjQ\"","content-encoding":"br"},"statusCode":200,"responseTime":"56ms"},"msg":"","time":"2026-03-03T21:42:37.937Z","v":0}
{"name":"Log","hostname":"a275c7126250","pid":1,"level":30,"version":"6.19.4","req":{"meta":{"requestId":"b9fa7168-6a59-429e-b907-9927d0aa6317","userId":null},"url":"/assets/built/screen.css?v=f6325171dd","method":"GET","originalUrl":"/assets/built/screen.css?v=f6325171dd","params":{},"headers":{"host":"localhost:2368","user-agent":"Mozilla/5.0 (Macintosh; Intel Mac OS X 10.15; rv:148.0) Gecko/20100101 Firefox/148.0","accept":"text/css,*/*;q=0.1","accept-language":"en-US,en;q=0.9","accept-encoding":"gzip, deflate, br, zstd","sec-gpc":"1","connection":"keep-alive","referer":"http://localhost:2368/ghost/","cookie":"**REDACTED**","sec-fetch-dest":"style","sec-fetch-mode":"no-cors","sec-fetch-site":"same-origin","priority":"u=0"},"query":{"v":"f6325171dd"}},"res":{"_headers":{"x-powered-by":"Express","accept-ranges":"bytes","cache-control":"public, max-age=0","last-modified":"Sat, 26 Oct 1985 08:15:00 GMT","etag":"W/\"d1bb-7438674ba0\"","content-type":"text/css; charset=UTF-8","vary":"Accept-Encoding","content-encoding":"br"},"statusCode":200,"responseTime":"8ms"},"msg":"","time":"2026-03-03T21:42:37.950Z","v":0}
{"name":"Log","hostname":"a275c7126250","pid":1,"level":30,"version":"6.19.4","req":{"meta":{"requestId":"41804f60-ef3e-49b3-b25f-71693daa1703","userId":null},"url":"/assets/fonts/inter-roman.woff2?v=f6325171dd","method":"GET","originalUrl":"/assets/fonts/inter-roman.woff2?v=f6325171dd","params":{},"headers":{"host":"localhost:2368","user-agent":"Mozilla/5.0 (Macintosh; Intel Mac OS X 10.15; rv:148.0) Gecko/20100101 Firefox/148.0","accept":"application/font-woff2;q=1.0,application/font-woff;q=0.9,*/*;q=0.8","accept-language":"en-US,en;q=0.9","accept-encoding":"gzip, deflate, br, zstd","referer":"http://localhost:2368/ghost/","sec-gpc":"1","connection":"keep-alive","cookie":"**REDACTED**","sec-fetch-dest":"font","sec-fetch-mode":"cors","sec-fetch-site":"same-origin","priority":"u=2"},"query":{"v":"f6325171dd"}},"res":{"_headers":{"x-powered-by":"Express","accept-ranges":"bytes","cache-control":"public, max-age=0","last-modified":"Sat, 26 Oct 1985 08:15:00 GMT","etag":"W/\"9394-7438674ba0\"","content-type":"font/woff2","content-length":37780},"statusCode":200,"responseTime":"7ms"},"msg":"","time":"2026-03-03T21:42:37.952Z","v":0}
{"name":"Log","hostname":"a275c7126250","pid":1,"level":30,"version":"6.19.4","req":{"meta":{"requestId":"6592be70-67d8-4963-a417-1c09977e5a96","userId":null},"url":"/public/member-attribution.min.js?v=f6325171dd","method":"GET","originalUrl":"/public/member-attribution.min.js?v=f6325171dd","params":{},"headers":{"host":"localhost:2368","user-agent":"Mozilla/5.0 (Macintosh; Intel Mac OS X 10.15; rv:148.0) Gecko/20100101 Firefox/148.0","accept":"*/*","accept-language":"en-US,en;q=0.9","accept-encoding":"gzip, deflate, br, zstd","referer":"http://localhost:2368/ghost/","sec-gpc":"1","connection":"keep-alive","cookie":"**REDACTED**","sec-fetch-dest":"script","sec-fetch-mode":"no-cors","sec-fetch-site":"same-origin"},"query":{"v":"f6325171dd"}},"res":{"_headers":{"x-powered-by":"Express","content-type":"application/javascript","etag":"\"76d7f9c7c5c4b0f99bca6af29aaaa4df\"","cache-control":"public, max-age=31536000","vary":"Accept-Encoding","content-encoding":"br"},"statusCode":200,"responseTime":"6ms"},"msg":"","time":"2026-03-03T21:42:37.954Z","v":0}
{"name":"Log","hostname":"a275c7126250","pid":1,"level":30,"version":"6.19.4","req":{"meta":{"requestId":"48a24a12-7d84-42ef-a5a1-d8978eb1b4cd","userId":null},"url":"/assets/built/source.js?v=f6325171dd","method":"GET","originalUrl":"/assets/built/source.js?v=f6325171dd","params":{},"headers":{"host":"localhost:2368","user-agent":"Mozilla/5.0 (Macintosh; Intel Mac OS X 10.15; rv:148.0) Gecko/20100101 Firefox/148.0","accept":"*/*","accept-language":"en-US,en;q=0.9","accept-encoding":"gzip, deflate, br, zstd","sec-gpc":"1","connection":"keep-alive","referer":"http://localhost:2368/ghost/","cookie":"**REDACTED**","sec-fetch-dest":"script","sec-fetch-mode":"no-cors","sec-fetch-site":"same-origin","priority":"u=1"},"query":{"v":"f6325171dd"}},"res":{"_headers":{"x-powered-by":"Express","accept-ranges":"bytes","cache-control":"public, max-age=0","last-modified":"Sat, 26 Oct 1985 08:15:00 GMT","etag":"W/\"cde1-7438674ba0\"","content-type":"application/javascript; charset=UTF-8","vary":"Accept-Encoding","content-encoding":"br"},"statusCode":200,"responseTime":"13ms"},"msg":"","time":"2026-03-03T21:42:37.956Z","v":0}
{"name":"Log","hostname":"a275c7126250","pid":1,"level":30,"version":"6.19.4","req":{"meta":{"requestId":"da2f26f4-6f49-4ea0-82c1-be2c06e25525","userId":null},"url":"/public/cards.min.js?v=f6325171dd","method":"GET","originalUrl":"/public/cards.min.js?v=f6325171dd","params":{},"headers":{"host":"localhost:2368","user-agent":"Mozilla/5.0 (Macintosh; Intel Mac OS X 10.15; rv:148.0) Gecko/20100101 Firefox/148.0","accept":"*/*","accept-language":"en-US,en;q=0.9","accept-encoding":"gzip, deflate, br, zstd","referer":"http://localhost:2368/ghost/","sec-gpc":"1","connection":"keep-alive","cookie":"**REDACTED**","sec-fetch-dest":"script","sec-fetch-mode":"no-cors","sec-fetch-site":"same-origin"},"query":{"v":"f6325171dd"}},"res":{"_headers":{"x-powered-by":"Express","content-type":"application/javascript","etag":"\"91fcf6fd1c2761b582cda90883e5ff94\"","cache-control":"public, max-age=31536000","vary":"Accept-Encoding","content-encoding":"br"},"statusCode":200,"responseTime":"9ms"},"msg":"","time":"2026-03-03T21:42:37.958Z","v":0}
{"name":"Log","hostname":"a275c7126250","pid":1,"level":30,"version":"6.19.4","req":{"meta":{"requestId":"15ee31b9-3b31-4d6c-b684-f43064076d2d","userId":null},"url":"/api/member/","method":"GET","originalUrl":"/members/api/member/","params":{},"headers":{"host":"localhost:2368","user-agent":"Mozilla/5.0 (Macintosh; Intel Mac OS X 10.15; rv:148.0) Gecko/20100101 Firefox/148.0","accept":"*/*","accept-language":"en-US,en;q=0.9","accept-encoding":"gzip, deflate, br, zstd","referer":"http://localhost:2368/ghost/","sec-gpc":"1","connection":"keep-alive","cookie":"**REDACTED**","sec-fetch-dest":"empty","sec-fetch-mode":"cors","sec-fetch-site":"same-origin","priority":"u=4"},"query":{}},"res":{"_headers":{"x-powered-by":"Express","cache-control":"no-cache, private, no-store, must-revalidate, max-stale=0, post-check=0, pre-check=0","access-control-allow-origin":"*"},"statusCode":204,"responseTime":"0ms"},"msg":"","time":"2026-03-03T21:42:38.012Z","v":0}
{"name":"Log","hostname":"a275c7126250","pid":1,"level":30,"version":"6.19.4","req":{"meta":{"requestId":"dfb37e25-da0e-4aa3-b0e6-640637923ce4","userId":null},"url":"/tiers/?limit=100&include=monthly_price%2Cyearly_price%2Cbenefits&key=9b6b47e860c80342be94a5ae88","method":"GET","originalUrl":"/ghost/api/content/tiers/?limit=100&include=monthly_price%2Cyearly_price%2Cbenefits&key=9b6b47e860c80342be94a5ae88","params":{},"headers":{"host":"localhost:2368","user-agent":"Mozilla/5.0 (Macintosh; Intel Mac OS X 10.15; rv:148.0) Gecko/20100101 Firefox/148.0","accept":"*/*","accept-language":"en-US,en;q=0.9","accept-encoding":"gzip, deflate, br, zstd","referer":"http://localhost:2368/ghost/","content-type":"application/json","sec-gpc":"1","connection":"keep-alive","cookie":"**REDACTED**","sec-fetch-dest":"empty","sec-fetch-mode":"cors","sec-fetch-site":"same-origin","priority":"u=4"},"query":{"limit":"100","include":"monthly_price,yearly_price,benefits","key":"**REDACTED**"}},"res":{"_headers":{"x-powered-by":"Express","content-version":"v6.19","vary":"Accept-Version, Accept-Encoding","cache-control":"public, max-age=0","access-control-allow-origin":"*","content-type":"application/json; charset=utf-8","content-length":"699","etag":"W/\"2bb-xU7jy7Oz6ZFrL9bBMaor3tIAoU4\""},"statusCode":200,"responseTime":"10ms"},"msg":"","time":"2026-03-03T21:42:38.029Z","v":0}
{"name":"Log","hostname":"a275c7126250","pid":1,"level":30,"version":"6.19.4","req":{"meta":{"requestId":"ba95c18a-5675-4d04-b5b1-0b4426feec4a","userId":null},"url":"/settings/?key=9b6b47e860c80342be94a5ae88","method":"GET","originalUrl":"/ghost/api/content/settings/?key=9b6b47e860c80342be94a5ae88","params":{},"headers":{"host":"localhost:2368","user-agent":"Mozilla/5.0 (Macintosh; Intel Mac OS X 10.15; rv:148.0) Gecko/20100101 Firefox/148.0","accept":"*/*","accept-language":"en-US,en;q=0.9","accept-encoding":"gzip, deflate, br, zstd","referer":"http://localhost:2368/ghost/","content-type":"application/json","sec-gpc":"1","connection":"keep-alive","cookie":"**REDACTED**","sec-fetch-dest":"empty","sec-fetch-mode":"cors","sec-fetch-site":"same-origin","priority":"u=4"},"query":{"key":"**REDACTED**"}},"res":{"_headers":{"x-powered-by":"Express","content-version":"v6.19","vary":"Accept-Version, Accept-Encoding","cache-control":"public, max-age=0","access-control-allow-origin":"*","content-type":"application/json; charset=utf-8","etag":"W/\"756-hUJMTAVLGUGk53lM0bIA8z5gCsY\"","content-encoding":"br"},"statusCode":200,"responseTime":"12ms"},"msg":"","time":"2026-03-03T21:42:38.031Z","v":0}
{"name":"Log","hostname":"a275c7126250","pid":1,"level":30,"version":"6.19.4","req":{"meta":{"requestId":"dd7dfcf2-47d5-4d2d-9afe-39401985ebaf","userId":null},"url":"/newsletters/?limit=100&key=9b6b47e860c80342be94a5ae88","method":"GET","originalUrl":"/ghost/api/content/newsletters/?limit=100&key=9b6b47e860c80342be94a5ae88","params":{},"headers":{"host":"localhost:2368","user-agent":"Mozilla/5.0 (Macintosh; Intel Mac OS X 10.15; rv:148.0) Gecko/20100101 Firefox/148.0","accept":"*/*","accept-language":"en-US,en;q=0.9","accept-encoding":"gzip, deflate, br, zstd","referer":"http://localhost:2368/ghost/","content-type":"application/json","sec-gpc":"1","connection":"keep-alive","cookie":"**REDACTED**","sec-fetch-dest":"empty","sec-fetch-mode":"cors","sec-fetch-site":"same-origin","priority":"u=4"},"query":{"limit":"100","key":"**REDACTED**"}},"res":{"_headers":{"x-powered-by":"Express","content-version":"v6.19","vary":"Accept-Version, Accept-Encoding","cache-control":"public, max-age=0","access-control-allow-origin":"*","content-type":"application/json; charset=utf-8","content-length":"417","etag":"W/\"1a1-n3RLIl7fbJc7TXxm6szZLvPS5dc\""},"statusCode":200,"responseTime":"14ms"},"msg":"","time":"2026-03-03T21:42:38.034Z","v":0}
{"name":"Log","hostname":"a275c7126250","pid":1,"level":30,"version":"6.19.4","req":{"meta":{"requestId":"a1734e25-3cdf-4dda-9863-7dbdb7d518cd","userId":null},"url":"/","method":"POST","originalUrl":"/","params":{},"headers":{"host":"localhost:2368","user-agent":"Mozilla/5.0 (Macintosh; Intel Mac OS X 10.15; rv:148.0) Gecko/20100101 Firefox/148.0","accept":"text/plain","accept-language":"en-US,en;q=0.9","accept-encoding":"gzip, deflate, br, zstd","referer":"http://localhost:2368/ghost/","content-type":"text/html;charset=utf-8","x-ghost-preview":"c=%23FDDA00&d=Thoughts%2C+stories+and+ideas.&icon=&logo=&cover=https%3A%2F%2Fstatic.ghost.org%2Fv5.0.0%2Fimages%2Fpublication-cover.jpg&bf=&hf=&custom=%7B%22navigation_layout%22%3A%22Logo+in+the+middle%22%2C%22site_background_color%22%3A%22%23ffffff%22%2C%22header_and_footer_color%22%3A%22Background+color%22%2C%22title_font%22%3A%22Modern+sans-serif%22%2C%22body_font%22%3A%22Modern+sans-serif%22%2C%22signup_heading%22%3Anull%2C%22signup_subheading%22%3Anull%2C%22header_style%22%3A%22Landing%22%2C%22header_text%22%3Anull%2C%22background_image%22%3Atrue%2C%22show_featured_posts%22%3Anull%2C%22post_feed_style%22%3A%22List%22%2C%22show_images_in_feed%22%3Atrue%2C%22show_author%22%3Atrue%2C%22show_publish_date%22%3Atrue%2C%22show_publication_info_sidebar%22%3Afalse%2C%22show_post_metadata%22%3Atrue%2C%22enable_drop_caps_on_posts%22%3Afalse%2C%22show_related_articles%22%3Atrue%7D","origin":"http://localhost:2368","sec-gpc":"1","connection":"keep-alive","cookie":"**REDACTED**","sec-fetch-dest":"empty","sec-fetch-mode":"cors","sec-fetch-site":"same-origin","priority":"u=4","content-length":"0"},"query":{}},"res":{"_headers":{"x-powered-by":"Express","access-control-allow-origin":"http://localhost:2368","vary":"Origin, Accept-Encoding","access-control-allow-credentials":"true","cache-control":"public, max-age=0","content-type":"text/html; charset=utf-8","etag":"W/\"441a-O5rjrye1bhk/zOEPMxul8C5Dz6I\"","content-encoding":"br"},"statusCode":200,"responseTime":"77ms"},"msg":"","time":"2026-03-03T21:43:50.155Z","v":0}
{"name":"Log","hostname":"a275c7126250","pid":1,"level":30,"version":"6.19.4","req":{"meta":{"requestId":"c01bc238-6f59-4d5b-9a60-901ce89e09f1","userId":null},"url":"/assets/fonts/inter-roman.woff2?v=f6325171dd","method":"GET","originalUrl":"/assets/fonts/inter-roman.woff2?v=f6325171dd","params":{},"headers":{"host":"localhost:2368","user-agent":"Mozilla/5.0 (Macintosh; Intel Mac OS X 10.15; rv:148.0) Gecko/20100101 Firefox/148.0","accept":"application/font-woff2;q=1.0,application/font-woff;q=0.9,*/*;q=0.8","accept-language":"en-US,en;q=0.9","accept-encoding":"gzip, deflate, br, zstd","referer":"http://localhost:2368/ghost/","sec-gpc":"1","connection":"keep-alive","cookie":"**REDACTED**","sec-fetch-dest":"font","sec-fetch-mode":"cors","sec-fetch-site":"same-origin","priority":"u=2"},"query":{"v":"f6325171dd"}},"res":{"_headers":{"x-powered-by":"Express","accept-ranges":"bytes","cache-control":"public, max-age=0","last-modified":"Sat, 26 Oct 1985 08:15:00 GMT","etag":"W/\"9394-7438674ba0\"","content-type":"font/woff2","content-length":37780},"statusCode":200,"responseTime":"3ms"},"msg":"","time":"2026-03-03T21:43:50.164Z","v":0}
{"name":"Log","hostname":"a275c7126250","pid":1,"level":30,"version":"6.19.4","req":{"meta":{"requestId":"b6e69bd2-51be-46e0-a1ac-b30055fe28ac","userId":null},"url":"/assets/built/screen.css?v=f6325171dd","method":"GET","originalUrl":"/assets/built/screen.css?v=f6325171dd","params":{},"headers":{"host":"localhost:2368","user-agent":"Mozilla/5.0 (Macintosh; Intel Mac OS X 10.15; rv:148.0) Gecko/20100101 Firefox/148.0","accept":"text/css,*/*;q=0.1","accept-language":"en-US,en;q=0.9","accept-encoding":"gzip, deflate, br, zstd","sec-gpc":"1","connection":"keep-alive","referer":"http://localhost:2368/ghost/","cookie":"**REDACTED**","sec-fetch-dest":"style","sec-fetch-mode":"no-cors","sec-fetch-site":"same-origin","priority":"u=0"},"query":{"v":"f6325171dd"}},"res":{"_headers":{"x-powered-by":"Express","accept-ranges":"bytes","cache-control":"public, max-age=0","last-modified":"Sat, 26 Oct 1985 08:15:00 GMT","etag":"W/\"d1bb-7438674ba0\"","content-type":"text/css; charset=UTF-8","vary":"Accept-Encoding","content-encoding":"br"},"statusCode":200,"responseTime":"5ms"},"msg":"","time":"2026-03-03T21:43:50.165Z","v":0}
{"name":"Log","hostname":"a275c7126250","pid":1,"level":30,"version":"6.19.4","req":{"meta":{"requestId":"ee858a86-37d4-47a2-87f6-5e466c1b6c0a","userId":null},"url":"/public/member-attribution.min.js?v=f6325171dd","method":"GET","originalUrl":"/public/member-attribution.min.js?v=f6325171dd","params":{},"headers":{"host":"localhost:2368","user-agent":"Mozilla/5.0 (Macintosh; Intel Mac OS X 10.15; rv:148.0) Gecko/20100101 Firefox/148.0","accept":"*/*","accept-language":"en-US,en;q=0.9","accept-encoding":"gzip, deflate, br, zstd","referer":"http://localhost:2368/ghost/","sec-gpc":"1","connection":"keep-alive","cookie":"**REDACTED**","sec-fetch-dest":"script","sec-fetch-mode":"no-cors","sec-fetch-site":"same-origin"},"query":{"v":"f6325171dd"}},"res":{"_headers":{"x-powered-by":"Express","content-type":"application/javascript","etag":"\"76d7f9c7c5c4b0f99bca6af29aaaa4df\"","cache-control":"public, max-age=31536000","vary":"Accept-Encoding","content-encoding":"br"},"statusCode":200,"responseTime":"3ms"},"msg":"","time":"2026-03-03T21:43:50.166Z","v":0}
{"name":"Log","hostname":"a275c7126250","pid":1,"level":30,"version":"6.19.4","req":{"meta":{"requestId":"943aa4fd-9885-4314-a611-96a80fc9ab2e","userId":null},"url":"/public/cards.min.js?v=f6325171dd","method":"GET","originalUrl":"/public/cards.min.js?v=f6325171dd","params":{},"headers":{"host":"localhost:2368","user-agent":"Mozilla/5.0 (Macintosh; Intel Mac OS X 10.15; rv:148.0) Gecko/20100101 Firefox/148.0","accept":"*/*","accept-language":"en-US,en;q=0.9","accept-encoding":"gzip, deflate, br, zstd","referer":"http://localhost:2368/ghost/","sec-gpc":"1","connection":"keep-alive","cookie":"**REDACTED**","sec-fetch-dest":"script","sec-fetch-mode":"no-cors","sec-fetch-site":"same-origin"},"query":{"v":"f6325171dd"}},"res":{"_headers":{"x-powered-by":"Express","content-type":"application/javascript","etag":"\"91fcf6fd1c2761b582cda90883e5ff94\"","cache-control":"public, max-age=31536000","vary":"Accept-Encoding","content-encoding":"br"},"statusCode":200,"responseTime":"3ms"},"msg":"","time":"2026-03-03T21:43:50.166Z","v":0}
{"name":"Log","hostname":"a275c7126250","pid":1,"level":30,"version":"6.19.4","req":{"meta":{"requestId":"210f35ab-7367-4503-928b-18abb2ea4ccc","userId":null},"url":"/assets/built/source.js?v=f6325171dd","method":"GET","originalUrl":"/assets/built/source.js?v=f6325171dd","params":{},"headers":{"host":"localhost:2368","user-agent":"Mozilla/5.0 (Macintosh; Intel Mac OS X 10.15; rv:148.0) Gecko/20100101 Firefox/148.0","accept":"*/*","accept-language":"en-US,en;q=0.9","accept-encoding":"gzip, deflate, br, zstd","sec-gpc":"1","connection":"keep-alive","referer":"http://localhost:2368/ghost/","cookie":"**REDACTED**","sec-fetch-dest":"script","sec-fetch-mode":"no-cors","sec-fetch-site":"same-origin","priority":"u=1"},"query":{"v":"f6325171dd"}},"res":{"_headers":{"x-powered-by":"Express","accept-ranges":"bytes","cache-control":"public, max-age=0","last-modified":"Sat, 26 Oct 1985 08:15:00 GMT","etag":"W/\"cde1-7438674ba0\"","content-type":"application/javascript; charset=UTF-8","vary":"Accept-Encoding","content-encoding":"br"},"statusCode":200,"responseTime":"5ms"},"msg":"","time":"2026-03-03T21:43:50.168Z","v":0}
{"name":"Log","hostname":"a275c7126250","pid":1,"level":30,"version":"6.19.4","req":{"meta":{"requestId":"d95396fa-29ce-4014-a5fb-45921e5920f9","userId":null},"url":"/api/member/","method":"GET","originalUrl":"/members/api/member/","params":{},"headers":{"host":"localhost:2368","user-agent":"Mozilla/5.0 (Macintosh; Intel Mac OS X 10.15; rv:148.0) Gecko/20100101 Firefox/148.0","accept":"*/*","accept-language":"en-US,en;q=0.9","accept-encoding":"gzip, deflate, br, zstd","referer":"http://localhost:2368/ghost/","sec-gpc":"1","connection":"keep-alive","cookie":"**REDACTED**","sec-fetch-dest":"empty","sec-fetch-mode":"cors","sec-fetch-site":"same-origin","priority":"u=4"},"query":{}},"res":{"_headers":{"x-powered-by":"Express","cache-control":"no-cache, private, no-store, must-revalidate, max-stale=0, post-check=0, pre-check=0","access-control-allow-origin":"*"},"statusCode":204,"responseTime":"1ms"},"msg":"","time":"2026-03-03T21:43:50.224Z","v":0}
{"name":"Log","hostname":"a275c7126250","pid":1,"level":30,"version":"6.19.4","req":{"meta":{"requestId":"1c71f568-de1a-4a50-8a33-3872628ca080","userId":null},"url":"/tiers/?limit=100&include=monthly_price%2Cyearly_price%2Cbenefits&key=9b6b47e860c80342be94a5ae88","method":"GET","originalUrl":"/ghost/api/content/tiers/?limit=100&include=monthly_price%2Cyearly_price%2Cbenefits&key=9b6b47e860c80342be94a5ae88","params":{},"headers":{"host":"localhost:2368","user-agent":"Mozilla/5.0 (Macintosh; Intel Mac OS X 10.15; rv:148.0) Gecko/20100101 Firefox/148.0","accept":"*/*","accept-language":"en-US,en;q=0.9","accept-encoding":"gzip, deflate, br, zstd","referer":"http://localhost:2368/ghost/","content-type":"application/json","sec-gpc":"1","connection":"keep-alive","cookie":"**REDACTED**","sec-fetch-dest":"empty","sec-fetch-mode":"cors","sec-fetch-site":"same-origin","priority":"u=4"},"query":{"limit":"100","include":"monthly_price,yearly_price,benefits","key":"**REDACTED**"}},"res":{"_headers":{"x-powered-by":"Express","content-version":"v6.19","vary":"Accept-Version, Accept-Encoding","cache-control":"public, max-age=0","access-control-allow-origin":"*","content-type":"application/json; charset=utf-8","content-length":"699","etag":"W/\"2bb-xU7jy7Oz6ZFrL9bBMaor3tIAoU4\""},"statusCode":200,"responseTime":"5ms"},"msg":"","time":"2026-03-03T21:43:50.241Z","v":0}
{"name":"Log","hostname":"a275c7126250","pid":1,"level":30,"version":"6.19.4","req":{"meta":{"requestId":"5505f3eb-02d0-4013-8b64-1e46088c4a7d","userId":null},"url":"/settings/?key=9b6b47e860c80342be94a5ae88","method":"GET","originalUrl":"/ghost/api/content/settings/?key=9b6b47e860c80342be94a5ae88","params":{},"headers":{"host":"localhost:2368","user-agent":"Mozilla/5.0 (Macintosh; Intel Mac OS X 10.15; rv:148.0) Gecko/20100101 Firefox/148.0","accept":"*/*","accept-language":"en-US,en;q=0.9","accept-encoding":"gzip, deflate, br, zstd","referer":"http://localhost:2368/ghost/","content-type":"application/json","sec-gpc":"1","connection":"keep-alive","cookie":"**REDACTED**","sec-fetch-dest":"empty","sec-fetch-mode":"cors","sec-fetch-site":"same-origin","priority":"u=4"},"query":{"key":"**REDACTED**"}},"res":{"_headers":{"x-powered-by":"Express","content-version":"v6.19","vary":"Accept-Version, Accept-Encoding","cache-control":"public, max-age=0","access-control-allow-origin":"*","content-type":"application/json; charset=utf-8","etag":"W/\"756-hUJMTAVLGUGk53lM0bIA8z5gCsY\"","content-encoding":"br"},"statusCode":200,"responseTime":"10ms"},"msg":"","time":"2026-03-03T21:43:50.244Z","v":0}
{"name":"Log","hostname":"a275c7126250","pid":1,"level":30,"version":"6.19.4","req":{"meta":{"requestId":"7a24c4d2-4098-4252-8d97-78e102b72933","userId":null},"url":"/newsletters/?limit=100&key=9b6b47e860c80342be94a5ae88","method":"GET","originalUrl":"/ghost/api/content/newsletters/?limit=100&key=9b6b47e860c80342be94a5ae88","params":{},"headers":{"host":"localhost:2368","user-agent":"Mozilla/5.0 (Macintosh; Intel Mac OS X 10.15; rv:148.0) Gecko/20100101 Firefox/148.0","accept":"*/*","accept-language":"en-US,en;q=0.9","accept-encoding":"gzip, deflate, br, zstd","referer":"http://localhost:2368/ghost/","content-type":"application/json","sec-gpc":"1","connection":"keep-alive","cookie":"**REDACTED**","sec-fetch-dest":"empty","sec-fetch-mode":"cors","sec-fetch-site":"same-origin","priority":"u=4"},"query":{"limit":"100","key":"**REDACTED**"}},"res":{"_headers":{"x-powered-by":"Express","content-version":"v6.19","vary":"Accept-Version, Accept-Encoding","cache-control":"public, max-age=0","access-control-allow-origin":"*","content-type":"application/json; charset=utf-8","content-length":"417","etag":"W/\"1a1-n3RLIl7fbJc7TXxm6szZLvPS5dc\""},"statusCode":200,"responseTime":"11ms"},"msg":"","time":"2026-03-03T21:43:50.246Z","v":0}
{"name":"Log","hostname":"a275c7126250","pid":1,"level":30,"version":"6.19.4","req":{"meta":{"requestId":"f86684af-2858-4305-b66b-5796ed8aa45f","userId":null},"url":"/","method":"POST","originalUrl":"/","params":{},"headers":{"host":"localhost:2368","user-agent":"Mozilla/5.0 (Macintosh; Intel Mac OS X 10.15; rv:148.0) Gecko/20100101 Firefox/148.0","accept":"text/plain","accept-language":"en-US,en;q=0.9","accept-encoding":"gzip, deflate, br, zstd","referer":"http://localhost:2368/ghost/","content-type":"text/html;charset=utf-8","x-ghost-preview":"c=%23FDDA00&d=Thoughts%2C+stories+and+ideas.&icon=&logo=&cover=null&bf=&hf=&custom=%7B%22navigation_layout%22%3A%22Logo+in+the+middle%22%2C%22site_background_color%22%3A%22%23ffffff%22%2C%22header_and_footer_color%22%3A%22Background+color%22%2C%22title_font%22%3A%22Modern+sans-serif%22%2C%22body_font%22%3A%22Modern+sans-serif%22%2C%22signup_heading%22%3Anull%2C%22signup_subheading%22%3Anull%2C%22header_style%22%3A%22Landing%22%2C%22header_text%22%3Anull%2C%22background_image%22%3Atrue%2C%22show_featured_posts%22%3Anull%2C%22post_feed_style%22%3A%22List%22%2C%22show_images_in_feed%22%3Atrue%2C%22show_author%22%3Atrue%2C%22show_publish_date%22%3Atrue%2C%22show_publication_info_sidebar%22%3Afalse%2C%22show_post_metadata%22%3Atrue%2C%22enable_drop_caps_on_posts%22%3Afalse%2C%22show_related_articles%22%3Atrue%7D","origin":"http://localhost:2368","sec-gpc":"1","connection":"keep-alive","cookie":"**REDACTED**","sec-fetch-dest":"empty","sec-fetch-mode":"cors","sec-fetch-site":"same-origin","priority":"u=0","content-length":"0"},"query":{}},"res":{"_headers":{"x-powered-by":"Express","access-control-allow-origin":"http://localhost:2368","vary":"Origin, Accept-Encoding","access-control-allow-credentials":"true","cache-control":"public, max-age=0","content-type":"text/html; charset=utf-8","etag":"W/\"438f-Jc2xfWEpayxidjDr0K00p3esqQw\"","content-encoding":"br"},"statusCode":200,"responseTime":"59ms"},"msg":"","time":"2026-03-03T21:44:10.310Z","v":0}
{"name":"Log","hostname":"a275c7126250","pid":1,"level":30,"version":"6.19.4","req":{"meta":{"requestId":"f6be4b25-7c3a-4dc9-bccd-68496fa395d9","userId":null},"url":"/public/member-attribution.min.js?v=f6325171dd","method":"GET","originalUrl":"/public/member-attribution.min.js?v=f6325171dd","params":{},"headers":{"host":"localhost:2368","user-agent":"Mozilla/5.0 (Macintosh; Intel Mac OS X 10.15; rv:148.0) Gecko/20100101 Firefox/148.0","accept":"*/*","accept-language":"en-US,en;q=0.9","accept-encoding":"gzip, deflate, br, zstd","referer":"http://localhost:2368/ghost/","sec-gpc":"1","connection":"keep-alive","cookie":"**REDACTED**","sec-fetch-dest":"script","sec-fetch-mode":"no-cors","sec-fetch-site":"same-origin"},"query":{"v":"f6325171dd"}},"res":{"_headers":{"x-powered-by":"Express","content-type":"application/javascript","etag":"\"76d7f9c7c5c4b0f99bca6af29aaaa4df\"","cache-control":"public, max-age=31536000","vary":"Accept-Encoding","content-encoding":"br"},"statusCode":200,"responseTime":"1ms"},"msg":"","time":"2026-03-03T21:44:10.317Z","v":0}
{"name":"Log","hostname":"a275c7126250","pid":1,"level":30,"version":"6.19.4","req":{"meta":{"requestId":"a35df55c-999c-4ba8-a70f-814cb64c391c","userId":null},"url":"/public/cards.min.js?v=f6325171dd","method":"GET","originalUrl":"/public/cards.min.js?v=f6325171dd","params":{},"headers":{"host":"localhost:2368","user-agent":"Mozilla/5.0 (Macintosh; Intel Mac OS X 10.15; rv:148.0) Gecko/20100101 Firefox/148.0","accept":"*/*","accept-language":"en-US,en;q=0.9","accept-encoding":"gzip, deflate, br, zstd","referer":"http://localhost:2368/ghost/","sec-gpc":"1","connection":"keep-alive","cookie":"**REDACTED**","sec-fetch-dest":"script","sec-fetch-mode":"no-cors","sec-fetch-site":"same-origin"},"query":{"v":"f6325171dd"}},"res":{"_headers":{"x-powered-by":"Express","content-type":"application/javascript","etag":"\"91fcf6fd1c2761b582cda90883e5ff94\"","cache-control":"public, max-age=31536000","vary":"Accept-Encoding","content-encoding":"br"},"statusCode":200,"responseTime":"2ms"},"msg":"","time":"2026-03-03T21:44:10.318Z","v":0}
{"name":"Log","hostname":"a275c7126250","pid":1,"level":30,"version":"6.19.4","req":{"meta":{"requestId":"f782dff1-2355-4368-8c52-9f1134548b10","userId":null},"url":"/assets/built/source.js?v=f6325171dd","method":"GET","originalUrl":"/assets/built/source.js?v=f6325171dd","params":{},"headers":{"host":"localhost:2368","user-agent":"Mozilla/5.0 (Macintosh; Intel Mac OS X 10.15; rv:148.0) Gecko/20100101 Firefox/148.0","accept":"*/*","accept-language":"en-US,en;q=0.9","accept-encoding":"gzip, deflate, br, zstd","sec-gpc":"1","connection":"keep-alive","referer":"http://localhost:2368/ghost/","cookie":"**REDACTED**","sec-fetch-dest":"script","sec-fetch-mode":"no-cors","sec-fetch-site":"same-origin","priority":"u=1"},"query":{"v":"f6325171dd"}},"res":{"_headers":{"x-powered-by":"Express","accept-ranges":"bytes","cache-control":"public, max-age=0","last-modified":"Sat, 26 Oct 1985 08:15:00 GMT","etag":"W/\"cde1-7438674ba0\"","content-type":"application/javascript; charset=UTF-8","vary":"Accept-Encoding","content-encoding":"br"},"statusCode":200,"responseTime":"4ms"},"msg":"","time":"2026-03-03T21:44:10.318Z","v":0}
{"name":"Log","hostname":"a275c7126250","pid":1,"level":30,"version":"6.19.4","req":{"meta":{"requestId":"f25df0fc-f93b-4d4c-bd7b-6ecc3fbff957","userId":null},"url":"/api/member/","method":"GET","originalUrl":"/members/api/member/","params":{},"headers":{"host":"localhost:2368","user-agent":"Mozilla/5.0 (Macintosh; Intel Mac OS X 10.15; rv:148.0) Gecko/20100101 Firefox/148.0","accept":"*/*","accept-language":"en-US,en;q=0.9","accept-encoding":"gzip, deflate, br, zstd","referer":"http://localhost:2368/ghost/","sec-gpc":"1","connection":"keep-alive","cookie":"**REDACTED**","sec-fetch-dest":"empty","sec-fetch-mode":"cors","sec-fetch-site":"same-origin","priority":"u=4"},"query":{}},"res":{"_headers":{"x-powered-by":"Express","cache-control":"no-cache, private, no-store, must-revalidate, max-stale=0, post-check=0, pre-check=0","access-control-allow-origin":"*"},"statusCode":204,"responseTime":"1ms"},"msg":"","time":"2026-03-03T21:44:10.380Z","v":0}
{"name":"Log","hostname":"a275c7126250","pid":1,"level":30,"version":"6.19.4","req":{"meta":{"requestId":"f6262b46-6ec6-4063-b81c-2974c93e9c29","userId":null},"url":"/tiers/?limit=100&include=monthly_price%2Cyearly_price%2Cbenefits&key=9b6b47e860c80342be94a5ae88","method":"GET","originalUrl":"/ghost/api/content/tiers/?limit=100&include=monthly_price%2Cyearly_price%2Cbenefits&key=9b6b47e860c80342be94a5ae88","params":{},"headers":{"host":"localhost:2368","user-agent":"Mozilla/5.0 (Macintosh; Intel Mac OS X 10.15; rv:148.0) Gecko/20100101 Firefox/148.0","accept":"*/*","accept-language":"en-US,en;q=0.9","accept-encoding":"gzip, deflate, br, zstd","referer":"http://localhost:2368/ghost/","content-type":"application/json","sec-gpc":"1","connection":"keep-alive","cookie":"**REDACTED**","sec-fetch-dest":"empty","sec-fetch-mode":"cors","sec-fetch-site":"same-origin","priority":"u=4"},"query":{"limit":"100","include":"monthly_price,yearly_price,benefits","key":"**REDACTED**"}},"res":{"_headers":{"x-powered-by":"Express","content-version":"v6.19","vary":"Accept-Version, Accept-Encoding","cache-control":"public, max-age=0","access-control-allow-origin":"*","content-type":"application/json; charset=utf-8","content-length":"699","etag":"W/\"2bb-xU7jy7Oz6ZFrL9bBMaor3tIAoU4\""},"statusCode":200,"responseTime":"7ms"},"msg":"","time":"2026-03-03T21:44:10.396Z","v":0}
{"name":"Log","hostname":"a275c7126250","pid":1,"level":30,"version":"6.19.4","req":{"meta":{"requestId":"b178d7e4-dc13-4c1a-8a22-bed612c4dccb","userId":null},"url":"/settings/?key=9b6b47e860c80342be94a5ae88","method":"GET","originalUrl":"/ghost/api/content/settings/?key=9b6b47e860c80342be94a5ae88","params":{},"headers":{"host":"localhost:2368","user-agent":"Mozilla/5.0 (Macintosh; Intel Mac OS X 10.15; rv:148.0) Gecko/20100101 Firefox/148.0","accept":"*/*","accept-language":"en-US,en;q=0.9","accept-encoding":"gzip, deflate, br, zstd","referer":"http://localhost:2368/ghost/","content-type":"application/json","sec-gpc":"1","connection":"keep-alive","cookie":"**REDACTED**","sec-fetch-dest":"empty","sec-fetch-mode":"cors","sec-fetch-site":"same-origin","priority":"u=4"},"query":{"key":"**REDACTED**"}},"res":{"_headers":{"x-powered-by":"Express","content-version":"v6.19","vary":"Accept-Version, Accept-Encoding","cache-control":"public, max-age=0","access-control-allow-origin":"*","content-type":"application/json; charset=utf-8","etag":"W/\"756-hUJMTAVLGUGk53lM0bIA8z5gCsY\"","content-encoding":"br"},"statusCode":200,"responseTime":"10ms"},"msg":"","time":"2026-03-03T21:44:10.398Z","v":0}
{"name":"Log","hostname":"a275c7126250","pid":1,"level":30,"version":"6.19.4","req":{"meta":{"requestId":"29a588d8-88e1-4834-9fa3-f773e8d9baa2","userId":null},"url":"/newsletters/?limit=100&key=9b6b47e860c80342be94a5ae88","method":"GET","originalUrl":"/ghost/api/content/newsletters/?limit=100&key=9b6b47e860c80342be94a5ae88","params":{},"headers":{"host":"localhost:2368","user-agent":"Mozilla/5.0 (Macintosh; Intel Mac OS X 10.15; rv:148.0) Gecko/20100101 Firefox/148.0","accept":"*/*","accept-language":"en-US,en;q=0.9","accept-encoding":"gzip, deflate, br, zstd","referer":"http://localhost:2368/ghost/","content-type":"application/json","sec-gpc":"1","connection":"keep-alive","cookie":"**REDACTED**","sec-fetch-dest":"empty","sec-fetch-mode":"cors","sec-fetch-site":"same-origin","priority":"u=4"},"query":{"limit":"100","key":"**REDACTED**"}},"res":{"_headers":{"x-powered-by":"Express","content-version":"v6.19","vary":"Accept-Version, Accept-Encoding","cache-control":"public, max-age=0","access-control-allow-origin":"*","content-type":"application/json; charset=utf-8","content-length":"417","etag":"W/\"1a1-n3RLIl7fbJc7TXxm6szZLvPS5dc\""},"statusCode":200,"responseTime":"12ms"},"msg":"","time":"2026-03-03T21:44:10.401Z","v":0}
{"name":"Log","hostname":"a275c7126250","pid":1,"level":30,"version":"6.19.4","req":{"meta":{"requestId":"2bccac42-f20b-464b-ba7e-9b4dc2dc0bd7","userId":null},"url":"/","method":"POST","originalUrl":"/","params":{},"headers":{"host":"localhost:2368","user-agent":"Mozilla/5.0 (Macintosh; Intel Mac OS X 10.15; rv:148.0) Gecko/20100101 Firefox/148.0","accept":"text/plain","accept-language":"en-US,en;q=0.9","accept-encoding":"gzip, deflate, br, zstd","referer":"http://localhost:2368/ghost/","content-type":"text/html;charset=utf-8","x-ghost-preview":"c=%23FDDA00&d=Thoughts%2C+stories+and+ideas.&icon=&logo=&cover=null&bf=&hf=&custom=%7B%22navigation_layout%22%3A%22Logo+in+the+middle%22%2C%22site_background_color%22%3A%22%23ffffff%22%2C%22header_and_footer_color%22%3A%22Accent+color%22%2C%22title_font%22%3A%22Modern+sans-serif%22%2C%22body_font%22%3A%22Modern+sans-serif%22%2C%22signup_heading%22%3Anull%2C%22signup_subheading%22%3Anull%2C%22header_style%22%3A%22Landing%22%2C%22header_text%22%3Anull%2C%22background_image%22%3Atrue%2C%22show_featured_posts%22%3Anull%2C%22post_feed_style%22%3A%22List%22%2C%22show_images_in_feed%22%3Atrue%2C%22show_author%22%3Atrue%2C%22show_publish_date%22%3Atrue%2C%22show_publication_info_sidebar%22%3Afalse%2C%22show_post_metadata%22%3Atrue%2C%22enable_drop_caps_on_posts%22%3Afalse%2C%22show_related_articles%22%3Atrue%7D","origin":"http://localhost:2368","sec-gpc":"1","connection":"keep-alive","cookie":"**REDACTED**","sec-fetch-dest":"empty","sec-fetch-mode":"cors","sec-fetch-site":"same-origin","priority":"u=0","content-length":"0"},"query":{}},"res":{"_headers":{"x-powered-by":"Express","access-control-allow-origin":"http://localhost:2368","vary":"Origin, Accept-Encoding","access-control-allow-credentials":"true","cache-control":"public, max-age=0","content-type":"text/html; charset=utf-8","etag":"W/\"43b1-iN3aRn2ZwCRzevMcYL6UCSCQqs8\"","content-encoding":"br"},"statusCode":200,"responseTime":"70ms"},"msg":"","time":"2026-03-03T21:44:40.601Z","v":0}
{"name":"Log","hostname":"a275c7126250","pid":1,"level":30,"version":"6.19.4","req":{"meta":{"requestId":"ce312f68-ee76-4cf5-8f9a-888fc570b1d8","userId":null},"url":"/public/cards.min.js?v=f6325171dd","method":"GET","originalUrl":"/public/cards.min.js?v=f6325171dd","params":{},"headers":{"host":"localhost:2368","user-agent":"Mozilla/5.0 (Macintosh; Intel Mac OS X 10.15; rv:148.0) Gecko/20100101 Firefox/148.0","accept":"*/*","accept-language":"en-US,en;q=0.9","accept-encoding":"gzip, deflate, br, zstd","referer":"http://localhost:2368/ghost/","sec-gpc":"1","connection":"keep-alive","cookie":"**REDACTED**","sec-fetch-dest":"script","sec-fetch-mode":"no-cors","sec-fetch-site":"same-origin"},"query":{"v":"f6325171dd"}},"res":{"_headers":{"x-powered-by":"Express","content-type":"application/javascript","etag":"\"91fcf6fd1c2761b582cda90883e5ff94\"","cache-control":"public, max-age=31536000","vary":"Accept-Encoding","content-encoding":"br"},"statusCode":200,"responseTime":"3ms"},"msg":"","time":"2026-03-03T21:44:40.613Z","v":0}
{"name":"Log","hostname":"a275c7126250","pid":1,"level":30,"version":"6.19.4","req":{"meta":{"requestId":"a7063b1c-37f2-4869-b977-dd682632ee53","userId":null},"url":"/assets/built/source.js?v=f6325171dd","method":"GET","originalUrl":"/assets/built/source.js?v=f6325171dd","params":{},"headers":{"host":"localhost:2368","user-agent":"Mozilla/5.0 (Macintosh; Intel Mac OS X 10.15; rv:148.0) Gecko/20100101 Firefox/148.0","accept":"*/*","accept-language":"en-US,en;q=0.9","accept-encoding":"gzip, deflate, br, zstd","sec-gpc":"1","connection":"keep-alive","referer":"http://localhost:2368/ghost/","cookie":"**REDACTED**","sec-fetch-dest":"script","sec-fetch-mode":"no-cors","sec-fetch-site":"same-origin","priority":"u=1"},"query":{"v":"f6325171dd"}},"res":{"_headers":{"x-powered-by":"Express","accept-ranges":"bytes","cache-control":"public, max-age=0","last-modified":"Sat, 26 Oct 1985 08:15:00 GMT","etag":"W/\"cde1-7438674ba0\"","content-type":"application/javascript; charset=UTF-8","vary":"Accept-Encoding","content-encoding":"br"},"statusCode":200,"responseTime":"7ms"},"msg":"","time":"2026-03-03T21:44:40.614Z","v":0}
{"name":"Log","hostname":"a275c7126250","pid":1,"level":30,"version":"6.19.4","req":{"meta":{"requestId":"0a25717d-1c02-4a34-810b-a3577dabb41f","userId":null},"url":"/public/member-attribution.min.js?v=f6325171dd","method":"GET","originalUrl":"/public/member-attribution.min.js?v=f6325171dd","params":{},"headers":{"host":"localhost:2368","user-agent":"Mozilla/5.0 (Macintosh; Intel Mac OS X 10.15; rv:148.0) Gecko/20100101 Firefox/148.0","accept":"*/*","accept-language":"en-US,en;q=0.9","accept-encoding":"gzip, deflate, br, zstd","referer":"http://localhost:2368/ghost/","sec-gpc":"1","connection":"keep-alive","cookie":"**REDACTED**","sec-fetch-dest":"script","sec-fetch-mode":"no-cors","sec-fetch-site":"same-origin"},"query":{"v":"f6325171dd"}},"res":{"_headers":{"x-powered-by":"Express","content-type":"application/javascript","etag":"\"76d7f9c7c5c4b0f99bca6af29aaaa4df\"","cache-control":"public, max-age=31536000","vary":"Accept-Encoding","content-encoding":"br"},"statusCode":200,"responseTime":"6ms"},"msg":"","time":"2026-03-03T21:44:40.615Z","v":0}
{"name":"Log","hostname":"a275c7126250","pid":1,"level":30,"version":"6.19.4","req":{"meta":{"requestId":"37b7e8c4-da9a-4608-9852-ea0f82951bf9","userId":null},"url":"/api/member/","method":"GET","originalUrl":"/members/api/member/","params":{},"headers":{"host":"localhost:2368","user-agent":"Mozilla/5.0 (Macintosh; Intel Mac OS X 10.15; rv:148.0) Gecko/20100101 Firefox/148.0","accept":"*/*","accept-language":"en-US,en;q=0.9","accept-encoding":"gzip, deflate, br, zstd","referer":"http://localhost:2368/ghost/","sec-gpc":"1","connection":"keep-alive","cookie":"**REDACTED**","sec-fetch-dest":"empty","sec-fetch-mode":"cors","sec-fetch-site":"same-origin","priority":"u=4"},"query":{}},"res":{"_headers":{"x-powered-by":"Express","cache-control":"no-cache, private, no-store, must-revalidate, max-stale=0, post-check=0, pre-check=0","access-control-allow-origin":"*"},"statusCode":204,"responseTime":"0ms"},"msg":"","time":"2026-03-03T21:44:40.675Z","v":0}
{"name":"Log","hostname":"a275c7126250","pid":1,"level":30,"version":"6.19.4","req":{"meta":{"requestId":"e5815f97-8659-4703-8b06-6351aec40dd6","userId":null},"url":"/tiers/?limit=100&include=monthly_price%2Cyearly_price%2Cbenefits&key=9b6b47e860c80342be94a5ae88","method":"GET","originalUrl":"/ghost/api/content/tiers/?limit=100&include=monthly_price%2Cyearly_price%2Cbenefits&key=9b6b47e860c80342be94a5ae88","params":{},"headers":{"host":"localhost:2368","user-agent":"Mozilla/5.0 (Macintosh; Intel Mac OS X 10.15; rv:148.0) Gecko/20100101 Firefox/148.0","accept":"*/*","accept-language":"en-US,en;q=0.9","accept-encoding":"gzip, deflate, br, zstd","referer":"http://localhost:2368/ghost/","content-type":"application/json","sec-gpc":"1","connection":"keep-alive","cookie":"**REDACTED**","sec-fetch-dest":"empty","sec-fetch-mode":"cors","sec-fetch-site":"same-origin","priority":"u=4"},"query":{"limit":"100","include":"monthly_price,yearly_price,benefits","key":"**REDACTED**"}},"res":{"_headers":{"x-powered-by":"Express","content-version":"v6.19","vary":"Accept-Version, Accept-Encoding","cache-control":"public, max-age=0","access-control-allow-origin":"*","content-type":"application/json; charset=utf-8","content-length":"699","etag":"W/\"2bb-xU7jy7Oz6ZFrL9bBMaor3tIAoU4\""},"statusCode":200,"responseTime":"10ms"},"msg":"","time":"2026-03-03T21:44:40.695Z","v":0}
{"name":"Log","hostname":"a275c7126250","pid":1,"level":30,"version":"6.19.4","req":{"meta":{"requestId":"f7c45933-6f09-4159-9878-c9cfbc6448cb","userId":null},"url":"/settings/?key=9b6b47e860c80342be94a5ae88","method":"GET","originalUrl":"/ghost/api/content/settings/?key=9b6b47e860c80342be94a5ae88","params":{},"headers":{"host":"localhost:2368","user-agent":"Mozilla/5.0 (Macintosh; Intel Mac OS X 10.15; rv:148.0) Gecko/20100101 Firefox/148.0","accept":"*/*","accept-language":"en-US,en;q=0.9","accept-encoding":"gzip, deflate, br, zstd","referer":"http://localhost:2368/ghost/","content-type":"application/json","sec-gpc":"1","connection":"keep-alive","cookie":"**REDACTED**","sec-fetch-dest":"empty","sec-fetch-mode":"cors","sec-fetch-site":"same-origin","priority":"u=4"},"query":{"key":"**REDACTED**"}},"res":{"_headers":{"x-powered-by":"Express","content-version":"v6.19","vary":"Accept-Version, Accept-Encoding","cache-control":"public, max-age=0","access-control-allow-origin":"*","content-type":"application/json; charset=utf-8","etag":"W/\"756-hUJMTAVLGUGk53lM0bIA8z5gCsY\"","content-encoding":"br"},"statusCode":200,"responseTime":"18ms"},"msg":"","time":"2026-03-03T21:44:40.703Z","v":0}
{"name":"Log","hostname":"a275c7126250","pid":1,"level":30,"version":"6.19.4","req":{"meta":{"requestId":"ad5e9530-4ec2-41ae-b9c2-886df0bea500","userId":null},"url":"/newsletters/?limit=100&key=9b6b47e860c80342be94a5ae88","method":"GET","originalUrl":"/ghost/api/content/newsletters/?limit=100&key=9b6b47e860c80342be94a5ae88","params":{},"headers":{"host":"localhost:2368","user-agent":"Mozilla/5.0 (Macintosh; Intel Mac OS X 10.15; rv:148.0) Gecko/20100101 Firefox/148.0","accept":"*/*","accept-language":"en-US,en;q=0.9","accept-encoding":"gzip, deflate, br, zstd","referer":"http://localhost:2368/ghost/","content-type":"application/json","sec-gpc":"1","connection":"keep-alive","cookie":"**REDACTED**","sec-fetch-dest":"empty","sec-fetch-mode":"cors","sec-fetch-site":"same-origin","priority":"u=4"},"query":{"limit":"100","key":"**REDACTED**"}},"res":{"_headers":{"x-powered-by":"Express","content-version":"v6.19","vary":"Accept-Version, Accept-Encoding","cache-control":"public, max-age=0","access-control-allow-origin":"*","content-type":"application/json; charset=utf-8","content-length":"417","etag":"W/\"1a1-n3RLIl7fbJc7TXxm6szZLvPS5dc\""},"statusCode":200,"responseTime":"20ms"},"msg":"","time":"2026-03-03T21:44:40.706Z","v":0}
{"name":"Log","hostname":"a275c7126250","pid":1,"level":30,"version":"6.19.4","req":{"meta":{"requestId":"facf94c4-e85c-4fc9-a1b8-1bcc9fc6749e","userId":null},"url":"/","method":"POST","originalUrl":"/","params":{},"headers":{"host":"localhost:2368","user-agent":"Mozilla/5.0 (Macintosh; Intel Mac OS X 10.15; rv:148.0) Gecko/20100101 Firefox/148.0","accept":"text/plain","accept-language":"en-US,en;q=0.9","accept-encoding":"gzip, deflate, br, zstd","referer":"http://localhost:2368/ghost/","content-type":"text/html;charset=utf-8","x-ghost-preview":"c=%23FDDA00&d=Thoughts%2C+stories+and+ideas.&icon=&logo=&cover=null&bf=&hf=&custom=%7B%22navigation_layout%22%3A%22Logo+in+the+middle%22%2C%22site_background_color%22%3A%22%23ffffff%22%2C%22header_and_footer_color%22%3A%22Background+color%22%2C%22title_font%22%3A%22Modern+sans-serif%22%2C%22body_font%22%3A%22Modern+sans-serif%22%2C%22signup_heading%22%3Anull%2C%22signup_subheading%22%3Anull%2C%22header_style%22%3A%22Landing%22%2C%22header_text%22%3Anull%2C%22background_image%22%3Atrue%2C%22show_featured_posts%22%3Anull%2C%22post_feed_style%22%3A%22List%22%2C%22show_images_in_feed%22%3Atrue%2C%22show_author%22%3Atrue%2C%22show_publish_date%22%3Atrue%2C%22show_publication_info_sidebar%22%3Afalse%2C%22show_post_metadata%22%3Atrue%2C%22enable_drop_caps_on_posts%22%3Afalse%2C%22show_related_articles%22%3Atrue%7D","origin":"http://localhost:2368","sec-gpc":"1","connection":"keep-alive","cookie":"**REDACTED**","sec-fetch-dest":"empty","sec-fetch-mode":"cors","sec-fetch-site":"same-origin","priority":"u=0","content-length":"0"},"query":{}},"res":{"_headers":{"x-powered-by":"Express","access-control-allow-origin":"http://localhost:2368","vary":"Origin, Accept-Encoding","access-control-allow-credentials":"true","cache-control":"public, max-age=0","content-type":"text/html; charset=utf-8","etag":"W/\"438f-Jc2xfWEpayxidjDr0K00p3esqQw\"","content-encoding":"br"},"statusCode":200,"responseTime":"56ms"},"msg":"","time":"2026-03-03T21:44:41.794Z","v":0}
{"name":"Log","hostname":"a275c7126250","pid":1,"level":30,"version":"6.19.4","req":{"meta":{"requestId":"491faf19-1184-4929-84c8-9539bcbbb693","userId":null},"url":"/public/member-attribution.min.js?v=f6325171dd","method":"GET","originalUrl":"/public/member-attribution.min.js?v=f6325171dd","params":{},"headers":{"host":"localhost:2368","user-agent":"Mozilla/5.0 (Macintosh; Intel Mac OS X 10.15; rv:148.0) Gecko/20100101 Firefox/148.0","accept":"*/*","accept-language":"en-US,en;q=0.9","accept-encoding":"gzip, deflate, br, zstd","referer":"http://localhost:2368/ghost/","sec-gpc":"1","connection":"keep-alive","cookie":"**REDACTED**","sec-fetch-dest":"script","sec-fetch-mode":"no-cors","sec-fetch-site":"same-origin"},"query":{"v":"f6325171dd"}},"res":{"_headers":{"x-powered-by":"Express","content-type":"application/javascript","etag":"\"76d7f9c7c5c4b0f99bca6af29aaaa4df\"","cache-control":"public, max-age=31536000","vary":"Accept-Encoding","content-encoding":"br"},"statusCode":200,"responseTime":"2ms"},"msg":"","time":"2026-03-03T21:44:41.802Z","v":0}
{"name":"Log","hostname":"a275c7126250","pid":1,"level":30,"version":"6.19.4","req":{"meta":{"requestId":"29499873-9632-4368-bdb1-16f2338c695f","userId":null},"url":"/assets/built/source.js?v=f6325171dd","method":"GET","originalUrl":"/assets/built/source.js?v=f6325171dd","params":{},"headers":{"host":"localhost:2368","user-agent":"Mozilla/5.0 (Macintosh; Intel Mac OS X 10.15; rv:148.0) Gecko/20100101 Firefox/148.0","accept":"*/*","accept-language":"en-US,en;q=0.9","accept-encoding":"gzip, deflate, br, zstd","sec-gpc":"1","connection":"keep-alive","referer":"http://localhost:2368/ghost/","cookie":"**REDACTED**","sec-fetch-dest":"script","sec-fetch-mode":"no-cors","sec-fetch-site":"same-origin","priority":"u=1"},"query":{"v":"f6325171dd"}},"res":{"_headers":{"x-powered-by":"Express","accept-ranges":"bytes","cache-control":"public, max-age=0","last-modified":"Sat, 26 Oct 1985 08:15:00 GMT","etag":"W/\"cde1-7438674ba0\"","content-type":"application/javascript; charset=UTF-8","vary":"Accept-Encoding","content-encoding":"br"},"statusCode":200,"responseTime":"4ms"},"msg":"","time":"2026-03-03T21:44:41.803Z","v":0}
{"name":"Log","hostname":"a275c7126250","pid":1,"level":30,"version":"6.19.4","req":{"meta":{"requestId":"00df3b3f-7b40-4532-b530-007f90d2c18b","userId":null},"url":"/api/member/","method":"GET","originalUrl":"/members/api/member/","params":{},"headers":{"host":"localhost:2368","user-agent":"Mozilla/5.0 (Macintosh; Intel Mac OS X 10.15; rv:148.0) Gecko/20100101 Firefox/148.0","accept":"*/*","accept-language":"en-US,en;q=0.9","accept-encoding":"gzip, deflate, br, zstd","referer":"http://localhost:2368/ghost/","sec-gpc":"1","connection":"keep-alive","cookie":"**REDACTED**","sec-fetch-dest":"empty","sec-fetch-mode":"cors","sec-fetch-site":"same-origin","priority":"u=4"},"query":{}},"res":{"_headers":{"x-powered-by":"Express","cache-control":"no-cache, private, no-store, must-revalidate, max-stale=0, post-check=0, pre-check=0","access-control-allow-origin":"*"},"statusCode":204,"responseTime":"2ms"},"msg":"","time":"2026-03-03T21:44:41.949Z","v":0}
{"name":"Log","hostname":"a275c7126250","pid":1,"level":30,"version":"6.19.4","req":{"meta":{"requestId":"9dad2ce1-09ec-4402-a9a7-65236d144c6a","userId":null},"url":"/tiers/?limit=100&include=monthly_price%2Cyearly_price%2Cbenefits&key=9b6b47e860c80342be94a5ae88","method":"GET","originalUrl":"/ghost/api/content/tiers/?limit=100&include=monthly_price%2Cyearly_price%2Cbenefits&key=9b6b47e860c80342be94a5ae88","params":{},"headers":{"host":"localhost:2368","user-agent":"Mozilla/5.0 (Macintosh; Intel Mac OS X 10.15; rv:148.0) Gecko/20100101 Firefox/148.0","accept":"*/*","accept-language":"en-US,en;q=0.9","accept-encoding":"gzip, deflate, br, zstd","referer":"http://localhost:2368/ghost/","content-type":"application/json","sec-gpc":"1","connection":"keep-alive","cookie":"**REDACTED**","sec-fetch-dest":"empty","sec-fetch-mode":"cors","sec-fetch-site":"same-origin","priority":"u=4"},"query":{"limit":"100","include":"monthly_price,yearly_price,benefits","key":"**REDACTED**"}},"res":{"_headers":{"x-powered-by":"Express","content-version":"v6.19","vary":"Accept-Version, Accept-Encoding","cache-control":"public, max-age=0","access-control-allow-origin":"*","content-type":"application/json; charset=utf-8","content-length":"699","etag":"W/\"2bb-xU7jy7Oz6ZFrL9bBMaor3tIAoU4\""},"statusCode":200,"responseTime":"16ms"},"msg":"","time":"2026-03-03T21:44:41.974Z","v":0}
{"name":"Log","hostname":"a275c7126250","pid":1,"level":30,"version":"6.19.4","req":{"meta":{"requestId":"5de0d1f2-1b53-4cc4-8265-de5773aa04d3","userId":null},"url":"/settings/?key=9b6b47e860c80342be94a5ae88","method":"GET","originalUrl":"/ghost/api/content/settings/?key=9b6b47e860c80342be94a5ae88","params":{},"headers":{"host":"localhost:2368","user-agent":"Mozilla/5.0 (Macintosh; Intel Mac OS X 10.15; rv:148.0) Gecko/20100101 Firefox/148.0","accept":"*/*","accept-language":"en-US,en;q=0.9","accept-encoding":"gzip, deflate, br, zstd","referer":"http://localhost:2368/ghost/","content-type":"application/json","sec-gpc":"1","connection":"keep-alive","cookie":"**REDACTED**","sec-fetch-dest":"empty","sec-fetch-mode":"cors","sec-fetch-site":"same-origin","priority":"u=4"},"query":{"key":"**REDACTED**"}},"res":{"_headers":{"x-powered-by":"Express","content-version":"v6.19","vary":"Accept-Version, Accept-Encoding","cache-control":"public, max-age=0","access-control-allow-origin":"*","content-type":"application/json; charset=utf-8","etag":"W/\"756-hUJMTAVLGUGk53lM0bIA8z5gCsY\"","content-encoding":"br"},"statusCode":200,"responseTime":"21ms"},"msg":"","time":"2026-03-03T21:44:41.977Z","v":0}
{"name":"Log","hostname":"a275c7126250","pid":1,"level":30,"version":"6.19.4","req":{"meta":{"requestId":"49e93365-38ad-477c-a6eb-8c1fd99a1f68","userId":null},"url":"/newsletters/?limit=100&key=9b6b47e860c80342be94a5ae88","method":"GET","originalUrl":"/ghost/api/content/newsletters/?limit=100&key=9b6b47e860c80342be94a5ae88","params":{},"headers":{"host":"localhost:2368","user-agent":"Mozilla/5.0 (Macintosh; Intel Mac OS X 10.15; rv:148.0) Gecko/20100101 Firefox/148.0","accept":"*/*","accept-language":"en-US,en;q=0.9","accept-encoding":"gzip, deflate, br, zstd","referer":"http://localhost:2368/ghost/","content-type":"application/json","sec-gpc":"1","connection":"keep-alive","cookie":"**REDACTED**","sec-fetch-dest":"empty","sec-fetch-mode":"cors","sec-fetch-site":"same-origin","priority":"u=4"},"query":{"limit":"100","key":"**REDACTED**"}},"res":{"_headers":{"x-powered-by":"Express","content-version":"v6.19","vary":"Accept-Version, Accept-Encoding","cache-control":"public, max-age=0","access-control-allow-origin":"*","content-type":"application/json; charset=utf-8","content-length":"417","etag":"W/\"1a1-n3RLIl7fbJc7TXxm6szZLvPS5dc\""},"statusCode":200,"responseTime":"20ms"},"msg":"","time":"2026-03-03T21:44:41.981Z","v":0}
{"name":"Log","hostname":"a275c7126250","pid":1,"level":30,"version":"6.19.4","req":{"meta":{"requestId":"4179deb7-03c9-428f-9afb-b7deed8d8b57","userId":null},"url":"/","method":"POST","originalUrl":"/","params":{},"headers":{"host":"localhost:2368","user-agent":"Mozilla/5.0 (Macintosh; Intel Mac OS X 10.15; rv:148.0) Gecko/20100101 Firefox/148.0","accept":"text/plain","accept-language":"en-US,en;q=0.9","accept-encoding":"gzip, deflate, br, zstd","referer":"http://localhost:2368/ghost/","content-type":"text/html;charset=utf-8","x-ghost-preview":"c=%23FDDA00&d=Thoughts%2C+stories+and+ideas.&icon=&logo=&cover=null&bf=&hf=&custom=%7B%22navigation_layout%22%3A%22Logo+in+the+middle%22%2C%22site_background_color%22%3A%22%23ffffff%22%2C%22header_and_footer_color%22%3A%22Background+color%22%2C%22title_font%22%3A%22Modern+sans-serif%22%2C%22body_font%22%3A%22Modern+sans-serif%22%2C%22signup_heading%22%3A%22%22%2C%22signup_subheading%22%3Anull%2C%22header_style%22%3A%22Landing%22%2C%22header_text%22%3Anull%2C%22background_image%22%3Atrue%2C%22show_featured_posts%22%3Anull%2C%22post_feed_style%22%3A%22List%22%2C%22show_images_in_feed%22%3Atrue%2C%22show_author%22%3Atrue%2C%22show_publish_date%22%3Atrue%2C%22show_publication_info_sidebar%22%3Afalse%2C%22show_post_metadata%22%3Atrue%2C%22enable_drop_caps_on_posts%22%3Afalse%2C%22show_related_articles%22%3Atrue%7D","origin":"http://localhost:2368","sec-gpc":"1","connection":"keep-alive","cookie":"**REDACTED**","sec-fetch-dest":"empty","sec-fetch-mode":"cors","sec-fetch-site":"same-origin","priority":"u=0","content-length":"0"},"query":{}},"res":{"_headers":{"x-powered-by":"Express","access-control-allow-origin":"http://localhost:2368","vary":"Origin, Accept-Encoding","access-control-allow-credentials":"true","cache-control":"public, max-age=0","content-type":"text/html; charset=utf-8","etag":"W/\"438f-Jc2xfWEpayxidjDr0K00p3esqQw\"","content-encoding":"br"},"statusCode":200,"responseTime":"54ms"},"msg":"","time":"2026-03-03T21:44:50.633Z","v":0}
{"name":"Log","hostname":"a275c7126250","pid":1,"level":30,"version":"6.19.4","req":{"meta":{"requestId":"c5bd1630-edeb-4a4e-af25-d447ce033a53","userId":null},"url":"/public/member-attribution.min.js?v=f6325171dd","method":"GET","originalUrl":"/public/member-attribution.min.js?v=f6325171dd","params":{},"headers":{"host":"localhost:2368","user-agent":"Mozilla/5.0 (Macintosh; Intel Mac OS X 10.15; rv:148.0) Gecko/20100101 Firefox/148.0","accept":"*/*","accept-language":"en-US,en;q=0.9","accept-encoding":"gzip, deflate, br, zstd","referer":"http://localhost:2368/ghost/","sec-gpc":"1","connection":"keep-alive","cookie":"**REDACTED**","sec-fetch-dest":"script","sec-fetch-mode":"no-cors","sec-fetch-site":"same-origin"},"query":{"v":"f6325171dd"}},"res":{"_headers":{"x-powered-by":"Express","content-type":"application/javascript","etag":"\"76d7f9c7c5c4b0f99bca6af29aaaa4df\"","cache-control":"public, max-age=31536000","vary":"Accept-Encoding","content-encoding":"br"},"statusCode":200,"responseTime":"2ms"},"msg":"","time":"2026-03-03T21:44:50.642Z","v":0}
{"name":"Log","hostname":"a275c7126250","pid":1,"level":30,"version":"6.19.4","req":{"meta":{"requestId":"cfcb0602-6f18-4f12-a0e9-a684a2d94aef","userId":null},"url":"/assets/built/source.js?v=f6325171dd","method":"GET","originalUrl":"/assets/built/source.js?v=f6325171dd","params":{},"headers":{"host":"localhost:2368","user-agent":"Mozilla/5.0 (Macintosh; Intel Mac OS X 10.15; rv:148.0) Gecko/20100101 Firefox/148.0","accept":"*/*","accept-language":"en-US,en;q=0.9","accept-encoding":"gzip, deflate, br, zstd","sec-gpc":"1","connection":"keep-alive","referer":"http://localhost:2368/ghost/","cookie":"**REDACTED**","sec-fetch-dest":"script","sec-fetch-mode":"no-cors","sec-fetch-site":"same-origin","priority":"u=1"},"query":{"v":"f6325171dd"}},"res":{"_headers":{"x-powered-by":"Express","accept-ranges":"bytes","cache-control":"public, max-age=0","last-modified":"Sat, 26 Oct 1985 08:15:00 GMT","etag":"W/\"cde1-7438674ba0\"","content-type":"application/javascript; charset=UTF-8","vary":"Accept-Encoding","content-encoding":"br"},"statusCode":200,"responseTime":"5ms"},"msg":"","time":"2026-03-03T21:44:50.643Z","v":0}
{"name":"Log","hostname":"a275c7126250","pid":1,"level":30,"version":"6.19.4","req":{"meta":{"requestId":"acdfc99d-c203-4e90-a53b-5d10e38acfba","userId":null},"url":"/api/member/","method":"GET","originalUrl":"/members/api/member/","params":{},"headers":{"host":"localhost:2368","user-agent":"Mozilla/5.0 (Macintosh; Intel Mac OS X 10.15; rv:148.0) Gecko/20100101 Firefox/148.0","accept":"*/*","accept-language":"en-US,en;q=0.9","accept-encoding":"gzip, deflate, br, zstd","referer":"http://localhost:2368/ghost/","sec-gpc":"1","connection":"keep-alive","cookie":"**REDACTED**","sec-fetch-dest":"empty","sec-fetch-mode":"cors","sec-fetch-site":"same-origin","priority":"u=4"},"query":{}},"res":{"_headers":{"x-powered-by":"Express","cache-control":"no-cache, private, no-store, must-revalidate, max-stale=0, post-check=0, pre-check=0","access-control-allow-origin":"*"},"statusCode":204,"responseTime":"0ms"},"msg":"","time":"2026-03-03T21:44:50.691Z","v":0}
{"name":"Log","hostname":"a275c7126250","pid":1,"level":30,"version":"6.19.4","req":{"meta":{"requestId":"2d2db66c-b93d-45ea-9f2a-d99022b2f6f4","userId":null},"url":"/tiers/?limit=100&include=monthly_price%2Cyearly_price%2Cbenefits&key=9b6b47e860c80342be94a5ae88","method":"GET","originalUrl":"/ghost/api/content/tiers/?limit=100&include=monthly_price%2Cyearly_price%2Cbenefits&key=9b6b47e860c80342be94a5ae88","params":{},"headers":{"host":"localhost:2368","user-agent":"Mozilla/5.0 (Macintosh; Intel Mac OS X 10.15; rv:148.0) Gecko/20100101 Firefox/148.0","accept":"*/*","accept-language":"en-US,en;q=0.9","accept-encoding":"gzip, deflate, br, zstd","referer":"http://localhost:2368/ghost/","content-type":"application/json","sec-gpc":"1","connection":"keep-alive","cookie":"**REDACTED**","sec-fetch-dest":"empty","sec-fetch-mode":"cors","sec-fetch-site":"same-origin","priority":"u=4"},"query":{"limit":"100","include":"monthly_price,yearly_price,benefits","key":"**REDACTED**"}},"res":{"_headers":{"x-powered-by":"Express","content-version":"v6.19","vary":"Accept-Version, Accept-Encoding","cache-control":"public, max-age=0","access-control-allow-origin":"*","content-type":"application/json; charset=utf-8","content-length":"699","etag":"W/\"2bb-xU7jy7Oz6ZFrL9bBMaor3tIAoU4\""},"statusCode":200,"responseTime":"7ms"},"msg":"","time":"2026-03-03T21:44:50.705Z","v":0}
{"name":"Log","hostname":"a275c7126250","pid":1,"level":30,"version":"6.19.4","req":{"meta":{"requestId":"60985578-ebe7-4bb5-8d20-7d9f48691067","userId":null},"url":"/settings/?key=9b6b47e860c80342be94a5ae88","method":"GET","originalUrl":"/ghost/api/content/settings/?key=9b6b47e860c80342be94a5ae88","params":{},"headers":{"host":"localhost:2368","user-agent":"Mozilla/5.0 (Macintosh; Intel Mac OS X 10.15; rv:148.0) Gecko/20100101 Firefox/148.0","accept":"*/*","accept-language":"en-US,en;q=0.9","accept-encoding":"gzip, deflate, br, zstd","referer":"http://localhost:2368/ghost/","content-type":"application/json","sec-gpc":"1","connection":"keep-alive","cookie":"**REDACTED**","sec-fetch-dest":"empty","sec-fetch-mode":"cors","sec-fetch-site":"same-origin","priority":"u=4"},"query":{"key":"**REDACTED**"}},"res":{"_headers":{"x-powered-by":"Express","content-version":"v6.19","vary":"Accept-Version, Accept-Encoding","cache-control":"public, max-age=0","access-control-allow-origin":"*","content-type":"application/json; charset=utf-8","etag":"W/\"756-hUJMTAVLGUGk53lM0bIA8z5gCsY\"","content-encoding":"br"},"statusCode":200,"responseTime":"11ms"},"msg":"","time":"2026-03-03T21:44:50.708Z","v":0}
{"name":"Log","hostname":"a275c7126250","pid":1,"level":30,"version":"6.19.4","req":{"meta":{"requestId":"34b57168-47f3-43ad-9e5a-3985af912f5d","userId":null},"url":"/newsletters/?limit=100&key=9b6b47e860c80342be94a5ae88","method":"GET","originalUrl":"/ghost/api/content/newsletters/?limit=100&key=9b6b47e860c80342be94a5ae88","params":{},"headers":{"host":"localhost:2368","user-agent":"Mozilla/5.0 (Macintosh; Intel Mac OS X 10.15; rv:148.0) Gecko/20100101 Firefox/148.0","accept":"*/*","accept-language":"en-US,en;q=0.9","accept-encoding":"gzip, deflate, br, zstd","referer":"http://localhost:2368/ghost/","content-type":"application/json","sec-gpc":"1","connection":"keep-alive","cookie":"**REDACTED**","sec-fetch-dest":"empty","sec-fetch-mode":"cors","sec-fetch-site":"same-origin","priority":"u=4"},"query":{"limit":"100","key":"**REDACTED**"}},"res":{"_headers":{"x-powered-by":"Express","content-version":"v6.19","vary":"Accept-Version, Accept-Encoding","cache-control":"public, max-age=0","access-control-allow-origin":"*","content-type":"application/json; charset=utf-8","content-length":"417","etag":"W/\"1a1-n3RLIl7fbJc7TXxm6szZLvPS5dc\""},"statusCode":200,"responseTime":"11ms"},"msg":"","time":"2026-03-03T21:44:50.713Z","v":0}
{"name":"Log","hostname":"a275c7126250","pid":1,"level":30,"version":"6.19.4","req":{"meta":{"requestId":"fb446d1b-67f3-467c-a80b-9d44de5e9829","userId":null},"url":"/","method":"POST","originalUrl":"/","params":{},"headers":{"host":"localhost:2368","user-agent":"Mozilla/5.0 (Macintosh; Intel Mac OS X 10.15; rv:148.0) Gecko/20100101 Firefox/148.0","accept":"text/plain","accept-language":"en-US,en;q=0.9","accept-encoding":"gzip, deflate, br, zstd","referer":"http://localhost:2368/ghost/","content-type":"text/html;charset=utf-8","x-ghost-preview":"c=%230A4E99&d=Thoughts%2C+stories+and+ideas.&icon=&logo=&cover=null&bf=&hf=&custom=%7B%22navigation_layout%22%3A%22Logo+in+the+middle%22%2C%22site_background_color%22%3A%22%23ffffff%22%2C%22header_and_footer_color%22%3A%22Background+color%22%2C%22title_font%22%3A%22Modern+sans-serif%22%2C%22body_font%22%3A%22Modern+sans-serif%22%2C%22signup_heading%22%3A%22%22%2C%22signup_subheading%22%3Anull%2C%22header_style%22%3A%22Landing%22%2C%22header_text%22%3Anull%2C%22background_image%22%3Atrue%2C%22show_featured_posts%22%3Anull%2C%22post_feed_style%22%3A%22List%22%2C%22show_images_in_feed%22%3Atrue%2C%22show_author%22%3Atrue%2C%22show_publish_date%22%3Atrue%2C%22show_publication_info_sidebar%22%3Afalse%2C%22show_post_metadata%22%3Atrue%2C%22enable_drop_caps_on_posts%22%3Afalse%2C%22show_related_articles%22%3Atrue%7D","origin":"http://localhost:2368","sec-gpc":"1","connection":"keep-alive","cookie":"**REDACTED**","sec-fetch-dest":"empty","sec-fetch-mode":"cors","sec-fetch-site":"same-origin","priority":"u=4","content-length":"0"},"query":{}},"res":{"_headers":{"x-powered-by":"Express","access-control-allow-origin":"http://localhost:2368","vary":"Origin, Accept-Encoding","access-control-allow-credentials":"true","cache-control":"public, max-age=0","content-type":"text/html; charset=utf-8","etag":"W/\"438f-tE4VLJzZt9h4QD2sYpkQjwC5mQU\"","content-encoding":"br"},"statusCode":200,"responseTime":"43ms"},"msg":"","time":"2026-03-03T21:44:59.465Z","v":0}
{"name":"Log","hostname":"a275c7126250","pid":1,"level":30,"version":"6.19.4","req":{"meta":{"requestId":"92783843-d3f0-4594-9baf-bbde147d0982","userId":null},"url":"/public/member-attribution.min.js?v=f6325171dd","method":"GET","originalUrl":"/public/member-attribution.min.js?v=f6325171dd","params":{},"headers":{"host":"localhost:2368","user-agent":"Mozilla/5.0 (Macintosh; Intel Mac OS X 10.15; rv:148.0) Gecko/20100101 Firefox/148.0","accept":"*/*","accept-language":"en-US,en;q=0.9","accept-encoding":"gzip, deflate, br, zstd","referer":"http://localhost:2368/ghost/","sec-gpc":"1","connection":"keep-alive","cookie":"**REDACTED**","sec-fetch-dest":"script","sec-fetch-mode":"no-cors","sec-fetch-site":"same-origin"},"query":{"v":"f6325171dd"}},"res":{"_headers":{"x-powered-by":"Express","content-type":"application/javascript","etag":"\"76d7f9c7c5c4b0f99bca6af29aaaa4df\"","cache-control":"public, max-age=31536000","vary":"Accept-Encoding","content-encoding":"br"},"statusCode":200,"responseTime":"0ms"},"msg":"","time":"2026-03-03T21:44:59.472Z","v":0}
{"name":"Log","hostname":"a275c7126250","pid":1,"level":30,"version":"6.19.4","req":{"meta":{"requestId":"9250dfe4-34ae-47e5-aea2-8035cf81ccea","userId":null},"url":"/assets/built/source.js?v=f6325171dd","method":"GET","originalUrl":"/assets/built/source.js?v=f6325171dd","params":{},"headers":{"host":"localhost:2368","user-agent":"Mozilla/5.0 (Macintosh; Intel Mac OS X 10.15; rv:148.0) Gecko/20100101 Firefox/148.0","accept":"*/*","accept-language":"en-US,en;q=0.9","accept-encoding":"gzip, deflate, br, zstd","sec-gpc":"1","connection":"keep-alive","referer":"http://localhost:2368/ghost/","cookie":"**REDACTED**","sec-fetch-dest":"script","sec-fetch-mode":"no-cors","sec-fetch-site":"same-origin","priority":"u=1"},"query":{"v":"f6325171dd"}},"res":{"_headers":{"x-powered-by":"Express","accept-ranges":"bytes","cache-control":"public, max-age=0","last-modified":"Sat, 26 Oct 1985 08:15:00 GMT","etag":"W/\"cde1-7438674ba0\"","content-type":"application/javascript; charset=UTF-8","vary":"Accept-Encoding","content-encoding":"br"},"statusCode":200,"responseTime":"4ms"},"msg":"","time":"2026-03-03T21:44:59.475Z","v":0}
{"name":"Log","hostname":"a275c7126250","pid":1,"level":30,"version":"6.19.4","req":{"meta":{"requestId":"d85dd5c1-de24-4654-a73e-a864eefbbf22","userId":null},"url":"/api/member/","method":"GET","originalUrl":"/members/api/member/","params":{},"headers":{"host":"localhost:2368","user-agent":"Mozilla/5.0 (Macintosh; Intel Mac OS X 10.15; rv:148.0) Gecko/20100101 Firefox/148.0","accept":"*/*","accept-language":"en-US,en;q=0.9","accept-encoding":"gzip, deflate, br, zstd","referer":"http://localhost:2368/ghost/","sec-gpc":"1","connection":"keep-alive","cookie":"**REDACTED**","sec-fetch-dest":"empty","sec-fetch-mode":"cors","sec-fetch-site":"same-origin","priority":"u=4"},"query":{}},"res":{"_headers":{"x-powered-by":"Express","cache-control":"no-cache, private, no-store, must-revalidate, max-stale=0, post-check=0, pre-check=0","access-control-allow-origin":"*"},"statusCode":204,"responseTime":"0ms"},"msg":"","time":"2026-03-03T21:44:59.526Z","v":0}
{"name":"Log","hostname":"a275c7126250","pid":1,"level":30,"version":"6.19.4","req":{"meta":{"requestId":"e18eefd2-86bc-4d45-8362-af9fa5ebb1a8","userId":null},"url":"/tiers/?limit=100&include=monthly_price%2Cyearly_price%2Cbenefits&key=9b6b47e860c80342be94a5ae88","method":"GET","originalUrl":"/ghost/api/content/tiers/?limit=100&include=monthly_price%2Cyearly_price%2Cbenefits&key=9b6b47e860c80342be94a5ae88","params":{},"headers":{"host":"localhost:2368","user-agent":"Mozilla/5.0 (Macintosh; Intel Mac OS X 10.15; rv:148.0) Gecko/20100101 Firefox/148.0","accept":"*/*","accept-language":"en-US,en;q=0.9","accept-encoding":"gzip, deflate, br, zstd","referer":"http://localhost:2368/ghost/","content-type":"application/json","sec-gpc":"1","connection":"keep-alive","cookie":"**REDACTED**","sec-fetch-dest":"empty","sec-fetch-mode":"cors","sec-fetch-site":"same-origin","priority":"u=4"},"query":{"limit":"100","include":"monthly_price,yearly_price,benefits","key":"**REDACTED**"}},"res":{"_headers":{"x-powered-by":"Express","content-version":"v6.19","vary":"Accept-Version, Accept-Encoding","cache-control":"public, max-age=0","access-control-allow-origin":"*","content-type":"application/json; charset=utf-8","content-length":"699","etag":"W/\"2bb-xU7jy7Oz6ZFrL9bBMaor3tIAoU4\""},"statusCode":200,"responseTime":"5ms"},"msg":"","time":"2026-03-03T21:44:59.539Z","v":0}
{"name":"Log","hostname":"a275c7126250","pid":1,"level":30,"version":"6.19.4","req":{"meta":{"requestId":"c401c7d4-810f-41ce-9bc6-533f5b1bb4d6","userId":null},"url":"/settings/?key=9b6b47e860c80342be94a5ae88","method":"GET","originalUrl":"/ghost/api/content/settings/?key=9b6b47e860c80342be94a5ae88","params":{},"headers":{"host":"localhost:2368","user-agent":"Mozilla/5.0 (Macintosh; Intel Mac OS X 10.15; rv:148.0) Gecko/20100101 Firefox/148.0","accept":"*/*","accept-language":"en-US,en;q=0.9","accept-encoding":"gzip, deflate, br, zstd","referer":"http://localhost:2368/ghost/","content-type":"application/json","sec-gpc":"1","connection":"keep-alive","cookie":"**REDACTED**","sec-fetch-dest":"empty","sec-fetch-mode":"cors","sec-fetch-site":"same-origin","priority":"u=4"},"query":{"key":"**REDACTED**"}},"res":{"_headers":{"x-powered-by":"Express","content-version":"v6.19","vary":"Accept-Version, Accept-Encoding","cache-control":"public, max-age=0","access-control-allow-origin":"*","content-type":"application/json; charset=utf-8","etag":"W/\"756-hUJMTAVLGUGk53lM0bIA8z5gCsY\"","content-encoding":"br"},"statusCode":200,"responseTime":"6ms"},"msg":"","time":"2026-03-03T21:44:59.541Z","v":0}
{"name":"Log","hostname":"a275c7126250","pid":1,"level":30,"version":"6.19.4","req":{"meta":{"requestId":"2049660f-b3e0-4789-9841-a75f98945276","userId":null},"url":"/newsletters/?limit=100&key=9b6b47e860c80342be94a5ae88","method":"GET","originalUrl":"/ghost/api/content/newsletters/?limit=100&key=9b6b47e860c80342be94a5ae88","params":{},"headers":{"host":"localhost:2368","user-agent":"Mozilla/5.0 (Macintosh; Intel Mac OS X 10.15; rv:148.0) Gecko/20100101 Firefox/148.0","accept":"*/*","accept-language":"en-US,en;q=0.9","accept-encoding":"gzip, deflate, br, zstd","referer":"http://localhost:2368/ghost/","content-type":"application/json","sec-gpc":"1","connection":"keep-alive","cookie":"**REDACTED**","sec-fetch-dest":"empty","sec-fetch-mode":"cors","sec-fetch-site":"same-origin","priority":"u=4"},"query":{"limit":"100","key":"**REDACTED**"}},"res":{"_headers":{"x-powered-by":"Express","content-version":"v6.19","vary":"Accept-Version, Accept-Encoding","cache-control":"public, max-age=0","access-control-allow-origin":"*","content-type":"application/json; charset=utf-8","content-length":"417","etag":"W/\"1a1-n3RLIl7fbJc7TXxm6szZLvPS5dc\""},"statusCode":200,"responseTime":"7ms"},"msg":"","time":"2026-03-03T21:44:59.545Z","v":0}
{"name":"Log","hostname":"a275c7126250","pid":1,"level":30,"version":"6.19.4","req":{"meta":{"requestId":"7a410e84-1d77-4ad2-b97d-92098d9a4e60","userId":null},"url":"/","method":"POST","originalUrl":"/","params":{},"headers":{"host":"localhost:2368","user-agent":"Mozilla/5.0 (Macintosh; Intel Mac OS X 10.15; rv:148.0) Gecko/20100101 Firefox/148.0","accept":"text/plain","accept-language":"en-US,en;q=0.9","accept-encoding":"gzip, deflate, br, zstd","referer":"http://localhost:2368/ghost/","content-type":"text/html;charset=utf-8","x-ghost-preview":"c=%230A4E99&d=Thoughts%2C+stories+and+ideas.&icon=&logo=&cover=null&bf=&hf=&custom=%7B%22navigation_layout%22%3A%22Logo+in+the+middle%22%2C%22site_background_color%22%3A%22%23ffffff%22%2C%22header_and_footer_color%22%3A%22Accent+color%22%2C%22title_font%22%3A%22Modern+sans-serif%22%2C%22body_font%22%3A%22Modern+sans-serif%22%2C%22signup_heading%22%3A%22%22%2C%22signup_subheading%22%3Anull%2C%22header_style%22%3A%22Landing%22%2C%22header_text%22%3Anull%2C%22background_image%22%3Atrue%2C%22show_featured_posts%22%3Anull%2C%22post_feed_style%22%3A%22List%22%2C%22show_images_in_feed%22%3Atrue%2C%22show_author%22%3Atrue%2C%22show_publish_date%22%3Atrue%2C%22show_publication_info_sidebar%22%3Afalse%2C%22show_post_metadata%22%3Atrue%2C%22enable_drop_caps_on_posts%22%3Afalse%2C%22show_related_articles%22%3Atrue%7D","origin":"http://localhost:2368","sec-gpc":"1","connection":"keep-alive","cookie":"**REDACTED**","sec-fetch-dest":"empty","sec-fetch-mode":"cors","sec-fetch-site":"same-origin","priority":"u=0","content-length":"0"},"query":{}},"res":{"_headers":{"x-powered-by":"Express","access-control-allow-origin":"http://localhost:2368","vary":"Origin, Accept-Encoding","access-control-allow-credentials":"true","cache-control":"public, max-age=0","content-type":"text/html; charset=utf-8","etag":"W/\"43b1-NlWz8B8nJgGIZkuO23k4TLEYgQs\"","content-encoding":"br"},"statusCode":200,"responseTime":"81ms"},"msg":"","time":"2026-03-03T21:45:06.389Z","v":0}
{"name":"Log","hostname":"a275c7126250","pid":1,"level":30,"version":"6.19.4","req":{"meta":{"requestId":"9b96b71b-d527-4d86-96a3-14903305d9e1","userId":null},"url":"/public/member-attribution.min.js?v=f6325171dd","method":"GET","originalUrl":"/public/member-attribution.min.js?v=f6325171dd","params":{},"headers":{"host":"localhost:2368","user-agent":"Mozilla/5.0 (Macintosh; Intel Mac OS X 10.15; rv:148.0) Gecko/20100101 Firefox/148.0","accept":"*/*","accept-language":"en-US,en;q=0.9","accept-encoding":"gzip, deflate, br, zstd","referer":"http://localhost:2368/ghost/","sec-gpc":"1","connection":"keep-alive","cookie":"**REDACTED**","sec-fetch-dest":"script","sec-fetch-mode":"no-cors","sec-fetch-site":"same-origin"},"query":{"v":"f6325171dd"}},"res":{"_headers":{"x-powered-by":"Express","content-type":"application/javascript","etag":"\"76d7f9c7c5c4b0f99bca6af29aaaa4df\"","cache-control":"public, max-age=31536000","vary":"Accept-Encoding","content-encoding":"br"},"statusCode":200,"responseTime":"3ms"},"msg":"","time":"2026-03-03T21:45:06.403Z","v":0}
{"name":"Log","hostname":"a275c7126250","pid":1,"level":30,"version":"6.19.4","req":{"meta":{"requestId":"93147cc0-f9fb-4e45-8564-8e7a802450e6","userId":null},"url":"/assets/built/source.js?v=f6325171dd","method":"GET","originalUrl":"/assets/built/source.js?v=f6325171dd","params":{},"headers":{"host":"localhost:2368","user-agent":"Mozilla/5.0 (Macintosh; Intel Mac OS X 10.15; rv:148.0) Gecko/20100101 Firefox/148.0","accept":"*/*","accept-language":"en-US,en;q=0.9","accept-encoding":"gzip, deflate, br, zstd","sec-gpc":"1","connection":"keep-alive","referer":"http://localhost:2368/ghost/","cookie":"**REDACTED**","sec-fetch-dest":"script","sec-fetch-mode":"no-cors","sec-fetch-site":"same-origin","priority":"u=1"},"query":{"v":"f6325171dd"}},"res":{"_headers":{"x-powered-by":"Express","accept-ranges":"bytes","cache-control":"public, max-age=0","last-modified":"Sat, 26 Oct 1985 08:15:00 GMT","etag":"W/\"cde1-7438674ba0\"","content-type":"application/javascript; charset=UTF-8","vary":"Accept-Encoding","content-encoding":"br"},"statusCode":200,"responseTime":"11ms"},"msg":"","time":"2026-03-03T21:45:06.409Z","v":0}
{"name":"Log","hostname":"a275c7126250","pid":1,"level":30,"version":"6.19.4","req":{"meta":{"requestId":"f3429e42-713d-4588-8e8e-af63ec9108da","userId":null},"url":"/api/member/","method":"GET","originalUrl":"/members/api/member/","params":{},"headers":{"host":"localhost:2368","user-agent":"Mozilla/5.0 (Macintosh; Intel Mac OS X 10.15; rv:148.0) Gecko/20100101 Firefox/148.0","accept":"*/*","accept-language":"en-US,en;q=0.9","accept-encoding":"gzip, deflate, br, zstd","referer":"http://localhost:2368/ghost/","sec-gpc":"1","connection":"keep-alive","cookie":"**REDACTED**","sec-fetch-dest":"empty","sec-fetch-mode":"cors","sec-fetch-site":"same-origin","priority":"u=4"},"query":{}},"res":{"_headers":{"x-powered-by":"Express","cache-control":"no-cache, private, no-store, must-revalidate, max-stale=0, post-check=0, pre-check=0","access-control-allow-origin":"*"},"statusCode":204,"responseTime":"1ms"},"msg":"","time":"2026-03-03T21:45:06.473Z","v":0}
{"name":"Log","hostname":"a275c7126250","pid":1,"level":30,"version":"6.19.4","req":{"meta":{"requestId":"062898e3-741f-4aeb-be8a-0402f3b47f30","userId":null},"url":"/tiers/?limit=100&include=monthly_price%2Cyearly_price%2Cbenefits&key=9b6b47e860c80342be94a5ae88","method":"GET","originalUrl":"/ghost/api/content/tiers/?limit=100&include=monthly_price%2Cyearly_price%2Cbenefits&key=9b6b47e860c80342be94a5ae88","params":{},"headers":{"host":"localhost:2368","user-agent":"Mozilla/5.0 (Macintosh; Intel Mac OS X 10.15; rv:148.0) Gecko/20100101 Firefox/148.0","accept":"*/*","accept-language":"en-US,en;q=0.9","accept-encoding":"gzip, deflate, br, zstd","referer":"http://localhost:2368/ghost/","content-type":"application/json","sec-gpc":"1","connection":"keep-alive","cookie":"**REDACTED**","sec-fetch-dest":"empty","sec-fetch-mode":"cors","sec-fetch-site":"same-origin","priority":"u=4"},"query":{"limit":"100","include":"monthly_price,yearly_price,benefits","key":"**REDACTED**"}},"res":{"_headers":{"x-powered-by":"Express","content-version":"v6.19","vary":"Accept-Version, Accept-Encoding","cache-control":"public, max-age=0","access-control-allow-origin":"*","content-type":"application/json; charset=utf-8","content-length":"699","etag":"W/\"2bb-xU7jy7Oz6ZFrL9bBMaor3tIAoU4\""},"statusCode":200,"responseTime":"4ms"},"msg":"","time":"2026-03-03T21:45:06.484Z","v":0}
{"name":"Log","hostname":"a275c7126250","pid":1,"level":30,"version":"6.19.4","req":{"meta":{"requestId":"a8c42393-9157-4d3d-9ad4-055c549be312","userId":null},"url":"/settings/?key=9b6b47e860c80342be94a5ae88","method":"GET","originalUrl":"/ghost/api/content/settings/?key=9b6b47e860c80342be94a5ae88","params":{},"headers":{"host":"localhost:2368","user-agent":"Mozilla/5.0 (Macintosh; Intel Mac OS X 10.15; rv:148.0) Gecko/20100101 Firefox/148.0","accept":"*/*","accept-language":"en-US,en;q=0.9","accept-encoding":"gzip, deflate, br, zstd","referer":"http://localhost:2368/ghost/","content-type":"application/json","sec-gpc":"1","connection":"keep-alive","cookie":"**REDACTED**","sec-fetch-dest":"empty","sec-fetch-mode":"cors","sec-fetch-site":"same-origin","priority":"u=4"},"query":{"key":"**REDACTED**"}},"res":{"_headers":{"x-powered-by":"Express","content-version":"v6.19","vary":"Accept-Version, Accept-Encoding","cache-control":"public, max-age=0","access-control-allow-origin":"*","content-type":"application/json; charset=utf-8","etag":"W/\"756-hUJMTAVLGUGk53lM0bIA8z5gCsY\"","content-encoding":"br"},"statusCode":200,"responseTime":"6ms"},"msg":"","time":"2026-03-03T21:45:06.485Z","v":0}
{"name":"Log","hostname":"a275c7126250","pid":1,"level":30,"version":"6.19.4","req":{"meta":{"requestId":"4cc56ca2-8470-4355-98ee-aa16d1c65cb6","userId":null},"url":"/newsletters/?limit=100&key=9b6b47e860c80342be94a5ae88","method":"GET","originalUrl":"/ghost/api/content/newsletters/?limit=100&key=9b6b47e860c80342be94a5ae88","params":{},"headers":{"host":"localhost:2368","user-agent":"Mozilla/5.0 (Macintosh; Intel Mac OS X 10.15; rv:148.0) Gecko/20100101 Firefox/148.0","accept":"*/*","accept-language":"en-US,en;q=0.9","accept-encoding":"gzip, deflate, br, zstd","referer":"http://localhost:2368/ghost/","content-type":"application/json","sec-gpc":"1","connection":"keep-alive","cookie":"**REDACTED**","sec-fetch-dest":"empty","sec-fetch-mode":"cors","sec-fetch-site":"same-origin","priority":"u=4"},"query":{"limit":"100","key":"**REDACTED**"}},"res":{"_headers":{"x-powered-by":"Express","content-version":"v6.19","vary":"Accept-Version, Accept-Encoding","cache-control":"public, max-age=0","access-control-allow-origin":"*","content-type":"application/json; charset=utf-8","content-length":"417","etag":"W/\"1a1-n3RLIl7fbJc7TXxm6szZLvPS5dc\""},"statusCode":200,"responseTime":"6ms"},"msg":"","time":"2026-03-03T21:45:06.488Z","v":0}
{"name":"Log","hostname":"a275c7126250","pid":1,"level":30,"version":"6.19.4","req":{"meta":{"requestId":"905209dd-2614-4677-a64c-79c341047f11","userId":null},"url":"/","method":"POST","originalUrl":"/","params":{},"headers":{"host":"localhost:2368","user-agent":"Mozilla/5.0 (Macintosh; Intel Mac OS X 10.15; rv:148.0) Gecko/20100101 Firefox/148.0","accept":"text/plain","accept-language":"en-US,en;q=0.9","accept-encoding":"gzip, deflate, br, zstd","referer":"http://localhost:2368/ghost/","content-type":"text/html;charset=utf-8","x-ghost-preview":"c=%230A4E99&d=Thoughts%2C+stories+and+ideas.&icon=&logo=&cover=null&bf=&hf=&custom=%7B%22navigation_layout%22%3A%22Logo+in+the+middle%22%2C%22site_background_color%22%3A%22%23ffffff%22%2C%22header_and_footer_color%22%3A%22Accent+color%22%2C%22title_font%22%3A%22Modern+sans-serif%22%2C%22body_font%22%3A%22Modern+sans-serif%22%2C%22signup_heading%22%3A%22%22%2C%22signup_subheading%22%3A%22%22%2C%22header_style%22%3A%22Landing%22%2C%22header_text%22%3Anull%2C%22background_image%22%3Atrue%2C%22show_featured_posts%22%3Anull%2C%22post_feed_style%22%3A%22List%22%2C%22show_images_in_feed%22%3Atrue%2C%22show_author%22%3Atrue%2C%22show_publish_date%22%3Atrue%2C%22show_publication_info_sidebar%22%3Afalse%2C%22show_post_metadata%22%3Atrue%2C%22enable_drop_caps_on_posts%22%3Afalse%2C%22show_related_articles%22%3Atrue%7D","origin":"http://localhost:2368","sec-gpc":"1","connection":"keep-alive","cookie":"**REDACTED**","sec-fetch-dest":"empty","sec-fetch-mode":"cors","sec-fetch-site":"same-origin","priority":"u=0","content-length":"0"},"query":{}},"res":{"_headers":{"x-powered-by":"Express","access-control-allow-origin":"http://localhost:2368","vary":"Origin, Accept-Encoding","access-control-allow-credentials":"true","cache-control":"public, max-age=0","content-type":"text/html; charset=utf-8","etag":"W/\"43b1-NlWz8B8nJgGIZkuO23k4TLEYgQs\"","content-encoding":"br"},"statusCode":200,"responseTime":"57ms"},"msg":"","time":"2026-03-03T21:45:19.688Z","v":0}
{"name":"Log","hostname":"a275c7126250","pid":1,"level":30,"version":"6.19.4","req":{"meta":{"requestId":"7342dcd8-8d29-489b-b8c0-c26c3bf12ee4","userId":null},"url":"/public/member-attribution.min.js?v=f6325171dd","method":"GET","originalUrl":"/public/member-attribution.min.js?v=f6325171dd","params":{},"headers":{"host":"localhost:2368","user-agent":"Mozilla/5.0 (Macintosh; Intel Mac OS X 10.15; rv:148.0) Gecko/20100101 Firefox/148.0","accept":"*/*","accept-language":"en-US,en;q=0.9","accept-encoding":"gzip, deflate, br, zstd","referer":"http://localhost:2368/ghost/","sec-gpc":"1","connection":"keep-alive","cookie":"**REDACTED**","sec-fetch-dest":"script","sec-fetch-mode":"no-cors","sec-fetch-site":"same-origin"},"query":{"v":"f6325171dd"}},"res":{"_headers":{"x-powered-by":"Express","content-type":"application/javascript","etag":"\"76d7f9c7c5c4b0f99bca6af29aaaa4df\"","cache-control":"public, max-age=31536000","vary":"Accept-Encoding","content-encoding":"br"},"statusCode":200,"responseTime":"2ms"},"msg":"","time":"2026-03-03T21:45:19.702Z","v":0}
{"name":"Log","hostname":"a275c7126250","pid":1,"level":30,"version":"6.19.4","req":{"meta":{"requestId":"22154102-0bfc-4255-8545-aed37cabcdd5","userId":null},"url":"/assets/built/source.js?v=f6325171dd","method":"GET","originalUrl":"/assets/built/source.js?v=f6325171dd","params":{},"headers":{"host":"localhost:2368","user-agent":"Mozilla/5.0 (Macintosh; Intel Mac OS X 10.15; rv:148.0) Gecko/20100101 Firefox/148.0","accept":"*/*","accept-language":"en-US,en;q=0.9","accept-encoding":"gzip, deflate, br, zstd","sec-gpc":"1","connection":"keep-alive","referer":"http://localhost:2368/ghost/","cookie":"**REDACTED**","sec-fetch-dest":"script","sec-fetch-mode":"no-cors","sec-fetch-site":"same-origin","priority":"u=1"},"query":{"v":"f6325171dd"}},"res":{"_headers":{"x-powered-by":"Express","accept-ranges":"bytes","cache-control":"public, max-age=0","last-modified":"Sat, 26 Oct 1985 08:15:00 GMT","etag":"W/\"cde1-7438674ba0\"","content-type":"application/javascript; charset=UTF-8","vary":"Accept-Encoding","content-encoding":"br"},"statusCode":200,"responseTime":"5ms"},"msg":"","time":"2026-03-03T21:45:19.703Z","v":0}
{"name":"Log","hostname":"a275c7126250","pid":1,"level":30,"version":"6.19.4","req":{"meta":{"requestId":"a05072b2-28f5-4ba8-89d7-26c9477e7eb2","userId":null},"url":"/api/member/","method":"GET","originalUrl":"/members/api/member/","params":{},"headers":{"host":"localhost:2368","user-agent":"Mozilla/5.0 (Macintosh; Intel Mac OS X 10.15; rv:148.0) Gecko/20100101 Firefox/148.0","accept":"*/*","accept-language":"en-US,en;q=0.9","accept-encoding":"gzip, deflate, br, zstd","referer":"http://localhost:2368/ghost/","sec-gpc":"1","connection":"keep-alive","cookie":"**REDACTED**","sec-fetch-dest":"empty","sec-fetch-mode":"cors","sec-fetch-site":"same-origin","priority":"u=4"},"query":{}},"res":{"_headers":{"x-powered-by":"Express","cache-control":"no-cache, private, no-store, must-revalidate, max-stale=0, post-check=0, pre-check=0","access-control-allow-origin":"*"},"statusCode":204,"responseTime":"1ms"},"msg":"","time":"2026-03-03T21:45:19.756Z","v":0}
{"name":"Log","hostname":"a275c7126250","pid":1,"level":30,"version":"6.19.4","req":{"meta":{"requestId":"42ff87b0-bba2-4d72-a3a8-0c3aadfbd4e2","userId":null},"url":"/tiers/?limit=100&include=monthly_price%2Cyearly_price%2Cbenefits&key=9b6b47e860c80342be94a5ae88","method":"GET","originalUrl":"/ghost/api/content/tiers/?limit=100&include=monthly_price%2Cyearly_price%2Cbenefits&key=9b6b47e860c80342be94a5ae88","params":{},"headers":{"host":"localhost:2368","user-agent":"Mozilla/5.0 (Macintosh; Intel Mac OS X 10.15; rv:148.0) Gecko/20100101 Firefox/148.0","accept":"*/*","accept-language":"en-US,en;q=0.9","accept-encoding":"gzip, deflate, br, zstd","referer":"http://localhost:2368/ghost/","content-type":"application/json","sec-gpc":"1","connection":"keep-alive","cookie":"**REDACTED**","sec-fetch-dest":"empty","sec-fetch-mode":"cors","sec-fetch-site":"same-origin","priority":"u=4"},"query":{"limit":"100","include":"monthly_price,yearly_price,benefits","key":"**REDACTED**"}},"res":{"_headers":{"x-powered-by":"Express","content-version":"v6.19","vary":"Accept-Version, Accept-Encoding","cache-control":"public, max-age=0","access-control-allow-origin":"*","content-type":"application/json; charset=utf-8","content-length":"699","etag":"W/\"2bb-xU7jy7Oz6ZFrL9bBMaor3tIAoU4\""},"statusCode":200,"responseTime":"6ms"},"msg":"","time":"2026-03-03T21:45:19.771Z","v":0}
{"name":"Log","hostname":"a275c7126250","pid":1,"level":30,"version":"6.19.4","req":{"meta":{"requestId":"5ef9416f-cf91-46d0-857e-537ec924de89","userId":null},"url":"/settings/?key=9b6b47e860c80342be94a5ae88","method":"GET","originalUrl":"/ghost/api/content/settings/?key=9b6b47e860c80342be94a5ae88","params":{},"headers":{"host":"localhost:2368","user-agent":"Mozilla/5.0 (Macintosh; Intel Mac OS X 10.15; rv:148.0) Gecko/20100101 Firefox/148.0","accept":"*/*","accept-language":"en-US,en;q=0.9","accept-encoding":"gzip, deflate, br, zstd","referer":"http://localhost:2368/ghost/","content-type":"application/json","sec-gpc":"1","connection":"keep-alive","cookie":"**REDACTED**","sec-fetch-dest":"empty","sec-fetch-mode":"cors","sec-fetch-site":"same-origin","priority":"u=4"},"query":{"key":"**REDACTED**"}},"res":{"_headers":{"x-powered-by":"Express","content-version":"v6.19","vary":"Accept-Version, Accept-Encoding","cache-control":"public, max-age=0","access-control-allow-origin":"*","content-type":"application/json; charset=utf-8","etag":"W/\"756-hUJMTAVLGUGk53lM0bIA8z5gCsY\"","content-encoding":"br"},"statusCode":200,"responseTime":"11ms"},"msg":"","time":"2026-03-03T21:45:19.774Z","v":0}
{"name":"Log","hostname":"a275c7126250","pid":1,"level":30,"version":"6.19.4","req":{"meta":{"requestId":"2ac7b704-5196-47da-b363-45bcebd80486","userId":null},"url":"/newsletters/?limit=100&key=9b6b47e860c80342be94a5ae88","method":"GET","originalUrl":"/ghost/api/content/newsletters/?limit=100&key=9b6b47e860c80342be94a5ae88","params":{},"headers":{"host":"localhost:2368","user-agent":"Mozilla/5.0 (Macintosh; Intel Mac OS X 10.15; rv:148.0) Gecko/20100101 Firefox/148.0","accept":"*/*","accept-language":"en-US,en;q=0.9","accept-encoding":"gzip, deflate, br, zstd","referer":"http://localhost:2368/ghost/","content-type":"application/json","sec-gpc":"1","connection":"keep-alive","cookie":"**REDACTED**","sec-fetch-dest":"empty","sec-fetch-mode":"cors","sec-fetch-site":"same-origin","priority":"u=4"},"query":{"limit":"100","key":"**REDACTED**"}},"res":{"_headers":{"x-powered-by":"Express","content-version":"v6.19","vary":"Accept-Version, Accept-Encoding","cache-control":"public, max-age=0","access-control-allow-origin":"*","content-type":"application/json; charset=utf-8","content-length":"417","etag":"W/\"1a1-n3RLIl7fbJc7TXxm6szZLvPS5dc\""},"statusCode":200,"responseTime":"10ms"},"msg":"","time":"2026-03-03T21:45:19.776Z","v":0}
{"name":"Log","hostname":"a275c7126250","pid":1,"level":30,"version":"6.19.4","req":{"meta":{"requestId":"2740052f-f8c9-464d-9418-e7a8617222ff","userId":null},"url":"/","method":"POST","originalUrl":"/","params":{},"headers":{"host":"localhost:2368","user-agent":"Mozilla/5.0 (Macintosh; Intel Mac OS X 10.15; rv:148.0) Gecko/20100101 Firefox/148.0","accept":"text/plain","accept-language":"en-US,en;q=0.9","accept-encoding":"gzip, deflate, br, zstd","referer":"http://localhost:2368/ghost/","content-type":"text/html;charset=utf-8","x-ghost-preview":"c=%230A4E99&d=Thoughts%2C+stories+and+ideas.&icon=&logo=&cover=null&bf=&hf=&custom=%7B%22navigation_layout%22%3A%22Logo+in+the+middle%22%2C%22site_background_color%22%3A%22%23ffffff%22%2C%22header_and_footer_color%22%3A%22Accent+color%22%2C%22title_font%22%3A%22Modern+sans-serif%22%2C%22body_font%22%3A%22Modern+sans-serif%22%2C%22signup_heading%22%3A%22%22%2C%22signup_subheading%22%3A%22%22%2C%22header_style%22%3A%22Landing%22%2C%22header_text%22%3A%22%22%2C%22background_image%22%3Atrue%2C%22show_featured_posts%22%3Anull%2C%22post_feed_style%22%3A%22List%22%2C%22show_images_in_feed%22%3Atrue%2C%22show_author%22%3Atrue%2C%22show_publish_date%22%3Atrue%2C%22show_publication_info_sidebar%22%3Afalse%2C%22show_post_metadata%22%3Atrue%2C%22enable_drop_caps_on_posts%22%3Afalse%2C%22show_related_articles%22%3Atrue%7D","origin":"http://localhost:2368","sec-gpc":"1","connection":"keep-alive","cookie":"**REDACTED**","sec-fetch-dest":"empty","sec-fetch-mode":"cors","sec-fetch-site":"same-origin","priority":"u=0","content-length":"0"},"query":{}},"res":{"_headers":{"x-powered-by":"Express","access-control-allow-origin":"http://localhost:2368","vary":"Origin, Accept-Encoding","access-control-allow-credentials":"true","cache-control":"public, max-age=0","content-type":"text/html; charset=utf-8","etag":"W/\"43b1-NlWz8B8nJgGIZkuO23k4TLEYgQs\"","content-encoding":"br"},"statusCode":200,"responseTime":"62ms"},"msg":"","time":"2026-03-03T21:45:28.247Z","v":0}
{"name":"Log","hostname":"a275c7126250","pid":1,"level":30,"version":"6.19.4","req":{"meta":{"requestId":"e0c2dae6-b84b-4fac-853e-c54c310f2aab","userId":null},"url":"/assets/built/source.js?v=f6325171dd","method":"GET","originalUrl":"/assets/built/source.js?v=f6325171dd","params":{},"headers":{"host":"localhost:2368","user-agent":"Mozilla/5.0 (Macintosh; Intel Mac OS X 10.15; rv:148.0) Gecko/20100101 Firefox/148.0","accept":"*/*","accept-language":"en-US,en;q=0.9","accept-encoding":"gzip, deflate, br, zstd","sec-gpc":"1","connection":"keep-alive","referer":"http://localhost:2368/ghost/","cookie":"**REDACTED**","sec-fetch-dest":"script","sec-fetch-mode":"no-cors","sec-fetch-site":"same-origin","priority":"u=1"},"query":{"v":"f6325171dd"}},"res":{"_headers":{"x-powered-by":"Express","accept-ranges":"bytes","cache-control":"public, max-age=0","last-modified":"Sat, 26 Oct 1985 08:15:00 GMT","etag":"W/\"cde1-7438674ba0\"","content-type":"application/javascript; charset=UTF-8","vary":"Accept-Encoding","content-encoding":"br"},"statusCode":200,"responseTime":"3ms"},"msg":"","time":"2026-03-03T21:45:28.256Z","v":0}
{"name":"Log","hostname":"a275c7126250","pid":1,"level":30,"version":"6.19.4","req":{"meta":{"requestId":"329646de-4918-4c7a-81bc-a58d7f85d16a","userId":null},"url":"/public/member-attribution.min.js?v=f6325171dd","method":"GET","originalUrl":"/public/member-attribution.min.js?v=f6325171dd","params":{},"headers":{"host":"localhost:2368","user-agent":"Mozilla/5.0 (Macintosh; Intel Mac OS X 10.15; rv:148.0) Gecko/20100101 Firefox/148.0","accept":"*/*","accept-language":"en-US,en;q=0.9","accept-encoding":"gzip, deflate, br, zstd","referer":"http://localhost:2368/ghost/","sec-gpc":"1","connection":"keep-alive","cookie":"**REDACTED**","sec-fetch-dest":"script","sec-fetch-mode":"no-cors","sec-fetch-site":"same-origin"},"query":{"v":"f6325171dd"}},"res":{"_headers":{"x-powered-by":"Express","content-type":"application/javascript","etag":"\"76d7f9c7c5c4b0f99bca6af29aaaa4df\"","cache-control":"public, max-age=31536000","vary":"Accept-Encoding","content-encoding":"br"},"statusCode":200,"responseTime":"1ms"},"msg":"","time":"2026-03-03T21:45:28.256Z","v":0}
{"name":"Log","hostname":"a275c7126250","pid":1,"level":30,"version":"6.19.4","req":{"meta":{"requestId":"0b2f7de0-0514-4e16-a28a-c1940ec3c912","userId":null},"url":"/api/member/","method":"GET","originalUrl":"/members/api/member/","params":{},"headers":{"host":"localhost:2368","user-agent":"Mozilla/5.0 (Macintosh; Intel Mac OS X 10.15; rv:148.0) Gecko/20100101 Firefox/148.0","accept":"*/*","accept-language":"en-US,en;q=0.9","accept-encoding":"gzip, deflate, br, zstd","referer":"http://localhost:2368/ghost/","sec-gpc":"1","connection":"keep-alive","cookie":"**REDACTED**","sec-fetch-dest":"empty","sec-fetch-mode":"cors","sec-fetch-site":"same-origin","priority":"u=4"},"query":{}},"res":{"_headers":{"x-powered-by":"Express","cache-control":"no-cache, private, no-store, must-revalidate, max-stale=0, post-check=0, pre-check=0","access-control-allow-origin":"*"},"statusCode":204,"responseTime":"0ms"},"msg":"","time":"2026-03-03T21:45:28.329Z","v":0}
{"name":"Log","hostname":"a275c7126250","pid":1,"level":30,"version":"6.19.4","req":{"meta":{"requestId":"8117ca01-9a6e-4e80-b1af-071b1fa299f4","userId":null},"url":"/tiers/?limit=100&include=monthly_price%2Cyearly_price%2Cbenefits&key=9b6b47e860c80342be94a5ae88","method":"GET","originalUrl":"/ghost/api/content/tiers/?limit=100&include=monthly_price%2Cyearly_price%2Cbenefits&key=9b6b47e860c80342be94a5ae88","params":{},"headers":{"host":"localhost:2368","user-agent":"Mozilla/5.0 (Macintosh; Intel Mac OS X 10.15; rv:148.0) Gecko/20100101 Firefox/148.0","accept":"*/*","accept-language":"en-US,en;q=0.9","accept-encoding":"gzip, deflate, br, zstd","referer":"http://localhost:2368/ghost/","content-type":"application/json","sec-gpc":"1","connection":"keep-alive","cookie":"**REDACTED**","sec-fetch-dest":"empty","sec-fetch-mode":"cors","sec-fetch-site":"same-origin","priority":"u=4"},"query":{"limit":"100","include":"monthly_price,yearly_price,benefits","key":"**REDACTED**"}},"res":{"_headers":{"x-powered-by":"Express","content-version":"v6.19","vary":"Accept-Version, Accept-Encoding","cache-control":"public, max-age=0","access-control-allow-origin":"*","content-type":"application/json; charset=utf-8","content-length":"699","etag":"W/\"2bb-xU7jy7Oz6ZFrL9bBMaor3tIAoU4\""},"statusCode":200,"responseTime":"4ms"},"msg":"","time":"2026-03-03T21:45:28.343Z","v":0}
{"name":"Log","hostname":"a275c7126250","pid":1,"level":30,"version":"6.19.4","req":{"meta":{"requestId":"e9a34b57-adb7-47c2-af4f-ef6128b003e0","userId":null},"url":"/settings/?key=9b6b47e860c80342be94a5ae88","method":"GET","originalUrl":"/ghost/api/content/settings/?key=9b6b47e860c80342be94a5ae88","params":{},"headers":{"host":"localhost:2368","user-agent":"Mozilla/5.0 (Macintosh; Intel Mac OS X 10.15; rv:148.0) Gecko/20100101 Firefox/148.0","accept":"*/*","accept-language":"en-US,en;q=0.9","accept-encoding":"gzip, deflate, br, zstd","referer":"http://localhost:2368/ghost/","content-type":"application/json","sec-gpc":"1","connection":"keep-alive","cookie":"**REDACTED**","sec-fetch-dest":"empty","sec-fetch-mode":"cors","sec-fetch-site":"same-origin","priority":"u=4"},"query":{"key":"**REDACTED**"}},"res":{"_headers":{"x-powered-by":"Express","content-version":"v6.19","vary":"Accept-Version, Accept-Encoding","cache-control":"public, max-age=0","access-control-allow-origin":"*","content-type":"application/json; charset=utf-8","etag":"W/\"756-hUJMTAVLGUGk53lM0bIA8z5gCsY\"","content-encoding":"br"},"statusCode":200,"responseTime":"7ms"},"msg":"","time":"2026-03-03T21:45:28.345Z","v":0}
{"name":"Log","hostname":"a275c7126250","pid":1,"level":30,"version":"6.19.4","req":{"meta":{"requestId":"3cb15a41-8c9d-4ac4-83f2-c38bf913f040","userId":null},"url":"/newsletters/?limit=100&key=9b6b47e860c80342be94a5ae88","method":"GET","originalUrl":"/ghost/api/content/newsletters/?limit=100&key=9b6b47e860c80342be94a5ae88","params":{},"headers":{"host":"localhost:2368","user-agent":"Mozilla/5.0 (Macintosh; Intel Mac OS X 10.15; rv:148.0) Gecko/20100101 Firefox/148.0","accept":"*/*","accept-language":"en-US,en;q=0.9","accept-encoding":"gzip, deflate, br, zstd","referer":"http://localhost:2368/ghost/","content-type":"application/json","sec-gpc":"1","connection":"keep-alive","cookie":"**REDACTED**","sec-fetch-dest":"empty","sec-fetch-mode":"cors","sec-fetch-site":"same-origin","priority":"u=4"},"query":{"limit":"100","key":"**REDACTED**"}},"res":{"_headers":{"x-powered-by":"Express","content-version":"v6.19","vary":"Accept-Version, Accept-Encoding","cache-control":"public, max-age=0","access-control-allow-origin":"*","content-type":"application/json; charset=utf-8","content-length":"417","etag":"W/\"1a1-n3RLIl7fbJc7TXxm6szZLvPS5dc\""},"statusCode":200,"responseTime":"8ms"},"msg":"","time":"2026-03-03T21:45:28.349Z","v":0}
{"name":"Log","hostname":"a275c7126250","pid":1,"level":30,"version":"6.19.4","worker":{"resourceLimits":{"maxYoungGenerationSizeMb":48,"maxOldGenerationSizeMb":2048,"codeRangeSizeMb":0,"stackSizeMb":4},"threadId":10},"msg":"Worker for job \"process-outbox\" online","time":"2026-03-03T21:45:35.946Z","v":0}
{"name":"Log","hostname":"a275c7126250","pid":1,"level":30,"version":"6.19.4","msg":"Worker for job process-outbox sent a message: done","time":"2026-03-03T21:45:35.950Z","v":0}
{"name":"Log","hostname":"a275c7126250","pid":1,"level":30,"version":"6.19.4","msg":"[OUTBOX] No pending outbox entries to process","time":"2026-03-03T21:45:35.957Z","v":0}
{"name":"Log","hostname":"a275c7126250","pid":1,"level":30,"version":"6.19.4","req":{"meta":{"requestId":"41a6d9e3-bd5b-49de-98dc-f8728743ee7b","userId":null},"url":"/","method":"GET","originalUrl":"/ghost/","params":{"0":"/"},"headers":{"host":"localhost:2368","connection":"keep-alive","cache-control":"max-age=0","upgrade-insecure-requests":"1","user-agent":"Mozilla/5.0 (Macintosh; Intel Mac OS X 10_15_7) AppleWebKit/537.36 (KHTML, like Gecko) Code/1.109.5 Chrome/142.0.7444.265 Electron/39.3.0 Safari/537.36","accept":"text/html,application/xhtml+xml,application/xml;q=0.9,image/avif,image/webp,image/apng,*/*;q=0.8,application/signed-exchange;v=b3;q=0.7","sec-fetch-site":"same-origin","sec-fetch-mode":"navigate","sec-fetch-user":"?1","sec-fetch-dest":"document","accept-encoding":"gzip, deflate, br, zstd","accept-language":"en-US"},"query":{}},"res":{"_headers":{"x-powered-by":"Express","cache-control":"no-cache, private, no-store, must-revalidate, max-stale=0, post-check=0, pre-check=0","etag":"8e9d9fadc35918224689d66236587833","x-frame-options":"sameorigin","accept-ranges":"bytes","content-type":"text/html; charset=UTF-8","vary":"Accept-Encoding","content-encoding":"br"},"statusCode":200,"responseTime":"11ms"},"msg":"","time":"2026-03-03T21:46:32.567Z","v":0}
{"name":"Log","hostname":"a275c7126250","pid":1,"level":30,"version":"6.19.4","req":{"meta":{"requestId":"b5d2a3b3-6f27-4305-a5b6-ea22abf23134","userId":null},"url":"/vendor-0ede59da8efb5e28fa929557f7ff7154.css","method":"GET","originalUrl":"/ghost/assets/vendor-0ede59da8efb5e28fa929557f7ff7154.css","params":{},"headers":{"host":"localhost:2368","connection":"keep-alive","sec-ch-ua-platform":"\"macOS\"","if-none-match":"W/\"8b45-7438674ba0\"","user-agent":"Mozilla/5.0 (Macintosh; Intel Mac OS X 10_15_7) AppleWebKit/537.36 (KHTML, like Gecko) Code/1.109.5 Chrome/142.0.7444.265 Electron/39.3.0 Safari/537.36","sec-ch-ua":"\"Not_A Brand\";v=\"99\", \"Chromium\";v=\"142\"","if-modified-since":"Sat, 26 Oct 1985 08:15:00 GMT","sec-ch-ua-mobile":"?0","accept":"text/css,*/*;q=0.1","sec-fetch-site":"same-origin","sec-fetch-mode":"no-cors","sec-fetch-dest":"style","referer":"http://localhost:2368/ghost/","accept-encoding":"gzip, deflate, br, zstd","accept-language":"en-US"},"query":{}},"res":{"_headers":{"x-powered-by":"Express","accept-ranges":"bytes","cache-control":"public, max-age=0, immutable","last-modified":"Sat, 26 Oct 1985 08:15:00 GMT","etag":"W/\"8b45-7438674ba0\""},"statusCode":304,"responseTime":"2ms"},"msg":"","time":"2026-03-03T21:46:32.578Z","v":0}
{"name":"Log","hostname":"a275c7126250","pid":1,"level":30,"version":"6.19.4","req":{"meta":{"requestId":"78aa4437-8cd0-42aa-9deb-47b96d11bcdb","userId":null},"url":"/vendor-0e6161f8da2ad46cf62cef0a53cfb16a.js","method":"GET","originalUrl":"/ghost/assets/vendor-0e6161f8da2ad46cf62cef0a53cfb16a.js","params":{},"headers":{"host":"localhost:2368","connection":"keep-alive","sec-ch-ua-platform":"\"macOS\"","if-none-match":"W/\"19c867-7438674ba0\"","user-agent":"Mozilla/5.0 (Macintosh; Intel Mac OS X 10_15_7) AppleWebKit/537.36 (KHTML, like Gecko) Code/1.109.5 Chrome/142.0.7444.265 Electron/39.3.0 Safari/537.36","sec-ch-ua":"\"Not_A Brand\";v=\"99\", \"Chromium\";v=\"142\"","if-modified-since":"Sat, 26 Oct 1985 08:15:00 GMT","sec-ch-ua-mobile":"?0","accept":"*/*","sec-fetch-site":"same-origin","sec-fetch-mode":"no-cors","sec-fetch-dest":"script","referer":"http://localhost:2368/ghost/","accept-encoding":"gzip, deflate, br, zstd","accept-language":"en-US"},"query":{}},"res":{"_headers":{"x-powered-by":"Express","accept-ranges":"bytes","cache-control":"public, max-age=0, immutable","last-modified":"Sat, 26 Oct 1985 08:15:00 GMT","etag":"W/\"19c867-7438674ba0\""},"statusCode":304,"responseTime":"2ms"},"msg":"","time":"2026-03-03T21:46:32.581Z","v":0}
{"name":"Log","hostname":"a275c7126250","pid":1,"level":30,"version":"6.19.4","req":{"meta":{"requestId":"78146f18-75f9-4522-94db-a0cf132a8187","userId":null},"url":"/chunk.524.cf6acacc00bafe396672.js","method":"GET","originalUrl":"/ghost/assets/chunk.524.cf6acacc00bafe396672.js","params":{},"headers":{"host":"localhost:2368","connection":"keep-alive","sec-ch-ua-platform":"\"macOS\"","if-none-match":"W/\"2993-7438674ba0\"","user-agent":"Mozilla/5.0 (Macintosh; Intel Mac OS X 10_15_7) AppleWebKit/537.36 (KHTML, like Gecko) Code/1.109.5 Chrome/142.0.7444.265 Electron/39.3.0 Safari/537.36","sec-ch-ua":"\"Not_A Brand\";v=\"99\", \"Chromium\";v=\"142\"","if-modified-since":"Sat, 26 Oct 1985 08:15:00 GMT","sec-ch-ua-mobile":"?0","accept":"*/*","sec-fetch-site":"same-origin","sec-fetch-mode":"no-cors","sec-fetch-dest":"script","referer":"http://localhost:2368/ghost/","accept-encoding":"gzip, deflate, br, zstd","accept-language":"en-US"},"query":{}},"res":{"_headers":{"x-powered-by":"Express","accept-ranges":"bytes","cache-control":"public, max-age=0, immutable","last-modified":"Sat, 26 Oct 1985 08:15:00 GMT","etag":"W/\"2993-7438674ba0\""},"statusCode":304,"responseTime":"3ms"},"msg":"","time":"2026-03-03T21:46:32.585Z","v":0}
{"name":"Log","hostname":"a275c7126250","pid":1,"level":30,"version":"6.19.4","req":{"meta":{"requestId":"18b67dbf-e811-47ba-b3a3-aa2e57f17719","userId":null},"url":"/ghost-1627c2071621864e79a845529769ff19.css","method":"GET","originalUrl":"/ghost/assets/ghost-1627c2071621864e79a845529769ff19.css","params":{},"headers":{"host":"localhost:2368","connection":"keep-alive","sec-ch-ua-platform":"\"macOS\"","if-none-match":"W/\"7bba6-7438674ba0\"","user-agent":"Mozilla/5.0 (Macintosh; Intel Mac OS X 10_15_7) AppleWebKit/537.36 (KHTML, like Gecko) Code/1.109.5 Chrome/142.0.7444.265 Electron/39.3.0 Safari/537.36","sec-ch-ua":"\"Not_A Brand\";v=\"99\", \"Chromium\";v=\"142\"","if-modified-since":"Sat, 26 Oct 1985 08:15:00 GMT","sec-ch-ua-mobile":"?0","accept":"text/css,*/*;q=0.1","sec-fetch-site":"same-origin","sec-fetch-mode":"no-cors","sec-fetch-dest":"style","referer":"http://localhost:2368/ghost/","accept-encoding":"gzip, deflate, br, zstd","accept-language":"en-US"},"query":{}},"res":{"_headers":{"x-powered-by":"Express","accept-ranges":"bytes","cache-control":"public, max-age=0, immutable","last-modified":"Sat, 26 Oct 1985 08:15:00 GMT","etag":"W/\"7bba6-7438674ba0\""},"statusCode":304,"responseTime":"6ms"},"msg":"","time":"2026-03-03T21:46:32.586Z","v":0}
{"name":"Log","hostname":"a275c7126250","pid":1,"level":30,"version":"6.19.4","req":{"meta":{"requestId":"72b9a5a1-2987-4611-ae4e-76f3b0c3ee2e","userId":null},"url":"/index-B7OCQ0xp.js","method":"GET","originalUrl":"/ghost/assets/index-B7OCQ0xp.js","params":{},"headers":{"host":"localhost:2368","connection":"keep-alive","origin":"http://localhost:2368","sec-ch-ua-platform":"\"macOS\"","if-none-match":"W/\"1ec6ae-7438674ba0\"","user-agent":"Mozilla/5.0 (Macintosh; Intel Mac OS X 10_15_7) AppleWebKit/537.36 (KHTML, like Gecko) Code/1.109.5 Chrome/142.0.7444.265 Electron/39.3.0 Safari/537.36","sec-ch-ua":"\"Not_A Brand\";v=\"99\", \"Chromium\";v=\"142\"","if-modified-since":"Sat, 26 Oct 1985 08:15:00 GMT","sec-ch-ua-mobile":"?0","accept":"*/*","sec-fetch-site":"same-origin","sec-fetch-mode":"cors","sec-fetch-dest":"script","referer":"http://localhost:2368/ghost/","accept-encoding":"gzip, deflate, br, zstd","accept-language":"en-US"},"query":{}},"res":{"_headers":{"x-powered-by":"Express","accept-ranges":"bytes","cache-control":"public, max-age=0, immutable","last-modified":"Sat, 26 Oct 1985 08:15:00 GMT","etag":"W/\"1ec6ae-7438674ba0\""},"statusCode":304,"responseTime":"6ms"},"msg":"","time":"2026-03-03T21:46:32.588Z","v":0}
{"name":"Log","hostname":"a275c7126250","pid":1,"level":30,"version":"6.19.4","req":{"meta":{"requestId":"db5e7a57-b53c-442e-91b0-7e73f9e38f5c","userId":null},"url":"/ghost-eef6b29bd18fd35c3f9c885d64239a1d.js","method":"GET","originalUrl":"/ghost/assets/ghost-eef6b29bd18fd35c3f9c885d64239a1d.js","params":{},"headers":{"host":"localhost:2368","connection":"keep-alive","sec-ch-ua-platform":"\"macOS\"","if-none-match":"W/\"1c5488-7438674ba0\"","user-agent":"Mozilla/5.0 (Macintosh; Intel Mac OS X 10_15_7) AppleWebKit/537.36 (KHTML, like Gecko) Code/1.109.5 Chrome/142.0.7444.265 Electron/39.3.0 Safari/537.36","sec-ch-ua":"\"Not_A Brand\";v=\"99\", \"Chromium\";v=\"142\"","if-modified-since":"Sat, 26 Oct 1985 08:15:00 GMT","sec-ch-ua-mobile":"?0","accept":"*/*","sec-fetch-site":"same-origin","sec-fetch-mode":"no-cors","sec-fetch-dest":"script","referer":"http://localhost:2368/ghost/","accept-encoding":"gzip, deflate, br, zstd","accept-language":"en-US"},"query":{}},"res":{"_headers":{"x-powered-by":"Express","accept-ranges":"bytes","cache-control":"public, max-age=0, immutable","last-modified":"Sat, 26 Oct 1985 08:15:00 GMT","etag":"W/\"1c5488-7438674ba0\""},"statusCode":304,"responseTime":"2ms"},"msg":"","time":"2026-03-03T21:46:32.591Z","v":0}
{"name":"Log","hostname":"a275c7126250","pid":1,"level":30,"version":"6.19.4","req":{"meta":{"requestId":"bedb1b7e-685c-443a-8638-f103673b42f9","userId":null},"url":"/index-C8OO87PY.css","method":"GET","originalUrl":"/ghost/assets/index-C8OO87PY.css","params":{},"headers":{"host":"localhost:2368","connection":"keep-alive","origin":"http://localhost:2368","sec-ch-ua-platform":"\"macOS\"","if-none-match":"W/\"4173b-7438674ba0\"","user-agent":"Mozilla/5.0 (Macintosh; Intel Mac OS X 10_15_7) AppleWebKit/537.36 (KHTML, like Gecko) Code/1.109.5 Chrome/142.0.7444.265 Electron/39.3.0 Safari/537.36","sec-ch-ua":"\"Not_A Brand\";v=\"99\", \"Chromium\";v=\"142\"","if-modified-since":"Sat, 26 Oct 1985 08:15:00 GMT","sec-ch-ua-mobile":"?0","accept":"text/css,*/*;q=0.1","sec-fetch-site":"same-origin","sec-fetch-mode":"cors","sec-fetch-dest":"style","referer":"http://localhost:2368/ghost/","accept-encoding":"gzip, deflate, br, zstd","accept-language":"en-US"},"query":{}},"res":{"_headers":{"x-powered-by":"Express","accept-ranges":"bytes","cache-control":"public, max-age=0, immutable","last-modified":"Sat, 26 Oct 1985 08:15:00 GMT","etag":"W/\"4173b-7438674ba0\""},"statusCode":304,"responseTime":"2ms"},"msg":"","time":"2026-03-03T21:46:32.591Z","v":0}
{"name":"Log","hostname":"a275c7126250","pid":1,"level":30,"version":"6.19.4","req":{"meta":{"requestId":"750d9871-40a6-4f79-9241-47d76d37879a","userId":null},"url":"/logo-loader-88VPEpXE.mp4","method":"GET","originalUrl":"/ghost/assets/logo-loader-88VPEpXE.mp4","params":{},"headers":{"host":"localhost:2368","connection":"keep-alive","sec-ch-ua-platform":"\"macOS\"","accept-encoding":"identity;q=1, *;q=0","user-agent":"Mozilla/5.0 (Macintosh; Intel Mac OS X 10_15_7) AppleWebKit/537.36 (KHTML, like Gecko) Code/1.109.5 Chrome/142.0.7444.265 Electron/39.3.0 Safari/537.36","sec-ch-ua":"\"Not_A Brand\";v=\"99\", \"Chromium\";v=\"142\"","sec-ch-ua-mobile":"?0","accept":"*/*","sec-fetch-site":"same-origin","sec-fetch-mode":"no-cors","sec-fetch-dest":"video","referer":"http://localhost:2368/ghost/","accept-language":"en-US","range":"bytes=0-130953","if-none-match":"W/\"1ff8a-7438674ba0\"","if-modified-since":"Sat, 26 Oct 1985 08:15:00 GMT"},"query":{}},"res":{"_headers":{"x-powered-by":"Express","accept-ranges":"bytes","cache-control":"public, max-age=0, immutable","last-modified":"Sat, 26 Oct 1985 08:15:00 GMT","etag":"W/\"1ff8a-7438674ba0\""},"statusCode":304,"responseTime":"3ms"},"msg":"","time":"2026-03-03T21:46:32.592Z","v":0}
{"name":"Log","hostname":"a275c7126250","pid":1,"level":30,"version":"6.19.4","req":{"meta":{"requestId":"6740e34f-4801-4480-b4b5-87610ad7ccc0","userId":null},"url":"/chunk.518.fe803307e665ef63cfa5.js","method":"GET","originalUrl":"/ghost/assets/chunk.518.fe803307e665ef63cfa5.js","params":{},"headers":{"host":"localhost:2368","connection":"keep-alive","sec-ch-ua-platform":"\"macOS\"","if-none-match":"W/\"2d3ac2-7438674ba0\"","user-agent":"Mozilla/5.0 (Macintosh; Intel Mac OS X 10_15_7) AppleWebKit/537.36 (KHTML, like Gecko) Code/1.109.5 Chrome/142.0.7444.265 Electron/39.3.0 Safari/537.36","sec-ch-ua":"\"Not_A Brand\";v=\"99\", \"Chromium\";v=\"142\"","if-modified-since":"Sat, 26 Oct 1985 08:15:00 GMT","sec-ch-ua-mobile":"?0","accept":"*/*","sec-fetch-site":"same-origin","sec-fetch-mode":"no-cors","sec-fetch-dest":"script","referer":"http://localhost:2368/ghost/","accept-encoding":"gzip, deflate, br, zstd","accept-language":"en-US"},"query":{}},"res":{"_headers":{"x-powered-by":"Express","accept-ranges":"bytes","cache-control":"public, max-age=0, immutable","last-modified":"Sat, 26 Oct 1985 08:15:00 GMT","etag":"W/\"2d3ac2-7438674ba0\""},"statusCode":304,"responseTime":"5ms"},"msg":"","time":"2026-03-03T21:46:32.596Z","v":0}
{"name":"Log","hostname":"a275c7126250","pid":1,"level":50,"version":"6.19.4","req":{"meta":{"requestId":"ae626607-7ed7-4a2c-acb4-f3cafa8da3ed","userId":null},"url":"/users/me/?include=roles","method":"GET","originalUrl":"/ghost/api/admin/users/me/?include=roles","params":{},"headers":{"host":"localhost:2368","connection":"keep-alive","sec-ch-ua-platform":"\"macOS\"","sec-ch-ua":"\"Not_A Brand\";v=\"99\", \"Chromium\";v=\"142\"","app-pragma":"no-cache","sec-ch-ua-mobile":"?0","x-requested-with":"XMLHttpRequest","user-agent":"Mozilla/5.0 (Macintosh; Intel Mac OS X 10_15_7) AppleWebKit/537.36 (KHTML, like Gecko) Code/1.109.5 Chrome/142.0.7444.265 Electron/39.3.0 Safari/537.36","accept":"application/json, text/javascript, */*; q=0.01","content-type":"application/json; charset=UTF-8","sec-fetch-site":"same-origin","sec-fetch-mode":"cors","sec-fetch-dest":"empty","referer":"http://localhost:2368/ghost/","accept-encoding":"gzip, deflate, br, zstd","accept-language":"en-US"},"query":{"include":"roles"}},"res":{"_headers":{"x-powered-by":"Express","content-version":"v6.19","vary":"Accept-Version, Accept-Encoding","cache-control":"no-cache, private, no-store, must-revalidate, max-stale=0, post-check=0, pre-check=0","content-type":"application/json; charset=utf-8","content-length":"343","etag":"W/\"157-ba8MK62FTbK6Yk00LtDe5bbydVI\""},"statusCode":403,"responseTime":"5ms"},"err":{"id":"71a19670-174a-11f1-b432-61181747bab0","domain":"http://localhost:2368","code":null,"name":"NoPermissionError","statusCode":403,"level":"normal","message":"Authorization failed","context":"\"Unable to determine the authenticated user or integration. Check that cookies are being passed through if using session authentication.\"","stack":"NoPermissionError: Authorization failed\n    at authorizeAdminApi (/var/lib/ghost/versions/6.19.4/core/server/services/auth/authorize.js:33:25)\n    at Layer.handle [as handle_request] (/var/lib/ghost/versions/6.19.4/node_modules/express/lib/router/layer.js:95:5)\n    at next (/var/lib/ghost/versions/6.19.4/node_modules/express/lib/router/route.js:149:13)\n    at authenticate (/var/lib/ghost/versions/6.19.4/core/server/services/auth/session/middleware.js:55:13)\n    at process.processTicksAndRejections (node:internal/process/task_queues:105:5)","hideStack":false},"msg":"Authorization failed","time":"2026-03-03T21:46:32.668Z","v":0}
{"name":"Log","hostname":"a275c7126250","pid":1,"level":50,"version":"6.19.4","req":{"meta":{"requestId":"8b10ff5e-6c18-4158-a12a-97413183a9e1","userId":null},"url":"/settings/?group=site%2Ctheme%2Cprivate%2Cmembers%2Cportal%2Cnewsletter%2Cemail%2Clabs%2Cslack%2Cunsplash%2Cviews%2Cfirstpromoter%2Ceditor%2Ccomments%2Canalytics%2Cannouncement%2Cpintura%2Cdonations%2Csecurity%2Csocial_web%2Cexplore%2Ctransistor","method":"GET","originalUrl":"/ghost/api/admin/settings/?group=site%2Ctheme%2Cprivate%2Cmembers%2Cportal%2Cnewsletter%2Cemail%2Clabs%2Cslack%2Cunsplash%2Cviews%2Cfirstpromoter%2Ceditor%2Ccomments%2Canalytics%2Cannouncement%2Cpintura%2Cdonations%2Csecurity%2Csocial_web%2Cexplore%2Ctransistor","params":{},"headers":{"host":"localhost:2368","connection":"keep-alive","sec-ch-ua-platform":"\"macOS\"","user-agent":"Mozilla/5.0 (Macintosh; Intel Mac OS X 10_15_7) AppleWebKit/537.36 (KHTML, like Gecko) Code/1.109.5 Chrome/142.0.7444.265 Electron/39.3.0 Safari/537.36","sec-ch-ua":"\"Not_A Brand\";v=\"99\", \"Chromium\";v=\"142\"","app-pragma":"no-cache","sec-ch-ua-mobile":"?0","accept":"*/*","sec-fetch-site":"same-origin","sec-fetch-mode":"cors","sec-fetch-dest":"empty","referer":"http://localhost:2368/ghost/","accept-encoding":"gzip, deflate, br, zstd","accept-language":"en-US"},"query":{"group":"site,theme,private,members,portal,newsletter,email,labs,slack,unsplash,views,firstpromoter,editor,comments,analytics,announcement,pintura,donations,security,social_web,explore,transistor"}},"res":{"_headers":{"x-powered-by":"Express","content-version":"v6.19","vary":"Accept-Version, Accept-Encoding","cache-control":"no-cache, private, no-store, must-revalidate, max-stale=0, post-check=0, pre-check=0","content-type":"application/json; charset=utf-8","content-length":"343","etag":"W/\"157-Ok4zUfR33zZyFU7BWys+n5mE0gc\""},"statusCode":403,"responseTime":"3ms"},"err":{"id":"71a2a7e0-174a-11f1-b432-61181747bab0","domain":"http://localhost:2368","code":null,"name":"NoPermissionError","statusCode":403,"level":"normal","message":"Authorization failed","context":"\"Unable to determine the authenticated user or integration. Check that cookies are being passed through if using session authentication.\"","stack":"NoPermissionError: Authorization failed\n    at authorizeAdminApi (/var/lib/ghost/versions/6.19.4/core/server/services/auth/authorize.js:33:25)\n    at Layer.handle [as handle_request] (/var/lib/ghost/versions/6.19.4/node_modules/express/lib/router/layer.js:95:5)\n    at next (/var/lib/ghost/versions/6.19.4/node_modules/express/lib/router/route.js:149:13)\n    at authenticate (/var/lib/ghost/versions/6.19.4/core/server/services/auth/session/middleware.js:55:13)\n    at process.processTicksAndRejections (node:internal/process/task_queues:105:5)","hideStack":false},"msg":"Authorization failed","time":"2026-03-03T21:46:32.673Z","v":0}
{"name":"Log","hostname":"a275c7126250","pid":1,"level":50,"version":"6.19.4","req":{"meta":{"requestId":"ac8b2152-a058-460a-a837-07a716b416b0","userId":null},"url":"/users/me/?include=roles","method":"GET","originalUrl":"/ghost/api/admin/users/me/?include=roles","params":{},"headers":{"host":"localhost:2368","connection":"keep-alive","sec-ch-ua-platform":"\"macOS\"","user-agent":"Mozilla/5.0 (Macintosh; Intel Mac OS X 10_15_7) AppleWebKit/537.36 (KHTML, like Gecko) Code/1.109.5 Chrome/142.0.7444.265 Electron/39.3.0 Safari/537.36","sec-ch-ua":"\"Not_A Brand\";v=\"99\", \"Chromium\";v=\"142\"","app-pragma":"no-cache","sec-ch-ua-mobile":"?0","accept":"*/*","sec-fetch-site":"same-origin","sec-fetch-mode":"cors","sec-fetch-dest":"empty","referer":"http://localhost:2368/ghost/","accept-encoding":"gzip, deflate, br, zstd","accept-language":"en-US"},"query":{"include":"roles"}},"res":{"_headers":{"x-powered-by":"Express","content-version":"v6.19","vary":"Accept-Version, Accept-Encoding","cache-control":"no-cache, private, no-store, must-revalidate, max-stale=0, post-check=0, pre-check=0","content-type":"application/json; charset=utf-8","content-length":"343","etag":"W/\"157-qaOzzjxV5+gy+9K2hD6ENarpb1g\""},"statusCode":403,"responseTime":"2ms"},"err":{"id":"71a34420-174a-11f1-b432-61181747bab0","domain":"http://localhost:2368","code":null,"name":"NoPermissionError","statusCode":403,"level":"normal","message":"Authorization failed","context":"\"Unable to determine the authenticated user or integration. Check that cookies are being passed through if using session authentication.\"","stack":"NoPermissionError: Authorization failed\n    at authorizeAdminApi (/var/lib/ghost/versions/6.19.4/core/server/services/auth/authorize.js:33:25)\n    at Layer.handle [as handle_request] (/var/lib/ghost/versions/6.19.4/node_modules/express/lib/router/layer.js:95:5)\n    at next (/var/lib/ghost/versions/6.19.4/node_modules/express/lib/router/route.js:149:13)\n    at authenticate (/var/lib/ghost/versions/6.19.4/core/server/services/auth/session/middleware.js:55:13)\n    at process.processTicksAndRejections (node:internal/process/task_queues:105:5)","hideStack":false},"msg":"Authorization failed","time":"2026-03-03T21:46:32.676Z","v":0}
{"name":"Log","hostname":"a275c7126250","pid":1,"level":30,"version":"6.19.4","req":{"meta":{"requestId":"da42f498-17f4-4b06-8315-02e6c07b2c17","userId":null},"url":"/site/","method":"GET","originalUrl":"/ghost/api/admin/site/","params":{},"headers":{"host":"localhost:2368","connection":"keep-alive","sec-ch-ua-platform":"\"macOS\"","sec-ch-ua":"\"Not_A Brand\";v=\"99\", \"Chromium\";v=\"142\"","app-pragma":"no-cache","sec-ch-ua-mobile":"?0","x-requested-with":"XMLHttpRequest","user-agent":"Mozilla/5.0 (Macintosh; Intel Mac OS X 10_15_7) AppleWebKit/537.36 (KHTML, like Gecko) Code/1.109.5 Chrome/142.0.7444.265 Electron/39.3.0 Safari/537.36","accept":"application/json, text/javascript, */*; q=0.01","content-type":"application/json; charset=UTF-8","sec-fetch-site":"same-origin","sec-fetch-mode":"cors","sec-fetch-dest":"empty","referer":"http://localhost:2368/ghost/","accept-encoding":"gzip, deflate, br, zstd","accept-language":"en-US"},"query":{}},"res":{"_headers":{"x-powered-by":"Express","content-version":"v6.19","vary":"Accept-Version, Accept-Encoding","cache-control":"no-cache, private, no-store, must-revalidate, max-stale=0, post-check=0, pre-check=0","content-type":"application/json; charset=utf-8","content-length":"343","etag":"W/\"157-hgtaRemGZDkop9dMxlDl20/Txds\""},"statusCode":200,"responseTime":"1ms"},"msg":"","time":"2026-03-03T21:46:32.678Z","v":0}
{"name":"Log","hostname":"a275c7126250","pid":1,"level":30,"version":"6.19.4","req":{"meta":{"requestId":"82c517c8-38b5-49e8-8cc9-9d0ae81e244c","userId":null},"url":"/authentication/setup/","method":"GET","originalUrl":"/ghost/api/admin/authentication/setup/","params":{},"headers":{"host":"localhost:2368","connection":"keep-alive","sec-ch-ua-platform":"\"macOS\"","sec-ch-ua":"\"Not_A Brand\";v=\"99\", \"Chromium\";v=\"142\"","app-pragma":"no-cache","sec-ch-ua-mobile":"?0","x-requested-with":"XMLHttpRequest","user-agent":"Mozilla/5.0 (Macintosh; Intel Mac OS X 10_15_7) AppleWebKit/537.36 (KHTML, like Gecko) Code/1.109.5 Chrome/142.0.7444.265 Electron/39.3.0 Safari/537.36","accept":"application/json, text/javascript, */*; q=0.01","content-type":"application/json; charset=UTF-8","sec-fetch-site":"same-origin","sec-fetch-mode":"cors","sec-fetch-dest":"empty","referer":"http://localhost:2368/ghost/","accept-encoding":"gzip, deflate, br, zstd","accept-language":"en-US"},"query":{}},"res":{"_headers":{"x-powered-by":"Express","content-version":"v6.19","vary":"Accept-Version, Accept-Encoding","cache-control":"no-cache, private, no-store, must-revalidate, max-stale=0, post-check=0, pre-check=0","content-type":"application/json; charset=utf-8","content-length":"27","etag":"W/\"1b-06ef8FdrIIahUXEQyo6H3V0+dJg\""},"statusCode":200,"responseTime":"8ms"},"msg":"","time":"2026-03-03T21:46:32.689Z","v":0}
{"name":"Log","hostname":"a275c7126250","pid":1,"level":30,"version":"6.19.4","req":{"meta":{"requestId":"ab17de13-5459-448f-92ab-c39eafc38c99","userId":null},"url":"/authentication/setup/","method":"GET","originalUrl":"/ghost/api/admin/authentication/setup/","params":{},"headers":{"host":"localhost:2368","connection":"keep-alive","sec-ch-ua-platform":"\"macOS\"","sec-ch-ua":"\"Not_A Brand\";v=\"99\", \"Chromium\";v=\"142\"","app-pragma":"no-cache","sec-ch-ua-mobile":"?0","x-requested-with":"XMLHttpRequest","user-agent":"Mozilla/5.0 (Macintosh; Intel Mac OS X 10_15_7) AppleWebKit/537.36 (KHTML, like Gecko) Code/1.109.5 Chrome/142.0.7444.265 Electron/39.3.0 Safari/537.36","accept":"application/json, text/javascript, */*; q=0.01","content-type":"application/json; charset=UTF-8","sec-fetch-site":"same-origin","sec-fetch-mode":"cors","sec-fetch-dest":"empty","referer":"http://localhost:2368/ghost/","accept-encoding":"gzip, deflate, br, zstd","accept-language":"en-US"},"query":{}},"res":{"_headers":{"x-powered-by":"Express","content-version":"v6.19","vary":"Accept-Version, Accept-Encoding","cache-control":"no-cache, private, no-store, must-revalidate, max-stale=0, post-check=0, pre-check=0","content-type":"application/json; charset=utf-8","content-length":"27","etag":"W/\"1b-06ef8FdrIIahUXEQyo6H3V0+dJg\""},"statusCode":200,"responseTime":"6ms"},"msg":"","time":"2026-03-03T21:46:32.697Z","v":0}
